district_id,city_id,region_id,local_seq,name_ar,name_en,center_lat,center_lon,bbox_min_lon,bbox_min_lat,bbox_max_lon,bbox_max_lat
10100003001,3,1,1,حي العمل,Al Amal Dist.,24.644898,46.7235761,46.7150945,24.6402305,46.7337432,24.651219
10100003002,3,1,2,حي النموذجية,Al Namudhajiyah Dist.,24.6556866,46.6964474,46.6849828,24.6461686,46.7022758,24.6682084
10100003003,3,1,3,حي الجرادية,Al Jarradiyah Dist.,24.6188315,46.6959938,46.6913662,24.6101069,46.7068046,24.6273127
10100003004,3,1,4,حي الصناعية,Al Sinaiyah Dist.,24.6464929,46.7415315,46.7331478,24.6302006,46.7619112,24.6541399
10100003005,3,1,5,حي منفوحة الجديدة,Manfuha Al Jadidah Dist.,24.613353,46.7163326,46.7100206,24.6058056,46.7283183,24.6209303
10100003006,3,1,6,حي الفاخرية,Al Fakhiriyah Dist.,24.6447758,46.6863245,46.6723669,24.6337627,46.6932291,24.6501825
10100003007,3,1,7,حي الديرة,Al Dirah Dist.,24.6324519,46.7128093,46.7038596,24.6227667,46.7177951,24.6383869
10100003008,3,1,8,حي ام الحمام الشرقي,East Umm Al Hamam Dist.,24.6844464,46.6595452,46.6495393,24.674415,46.669004,24.7019003
10100003009,3,1,9,حي الشرفية,Al Sharafiyah Dist.,24.6618025,46.6652072,46.6586467,24.6492816,46.6787216,24.6714845
10100003010,3,1,10,حي الهدا,Al Hada Dist.,24.6597282,46.6353327,46.604454,24.6409061,46.6666751,24.6869041
10100003011,3,1,11,حي المعذر الشمالي,North Mathar Dist.,24.6836397,46.6681568,46.6540982,24.6748836,46.6783913,24.7084
10100003012,3,1,12,حي ام الحمام الغربي,West Umm Al Hamam Dist.,24.6869032,46.6482692,46.629779,24.6745317,46.6570559,24.7044039
10100003013,3,1,13,حي الرحمانية,Ar Rahmaniyah Dist.,24.7127752,46.659213,46.6468526,24.7044039,46.6719854,24.7277768
10100003014,3,1,14,حي لبن,Laban Dist.,24.6227308,46.6198164,46.5633343,24.6035747,46.6511545,24.657334
10100003015,3,1,15,حي الرفيعة,Ar Rafiah Dist.,24.6354616,46.6596785,46.6438291,24.6251832,46.6769174,24.6504817
10100003016,3,1,16,حي الشهداء,Al Shohda Dist.,24.7886097,46.7330487,46.7223096,24.7761665,46.7485505,24.8001717
10100003017,3,1,17,حي الملك فهد,King Fahd Dist.,24.7391766,46.6669466,46.6555602,24.7277686,46.6851746,24.7534579
10100003018,3,1,18,حي السويدي,Al Suwaidi Dist.,24.5981456,46.6824737,46.6527813,24.5768841,46.7065983,24.6046691
10100003019,3,1,19,حي الحزم,Al Hazm Dist.,24.545986,46.6417431,46.6218869,24.5170353,46.6706169,24.5597873
10100003020,3,1,20,حي عتيقة,Utayqah Dist.,24.6013251,46.7070294,46.7030426,24.5859427,46.7118552,24.617295
10100003021,3,1,21,حي المربع,Al Murabba Dist.,24.6626897,46.7071328,46.6958194,24.6443925,46.7182111,24.681376
10100003022,3,1,22,حي الفلاح,Al Falah Dist.,24.7995986,46.7105251,46.6961102,24.7850428,46.7223096,24.8090413
10100003023,3,1,23,حي الندى,Al Nada Dist.,24.8092534,46.6828264,46.6698428,24.793869,46.6961102,24.8178239
10100003024,3,1,24,حي المرسلات,Al Mursalat Dist.,24.7461285,46.6914843,46.6766947,24.7366893,46.7031057,24.7610399
10100003025,3,1,25,حي النزهة,Al Nuzha Dist.,24.7570312,46.7075981,46.6946817,24.7442428,46.7211159,24.7686129
10100003026,3,1,26,حي الورود,Al Woroud Dist.,24.7186712,46.6780172,46.664038,24.7120634,46.6929423,24.7366893
10100003027,3,1,27,حي الملك فيصل,King Faisal Dist.,24.7655678,46.7736346,46.7591149,24.7470305,46.7902282,24.7763425
10100003028,3,1,28,المدينة الصناعية الثانية,2nd Industrial City,24.5451504,46.9088217,46.8496668,24.5026987,46.9465969,24.5860564
10100003029,3,1,29,حي العزيزية,Al Aziziyah Dist.,24.5963032,46.7760516,46.7373026,24.5613808,46.8088207,24.6123632
10100003030,3,1,30,حي المنصورة,Al Mansurah Dist.,24.6092112,46.7511257,46.7283183,24.5942758,46.7653964,24.6219912
10100003031,3,1,31,حي غبيرة,Ghobairah Dist.,24.6230006,46.7385768,46.7253697,24.6109021,46.7473852,24.6302006
10100003032,3,1,32,حي الفاروق,Al Farooq Dist.,24.6532625,46.7695203,46.7545487,24.6406196,46.7919736,24.6669147
10100003033,3,1,33,حي الفيصلية,Al Faisaliyah Dist.,24.6268467,46.7836193,46.7599987,24.6152504,46.8033664,24.6534972
10100003034,3,1,34,حي الخالدية,Al Khalidiyah Dist.,24.6210147,46.7547324,46.7391827,24.6123632,46.7674531,24.6342299
10100003035,3,1,35,حي الجزيرة,Al Jazeerah Dist.,24.6711124,46.7850545,46.7775708,24.6432646,46.8152771,24.6860798
10100003036,3,1,36,حي السعادة,Al Saadah Dist.,24.6959956,46.8434697,46.816747,24.6775996,46.8565094,24.7175828
10100003037,3,1,37,حي الناصرية,Al Nasiriyah Dist.,24.6488635,46.6845323,46.6699382,24.642845,46.6901229,24.6609085
10100003038,3,1,38,حي المناخ,Al Manakh Dist.,24.6141854,46.7985779,46.7653964,24.5874055,46.8483436,24.6304489
10100003039,3,1,39,حي الدفاع,Al Difaa Dist.,24.5850871,46.8355578,46.8088207,24.5735912,46.8560085,24.5984349
10100003040,3,1,40,حي النور,Al Noor Dist.,24.6185231,46.8168247,46.7970851,24.6117077,46.8349713,24.6518167
10100003041,3,1,41,حي الملك عبدالله,King Abdullah Dist.,24.7299621,46.7397549,46.7211159,24.7050481,46.7617496,24.7598204
10100003042,3,1,42,حي الواحة,Al Wahah Dist.,24.7377478,46.717342,46.7031057,24.729041,46.7257984,24.751867
10100003043,3,1,43,حي صلاح الدين,Salahuddin Dist.,24.7281738,46.6978404,46.6851746,24.7213248,46.7088626,24.7442428
10100003044,3,1,44,حي الملك عبدالعزيز,King Abdulaziz Dist.,24.7216671,46.729306,46.6928555,24.6924025,46.7465869,24.7495892
10100003045,3,1,45,حي الوزارات,Al Wizarat Dist.,24.6787432,46.7125078,46.7079874,24.6659057,46.7184613,24.6924025
10100003046,3,1,46,حي سكيرينة,Skirinah Dist.,24.6172558,46.7160957,46.7143165,24.6122821,46.7211756,24.6205113
10100003047,3,1,47,حي الربوة,Ar Rabwah Dist.,24.6886042,46.7544246,46.7314989,24.6730326,46.7775708,24.714498
10100003048,3,1,48,حي جرير,Jareer Dist.,24.675562,46.7476863,46.7408822,24.6661264,46.7603922,24.6883052
10100003049,3,1,49,حي المعذر,Al Mathar Dist.,24.6715209,46.6675109,46.6525386,24.65656,46.6849828,24.6755291
10100003050,3,1,50,حي الصالحية,As Salhiyah Dist.,24.6324958,46.733477,46.728806,24.6290822,46.7391827,24.6396528
10100003051,3,1,51,حي الملز,Al Malaz Dist.,24.6644795,46.7350012,46.7161527,24.6469029,46.7545487,24.6817731
10100003052,3,1,52,حي منفوحة,Manfuhah Dist.,24.593628,46.7286506,46.7195338,24.5879931,46.7373026,24.6109021
10100003053,3,1,53,حي عليشة,Olaishah Dist.,24.6299622,46.6856381,46.6752379,24.6252697,46.6929331,24.6414334
10100003054,3,1,54,حي النهضة,Al Nahdah Dist.,24.7604911,46.8198013,46.7902282,24.7399559,46.8413237,24.7811213
10100003055,3,1,55,حي الخليج,Al Khaleej Dist.,24.7777597,46.7953081,46.7764961,24.7567575,46.8294717,24.7967574
10100003056,3,1,56,حي الضباط,Al Dhubbat Dist.,24.6764362,46.7245572,46.718043,24.666434,46.7290642,24.6935688
10100003057,3,1,57,حي السويدي الغربي,West Suwaidi Dist.,24.5673062,46.627484,46.6050421,24.5602412,46.6444387,24.5886051
10100003058,3,1,58,حي ديراب,Dirab Dist.,24.5205193,46.6110359,46.5933497,24.4840678,46.645116,24.5378378
10100003059,3,1,59,حي احد,Ohod Dist.,24.4817742,46.636459,46.6147321,24.4721685,46.6552655,24.5076732
10100003060,3,1,60,حي نمار,Namar Dist.,24.5719734,46.6793048,46.6521186,24.5516434,46.705298,24.5862579
10100003061,3,1,61,حي الشفا,Al Shifa Dist.,24.5742146,46.7101572,46.674722,24.5440304,46.7224425,24.586145
10100003062,3,1,62,حي المحمدية,Al Muhammadiyah Dist.,24.7284057,46.6434431,46.6336679,24.7205099,46.6640339,24.7445465
10100003063,3,1,63,حي السليمانية,Al Sulaimaniyah Dist.,24.6982627,46.7053247,46.6819476,24.6754743,46.718043,24.7213194
10100003064,3,1,64,حي المروة,Al Marwah Dist.,24.5364322,46.6789772,46.6588125,24.5252053,46.6926671,24.556433
10100003065,3,1,65,حي عكاظ,Okaz Dist.,24.4978328,46.6713005,46.6363327,24.489065,46.6935022,24.5373037
10100003066,3,1,66,حي شبرا,Shubra Dist.,24.5769419,46.6714856,46.6416281,24.5611036,46.6944618,24.5965084
10100003067,3,1,67,حي الزهرة,Al Zahrah Dist.,24.579126,46.6498292,46.6302738,24.5649378,46.6612308,24.5923675
10100003068,3,1,68,حي صياح,Siyah Dist.,24.6064454,46.7016812,46.6955667,24.6018575,46.7070492,24.6142099
10100003069,3,1,69,حي سلطانة,Sultanah Dist.,24.6072098,46.6875975,46.6743654,24.5955254,46.6995302,24.6171995
10100003070,3,1,70,حي اليمامة,Al Yamamah Dist.,24.5932358,46.7166479,46.7068404,24.5850897,46.7249955,24.6072349
10100003071,3,1,71,حي البديعة,Al Badiah Dist.,24.6151733,46.6767382,46.6689589,24.6058984,46.6928294,24.6264618
10100003072,3,1,72,حي المصانع,Al Masani Dist.,24.5557877,46.7415355,46.7109024,24.5104512,46.7773124,24.5942758
10100003073,3,1,73,حي القادسية,Al Qadisiyah Dist.,24.8288956,46.8354005,46.7978472,24.8000248,46.8500791,24.8394362
10100003074,3,1,74,حي الصفا,Al Safa Dist.,24.671641,46.7645536,46.7482849,24.6541399,46.784617,24.679582
10100003075,3,1,75,حي العليا,Al Olaya Dist.,24.6867047,46.6873459,46.6635668,24.6682084,46.7034186,24.7164656
10100003076,3,1,76,حي الدريهمية,Al Duraihemiyah Dist.,24.5892797,46.6964041,46.6853563,24.582813,46.705298,24.5961291
10100003077,3,1,77,حي الاسكان,Al Iskan Dist.,24.5815846,46.8554621,46.8265004,24.5587529,46.8690022,24.5891071
10100003078,3,1,78,حي السلام,Al Salam Dist.,24.7047278,46.8077844,46.7947366,24.6928164,46.8276632,24.7227223
10100003079,3,1,79,حي المنار,Al Manar Dist.,24.7219427,46.7971879,46.7833467,24.7125851,46.8111902,24.7381421
10100003080,3,1,80,حي النسيم الشرقي,East Naseem Dist.,24.7388513,46.8547552,46.820256,24.7131706,46.8697534,24.7648491
10100003081,3,1,81,حي القدس,Al Quds Dist.,24.754557,46.7505925,46.7388479,24.7400478,46.7699793,24.7676901
10100003082,3,1,82,حي الوادي,Al Wadi Dist.,24.7854406,46.6940185,46.6781164,24.7774809,46.7043518,24.8014069
10100003083,3,1,83,حي النفل,Al Nafel Dist.,24.7799757,46.6706091,46.6602144,24.7698991,46.6863835,24.793869
10100003084,3,1,84,حي المصيف,Al Maseef Dist.,24.7625691,46.6793599,46.6683758,24.7534579,46.6946817,24.7774809
10100003085,3,1,85,حي التعاون,Al Taawun Dist.,24.7778721,46.6979538,46.6863835,24.7610399,46.7126571,24.7850428
10100003086,3,1,86,حي الازدهار,Al Ezdihar Dist.,24.7810499,46.7222678,46.7043518,24.7686129,46.7305947,24.7925973
10100003087,3,1,87,حي الاندلس,Al Andalus Dist.,24.7396437,46.7856245,46.7745191,24.7302063,46.8026971,24.7567575
10100003088,3,1,88,حي الروضة,Al Rawdah Dist.,24.736141,46.7732779,46.7488175,24.714498,46.7870113,24.7531573
10100003089,3,1,89,حي الروابي,Al Rawabi Dist.,24.6940606,46.7885573,46.7734793,24.679582,46.8095533,24.7125851
10100003090,3,1,90,حي الريان,Al Rayan Dist.,24.7076264,46.7745421,46.7617496,24.6946937,46.7947366,24.7279281
10100003091,3,1,91,حي ظهرة البديعة,Dhahrat Al Badeah Dist.,24.6032728,46.6674505,46.6226813,24.5804274,46.6792088,24.6137992
10100003092,3,1,92,حي النظيم,Al Nadheem Dist.,24.8767744,46.9918182,46.8727325,24.7731337,47.0623348,24.9530759
10100003093,3,1,93,حي الرماية,Al Rimayah Dist.,24.7731169,46.8671739,46.8413237,24.7442702,46.9059726,24.7965885
10100003094,3,1,94,حي البرية,Al Bariyah Dist.,24.5638206,46.9693524,46.8692136,24.4980976,47.0069275,24.5964942
10100003095,3,1,95,حي طيبة,Taybah Dist.,24.5456876,46.8358698,46.7959402,24.5098789,46.8652075,24.5735912
10100003096,3,1,96,حي المنصورية,Mansuriyah Dist.,24.5093556,46.7891279,46.76913,24.4823872,46.8338932,24.5552321
10100003097,3,1,97,حي ضاحية نمار,Dahiyat Namar Dist.,24.5122259,46.5280907,46.4129439,24.4409405,46.6270095,24.5512814
10100003098,3,1,98,حي المصفاة,Al Misfat Dist.,24.473761,46.9218172,46.821212,24.410228,47.0045672,24.5487912
10100003099,3,1,99,حي السفارات,Assafarat Dist.,24.6776119,46.6197793,46.6035887,24.6568316,46.6395157,24.7039114
10100003100,3,1,100,خشم العان,Khashm Al An,24.6857032,46.9179884,46.8552995,24.5939989,46.9599748,24.7635015
10100003101,3,1,101,حي قرطبة,Qurtubah Dist.,24.8166311,46.7227647,46.7135632,24.7925973,46.7580301,24.8400657
10100003102,3,1,102,حي طويق,Tuwaiq Dist.,24.5539674,46.5125426,46.4378171,24.5244788,46.5954979,24.6115623
10100003103,3,1,103,حي العوالي,Al Awaly Dist.,24.5517669,46.6103479,46.5795187,24.5425867,46.6556899,24.5769379
10100003104,3,1,104,حي الربيع,Ar Rabie Dist.,24.7922881,46.6531445,46.6432328,24.7791483,46.6781164,24.8102649
10100003105,3,1,105,حي المغرزات,Al Mughrazat Dist.,24.7644079,46.7314612,46.7126571,24.751867,46.7388479,24.7761665
10100003106,3,1,106,حي السلي,Al Sulay Dist.,24.6674549,46.8566705,46.8062491,24.6169021,46.8993453,24.6912153
10100003107,3,1,107,حي العقيق,Al Aqeeq Dist.,24.7722158,46.6356087,46.6127147,24.7534362,46.6472499,24.7937834
10100003108,3,1,108,حي النخيل,Al Nakheel Dist.,24.7383084,46.6135253,46.590427,24.7238384,46.6555653,24.7610005
10100003109,3,1,109,حي الغدير,Al Ghadeer Dist.,24.7732175,46.6536619,46.640799,24.7610005,46.6683758,24.7862828
10100003110,3,1,110,حي المروج,Al Muruj Dist.,24.7562114,46.6595164,46.6472499,24.7445567,46.6766947,24.7698991
10100003111,3,1,111,حي العود,Al Oud Dist.,24.6269211,46.7273382,46.7173404,24.617631,46.7354061,24.6357412
10100003112,3,1,112,حي ثليم,Thulaim Dist.,24.6404541,46.7273584,46.7177951,24.6379259,46.7365964,24.6447014
10100003113,3,1,113,حي الشميسي,Al Shumaisi Dist.,24.6256007,46.6988478,46.6922276,24.617295,46.706552,24.6310238
10100003114,3,1,114,حي الوشام,Al Wisham Dist.,24.6455231,46.6994053,46.6926968,24.6370236,46.7038596,24.6501837
10100003115,3,1,115,منتزه سلام,Salam Park,24.6210474,46.7092981,46.7058058,24.6169014,46.7111882,24.6262593
10100003116,3,1,116,حي الدوبية,Al Dubiyah Dist.,24.6203871,46.7117806,46.7100206,24.6169771,46.7143165,24.6266249
10100003117,3,1,117,حي معكال,Meakal Dist.,24.6232606,46.7140406,46.7118762,24.6189451,46.7176121,24.6270908
10100003118,3,1,118,حي جبرة,Jabrah Dist.,24.6247549,46.7195887,46.7147985,24.6208231,46.7238815,24.6300038
10100003119,3,1,119,حي القرى,Al Qura Dist.,24.6280824,46.715419,46.7139585,24.626892,46.7173286,24.629446
10100003120,3,1,120,حي المرقب,Al Marqab Dist.,24.6352653,46.7213051,46.7163893,24.6300038,46.7365964,24.6397983
10100003121,3,1,121,حي الفوطة,Al Futah Dist.,24.6410606,46.7126779,46.703015,24.6377056,46.7179018,24.6466355
10100003122,3,1,122,حي ام سليم,Umm Saleem Dist.,24.6326161,46.6985104,46.6923395,24.6297992,46.7047048,24.6377056
10100003123,3,1,123,حي الصحافة,Al Sahafah Dist.,24.7948298,46.6386248,46.6223904,24.7737204,46.6529144,24.8191229
10100003125,3,1,125,حي الرائد,Al Raed Dist.,24.7087631,46.6389974,46.6231925,24.6941887,46.6540982,24.7205099
10100003126,3,1,126,حي العريجاء الغربي,West Oraija Dist.,24.6106775,46.6071806,46.5730605,24.572921,46.6267565,24.622641
10100003127,3,1,127,حي العريجاء,Al Uraija Dist.,24.6233986,46.659012,46.6397166,24.615933,46.6731305,24.6359404
10100003128,3,1,128,حي العريجاء الوسطى,Middle Oraija Dist.,24.6154112,46.6407355,46.6121788,24.5907642,46.6695246,24.6207903
10100003129,3,1,129,حي الحمراء,Al Hamra Dist.,24.7732456,46.7578944,46.7305947,24.7598204,46.7764961,24.7912039
10100003130,3,1,130,حي الدار البيضاء,Al Dar Al Baida Dist.,24.5757222,46.8057315,46.7580625,24.5425311,46.8265004,24.5874055
10100003131,3,1,131,حي البطيحا,Al Butaiha Dist.,24.6222285,46.7191596,46.7178608,24.620577,46.7223576,24.6231597
10100003132,3,1,132,حي الزهراء,Al Zahra Dist.,24.6874848,46.7322585,46.7232044,24.6788412,46.7408822,24.6952769
10100003133,3,1,133,حي الفيحاء,Al Fayha Dist.,24.6830685,46.8137632,46.7959926,24.6678675,46.8270313,24.6958981
10100003134,3,1,134,حي المؤتمرات,Al Mutamarat Dist.,24.6734462,46.6833445,46.6781232,24.6609085,46.6958194,24.6788098
10100003135,3,1,135,حي الوسيطاء,Al Wusayta Dist.,24.6244565,46.7159917,46.7128484,24.6205113,46.7187992,24.6278715
10100003136,3,1,136,حي الجنادرية,Al Janadriyah Dist.,24.8836285,46.9110349,46.845856,24.78721,47.0030587,24.9449896
10100003137,3,1,137,حي اشبيلية,Ishbiliyah Dist.,24.7843206,46.7851726,46.7662999,24.7763425,46.8180683,24.8092612
10100003138,3,1,138,حي المعيزلة,Al Maizalah Dist.,24.7925495,46.8490897,46.8156713,24.7648491,46.8597457,24.818473
10100003139,3,1,139,حي اليرموك,Al Yarmuk Dist.,24.8064258,46.7812749,46.7580301,24.7912039,46.8089283,24.8244627
10100003140,3,1,140,حي المونسية,Al Munisiyah Dist.,24.8270406,46.7666591,46.7415953,24.8076607,46.7939266,24.8577476
10100003141,3,1,141,حي الخزامى,Al Khuzama Dist.,24.7042106,46.6085926,46.5912107,24.6929735,46.6277615,24.7266067
10100003142,3,1,142,عرقة,Irqah,24.6913676,46.5978927,46.557218,24.6704033,46.6173324,24.709811
10100003143,3,1,143,حي ظهرة لبن,Dhahrat Laban Dist.,24.6254363,46.5251334,46.4563291,24.5975843,46.604454,24.6635057
10100003144,3,1,144,حي حطين,Hiteen Dist.,24.7601812,46.5907455,46.5725074,24.7363495,46.6293312,24.7862242
10100003145,3,1,145,حي الملقا,Al Malqa Dist.,24.79452,46.5855139,46.5648021,24.7749323,46.630674,24.8265831
10100003146,3,1,146,حي القيروان,Al Qairawan Dist.,24.8571538,46.5486026,46.4964017,24.7968408,46.6141125,24.9500595
10100003147,3,1,147,حي الياسمين,Al Yasmeen Dist.,24.8169074,46.6449825,46.6141125,24.8027082,46.6698428,24.8430643
10100003148,3,1,148,حي العارض,Al Arid Dist.,24.9184415,46.5861373,46.5515297,24.8265831,46.6532866,24.9700057
10100003149,3,1,149,مطار الملك خالد,King Khalid International Airport,24.9589219,46.7034428,46.5953331,24.819359,46.8047159,25.0124437
10100003150,3,1,150,حي النرجس,Al Narjis Dist.,24.8618476,46.6619277,46.5892192,24.8102649,46.7011824,24.9793076
10100003151,3,1,151,جامعة الامام محمد بن سعود الاسلامية,Imam Muhammed Bin Saud Islamic University,24.819961,46.706895,46.6877848,24.8014069,46.7219231,24.8309205
10100003152,3,1,152,حي بنبان,Banban Dist.,25.0241628,46.5246655,46.4667466,24.9136276,46.6116205,25.0562941
10100003153,3,1,153,حي الرمال,Al Rimal Dist.,24.9676784,46.7798198,46.6675258,24.8228129,46.8511381,25.1049953
10100003155,3,1,155,حي غرناطة,Ghirnatah Dist.,24.7991975,46.7528712,46.740288,24.7837418,46.7662999,24.8076607
10100003156,3,1,156,حي الدحو,Al Dahou Dist.,24.6300107,46.7136188,46.7121178,24.6278715,46.7162546,24.6311572
10100003157,3,1,157,حي العماجية,Al Ammajiyah Dist.,24.4415642,46.9794626,46.9721465,24.436731,46.9835022,24.4461818
10100003158,3,1,158,حي هيت,Hyt Dist.,24.4871031,46.9861182,46.935456,24.4389097,47.0243871,24.5179406
10100003159,3,1,159,حي الحائر,Al Haer Dist.,24.410431,46.8643727,46.7979521,24.3423127,46.9783577,24.4877634
10100003161,3,1,161,حي ام الشعال,Umm Al Shaal Dist.,24.3521016,46.9583649,46.9414666,24.3223483,46.9786465,24.4055343
10100003162,3,1,162,حي الغنامية,Al Ghannamiyah Dist.,24.472593,46.7993225,46.7897156,24.4551051,46.8522027,24.4969852
10100003163,3,1,163,حي عريض,Oraid Dist.,24.4547743,46.7244085,46.6104748,24.3761669,46.8313921,24.5028134
10100003164,3,1,164,حي بدر,Badr Dist.,24.5160995,46.7370343,46.6774768,24.4945915,46.7842751,24.5711106
10100003165,3,1,165,حي المهدية,Al Mahdiyah Dist.,24.6550325,46.5214883,46.4671308,24.6182276,46.6058119,24.6759979
10100003166,3,1,166,جامعة الملك سعود,King Saud University,24.7233336,46.6259825,46.6021096,24.7039144,46.6468526,24.7440949
10100003167,3,1,167,حي النسيم الغربي,West Naseem Dist.,24.7255339,46.8248296,46.7997786,24.7004254,46.8482258,24.7508657
10100003168,3,1,168,حي المشاعل,Al Mishael Dist.,24.6058461,46.8743264,46.8240624,24.5859368,46.9133576,24.6458584
10100003169,3,1,169,حي الندوة,Al Nadwah Dist.,24.7891227,46.8753312,46.8616152,24.7816704,46.8892355,24.8067803
10100003171,3,1,171,حي الرابية,Al Rabiyah Dist.,24.9903649,46.9510615,46.8731621,24.925867,47.0258456,25.0108535
10100003172,3,1,172,حي وادي لبن,Wady Laban Dist.,24.5856175,46.4962791,46.4303468,24.5420627,46.5705259,24.6193836
10100003174,3,1,174,حي السدرة,Al Sidrah Dist.,24.448373,46.8797698,46.8743778,24.4445546,46.886478,24.4540201
10100003175,3,1,175,حي التضامن,Al Tadamun Dist.,25.1220562,47.0700959,47.0479091,25.079526,47.1266754,25.1687546
10100003176,3,1,176,مدينة الملك عبدالله للطاقة,King Abdullah City For Energy,24.5425378,46.3948792,46.3163751,24.5233515,46.443333,24.6027403
10100003177,3,1,177,حي البساتين,Al Basatin Dist.,25.118287,47.2011101,47.1045561,25.0881595,47.289644,25.1679168
10100003178,3,1,178,حي الرحاب,Al Rehab Dist.,25.1038942,47.270776,47.2391028,25.0706645,47.301323,25.1169753
10100003179,3,1,179,حي المجد,Al Majd Dist.,25.0512877,47.286409,47.249724,25.0402906,47.3121327,25.0876591
10100003180,3,1,180,حي الدانة,Al Danah Dist.,25.0858909,47.2287463,47.2111771,25.0605682,47.249724,25.1038307
10100003182,3,1,182,حي الرسالة,Al Risalah Dist.,25.0379991,47.2394671,47.2189447,25.0264564,47.2607384,25.0706645
10100003183,3,1,183,حي الخير,Al Khair Dist.,25.0472846,46.4434704,46.3737924,25.0159684,46.4821471,25.09787
10100003184,3,1,184,حي الفرسان,Al Fursan Dist.,25.0058477,47.1764226,47.1292308,24.9819959,47.2306493,25.0264564
10100003185,3,1,185,حي الشعلة,Al Sholah Dist.,25.0736431,47.1366545,47.0983562,25.0443752,47.1814803,25.0981025
10100003186,3,1,186,حي الراية,Al Rayah Dist.,25.0271375,47.2046022,47.1814803,25.0231774,47.2253975,25.0605682
10100003187,3,1,187,حي الزهور,Al Zahour Dist.,25.0830674,47.1991718,47.1810825,25.0535049,47.2189447,25.1016111
10100003188,3,1,188,حي الزاهر,Al Zaher Dist.,25.0461912,47.0408701,47.0234564,25.0054576,47.1126764,25.0893947
10100003189,3,1,189,حي المرجان,Al Marjan Dist.,24.947181,46.8734756,46.8406307,24.8920284,46.9119114,24.9709114
10100003190,3,1,190,حي البيان,Al Bayan Dist.,24.8652945,46.8650802,46.8431488,24.8394362,46.8845155,24.9052406
10100003191,3,1,191,حي العلا,Al Ula Dist.,25.0042711,47.1385794,47.0801775,24.9864901,47.194589,25.0535049
10100003192,3,1,192,حي المشرق,Al Mashriq Dist.,24.9611507,47.0317244,47.0167261,24.9448319,47.0859769,25.0196443
10100003193,3,1,193,حي النخبة,Al Nakhbah Dist.,25.0233402,47.2838514,47.2253975,24.9901246,47.3247233,25.0607441
10100003194,3,1,194,حي السحاب,Al Sahab Dist.,24.9424571,46.9863767,46.9111517,24.9111386,47.0210527,24.9672737
10100003195,3,1,195,حي الوسام,Al Wasam Dist.,24.8978572,46.9036246,46.8674909,24.8859034,46.9278708,24.9255964
10100024001,24,1,1,حي المرقب,Al Marqab Dist.,25.9085263,45.3332892,45.3285474,25.8970813,45.3452619,25.9160168
10100024002,24,1,2,حي اليرموك,Al Yarmuk Dist.,25.9159853,45.3596177,45.3504667,25.9094807,45.3664823,25.9253428
10100024003,24,1,3,حي الفيحاء,Al Fayha Dist.,25.9046204,45.3509664,45.3452619,25.8945539,45.3589563,25.9139322
10100024004,24,1,4,حي الملك فهد,King Fahd Dist.,25.9030985,45.3481841,45.3362436,25.8893642,45.3530011,25.9107231
10100024005,24,1,5,حي الملك سلمان,King Salman Dist.,25.892105,45.3595609,45.3513358,25.8825122,45.3712501,25.8988208
10100024006,24,1,6,حي الملك عبدالعزيز,King Abdulaziz Dist.,25.9026447,45.358709,45.3540635,25.8954252,45.372181,25.916158
10100024007,24,1,7,حي الاندلس,Al Andalus Dist.,25.9186877,45.3695711,45.3632981,25.9116005,45.380997,25.9301111
10100024008,24,1,8,حي المطار,Al Matar Dist.,25.9160717,45.3788835,45.372181,25.9069384,45.3900418,25.9255137
10100024009,24,1,9,حي الملك عبدالله,King Abdullah Dist.,25.907634,45.3883904,45.3788238,25.897817,45.4001002,25.9207635
10100024011,24,1,11,المنطقة الصناعية,Industrial Area,25.8755333,45.3923662,45.3814123,25.8687458,45.4074425,25.8836147
10100024012,24,1,12,حي الجامعيين,Al Jamiyin Dist.,25.9040452,45.3738318,45.3663478,25.8976817,45.3812697,25.9116005
10100024013,24,1,13,حي المروج,Al Muruj Dist.,25.8995469,45.3688611,45.3639066,25.8958875,45.3711199,25.9025915
10100024014,24,1,14,حي المستقبل,Al Mustaqbal Dist.,25.9064316,45.4043957,45.3888005,25.888631,45.4220218,25.9221726
10100153002,153,1,2,حي البصيرة,Al Basirah Dist.,25.9457556,45.3594273,45.3553128,25.9407993,45.3669853,25.9522396
10100153003,153,1,3,حي الروضة,Ar Rawdah Dist.,25.9473331,45.352946,45.3443233,25.9406811,45.356407,25.956809
10100153004,153,1,4,حي الرفيعة,Ar Rafiah Dist.,25.9230356,45.3331718,45.3200363,25.9172075,45.336812,25.9325713
10100162001,162,1,1,حي البلد القديمة,Al Balad Al Qadimah Dist.,25.6764346,45.4719387,45.4646005,25.668549,45.4852193,25.6793726
10100162002,162,1,2,حي الملك فهد,King Fahd Dist.,25.7078775,45.4722135,45.4632025,25.7000446,45.4785501,25.7178469
10100162003,162,1,3,حي السمرية,Al Samriyah Dist.,25.6734815,45.4499005,45.4432858,25.6655117,45.4584083,25.678046
10100162004,162,1,4,حي القري,Al Qari Dist.,25.6931375,45.4625712,45.4586002,25.6876879,45.4715637,25.700318
10100162005,162,1,5,حي الصناعية,Industrial Dist.,25.7038658,45.4579347,45.4501118,25.6959302,45.4676469,25.7156482
10100162006,162,1,6,حي الملك فيصل,King Faisal Dist.,25.7137696,45.464469,45.4533501,25.7057731,45.4745155,25.7272355
10100162007,162,1,7,حي المرقب,Al Marqab Dist.,25.6812927,45.4723588,45.4607755,25.678615,45.4849492,25.6926222
10100162008,162,1,8,حي شراف,Shiraf Dist.,25.7012003,45.4544798,45.4465397,25.6927168,45.4586002,25.7119573
10100162009,162,1,9,حي النموذجية,An Namudhajiyah Dist.,25.6837768,45.4495096,45.4451638,25.6753429,45.455083,25.6926067
10100162010,162,1,10,حي الجزر,Al Jazur Dist.,25.6994512,45.4482354,45.4444931,25.6905754,45.4540205,25.709461
10100162011,162,1,11,حي الصناعية الجديدة,New Industrial Dist.,25.7063726,45.5224498,45.5110957,25.6971046,45.5304963,25.7146304
10100162012,162,1,12,حي الشعيبة,Al Shuaibah Dist.,25.6741642,45.4618233,45.455083,25.6668178,45.4711266,25.6770381
10100162013,162,1,13,حي الوسطة,Al Wusta Dist.,25.6828114,45.4597702,45.452265,25.6744752,45.4718066,25.6886731
10100162014,162,1,14,حي الشمالية,Al Shamalia Dist.,25.6882213,45.4569079,45.4511297,25.6857701,45.4628937,25.6959302
10100165001,165,1,1,حي الياسمين,Al Yasmin Dist.,25.6073403,45.6258056,45.6129245,25.6024961,45.6328376,25.6226118
10100165002,165,1,2,حي الشبيلية,Ash Shibilyah Dist.,25.600987,45.6452467,45.6418244,25.5927915,45.6632461,25.608638
10100165003,165,1,3,حي العزيزية,Al Aziziyah Dist.,25.597138,45.6136233,45.6097171,25.5947691,45.6189555,25.600333
10100165004,165,1,4,حي الربعة,Ar Rabah Dist.,25.6026924,45.6086078,45.6040106,25.5981653,45.6120484,25.6064777
10100165005,165,1,5,حي الدوائر الحكومية,Goverment Departments Dist.,25.5866201,45.6567137,45.6361778,25.5780181,45.6728809,25.5984686
10100165006,165,1,6,حي القادسية,Al Qadisiyah Dist.,25.59309,45.6272794,45.6184609,25.5873252,45.6387492,25.5987812
10100165007,165,1,7,حي بدر,Badr Dist.,25.5976532,45.6325543,45.6231398,25.5911796,45.6436061,25.6042804
10100165008,165,1,8,حي الشفا,Ash Shifa Dist.,25.5894994,45.621439,45.6147966,25.5819156,45.6263284,25.5953457
10100165009,165,1,9,حي النزهة,An Nuzhah Dist.,25.5809605,45.6662622,45.6566232,25.5767217,45.6778118,25.5867694
10100165010,165,1,10,حي المصيف,Al Masif Dist.,25.5753252,45.6594525,45.6573768,25.5690391,45.6628305,25.5772275
10100165011,165,1,11,حي الحلة الطالعية,Al Halah At Taliyah Dist.,25.5943841,45.6139708,45.6098142,25.5918791,45.6166659,25.5967594
10100165012,165,1,12,حي الفتح,Al Fath Dist.,25.5866796,45.6321183,45.6281037,25.5844083,45.6380746,25.5903655
10100165013,165,1,13,حي النخيل,Al Nakhil Dist.,25.5624595,45.663455,45.6534575,25.5581308,45.6719659,25.5701713
10100165014,165,1,14,حي المروج,Al Muruj Dist.,25.6078089,45.6351006,45.6269428,25.5982557,45.6439456,25.6185513
10100165015,165,1,15,حي اليرموك,Al Yarmuk Dist.,25.6173043,45.6460048,45.6363368,25.6063997,45.6531693,25.6274226
10100165016,165,1,16,حي النهضة,An Nahdah Dist.,25.6019343,45.6167443,45.6121241,25.5958615,45.6259586,25.6071951
10100165017,165,1,17,حي الزهور,Az Zuhur Dist.,25.5645104,45.6493431,45.6410875,25.5557601,45.6571074,25.5734851
10100167001,167,1,1,مدينة سدير للصناعة والأعمال,Sudair Industrial And Business City,25.716823,45.6962326,45.5433574,25.6123206,45.8297683,25.823779
10100167002,167,1,2,حي الملك عبدالله,King Abdullah Dist.,25.700312,45.8943643,45.8881616,25.6929833,45.903946,25.7062404
10100167003,167,1,3,حي الملك سعود,King Saud Dist.,25.6960697,45.8906373,45.8858959,25.6928471,45.8945222,25.6997485
10100167004,167,1,4,حي النهضة,An Nahdah Dist.,25.6929898,45.8849849,45.8809388,25.6887865,45.8908303,25.6960821
10100167005,167,1,5,حي الملك فهد,King Fahd Dist.,25.6956553,45.8801672,45.873971,25.6923128,45.8848903,25.6989946
10100167006,167,1,6,حي الخالدية,Al Khalidiyah Dist.,25.6997315,45.880356,45.8721954,25.6944549,45.8881616,25.7025763
10100167007,167,1,7,حي الخليج,Al Khalij Dist.,25.7032967,45.8797615,45.8734605,25.7005547,45.8843278,25.7082338
10100167008,167,1,8,حي منتزه,Muntazah Dist.,25.7015827,45.8846868,45.8807819,25.6997485,45.8896586,25.704692
10100167010,167,1,10,حي العزيزية,Al Aziziyah Dist.,25.7119449,45.8632838,45.854083,25.7086967,45.866618,25.7178777
10100167011,167,1,11,حي الملك فيصل,King Faisal Dist.,25.7188978,45.8586456,45.8482149,25.7136192,45.8645272,25.7236912
10100167012,167,1,12,حي الياسمين,Al Yasmin Dist.,25.7221232,45.859765,45.8527937,25.7196898,45.8657008,25.7267102
10100167013,167,1,13,حي الروضة,Ar Rawdah Dist.,25.7302684,45.8672676,45.8610443,25.7230707,45.8733217,25.7340725
10100167014,167,1,14,حي اليرموك,Al Yarmuk Dist.,25.7121195,45.8856071,45.8809508,25.7062867,45.8906349,25.7147027
10100167015,167,1,15,حي الملك عبدالعزيز,King Abdulaziz Dist.,25.7238276,45.847348,45.8372631,25.7117012,45.854083,25.7296578
10100167016,167,1,16,حي صناعية تمير,Tumair Industrial Dist.,25.744506,45.8392855,45.8355883,25.7396234,45.841848,25.7491986
10100168001,168,1,1,حي سلطانة,Sultanah Dist.,26.4983496,45.3444641,45.3402246,26.490046,45.3528473,26.5096453
10100168002,168,1,2,حي الفيحاء,Al Fayha Dist.,26.4935135,45.3601862,45.3528473,26.4875633,45.3695218,26.5002171
10100168003,168,1,3,حي الروضه,Ar Rawdah Dist.,26.4608517,45.360097,45.35567,26.4340817,45.3645489,26.4777771
10100168004,168,1,4,حي السعاده,Al Saadah Dist.,26.4859585,45.3461295,45.3318741,26.4756695,45.359598,26.4957661
10100168005,168,1,5,حي النهضه,Al Nahdah Dist.,26.561799,45.3384611,45.3308567,26.5468021,45.3433084,26.5943031
10100168006,168,1,6,حي الورود,Al Wurud Dist.,26.5354225,45.3442146,45.3384015,26.5221502,45.3480102,26.5473044
10100168007,168,1,7,حي الأندلس,Al Andalus Dist.,26.5068557,45.332003,45.3247329,26.4957583,45.3394041,26.5151822
10100168008,168,1,8,حي الفيصلية,Al Faisaliyah Dist.,26.5030949,45.3616567,45.3498822,26.4957661,45.3717705,26.5089171
10100168009,168,1,9,حي المصيف,Al Masif Dist.,26.5174767,45.357419,45.346803,26.5075934,45.3698354,26.5265705
10100168010,168,1,10,حي الخليج,Al Khalij Dist.,26.5094112,45.3381393,45.3280602,26.5023456,45.3498822,26.5216805
10100168011,168,1,11,حي النخيل,Al Nakhil Dist.,26.4933003,45.3403953,45.3329512,26.4823491,45.3439082,26.5037247
10100168012,168,1,12,حي الغدير,Al Ghadir Dist.,26.5340135,45.3402927,45.3366573,26.5201938,45.3465857,26.5472728
10100270001,270,1,1,حي حطين,Hiteen Dist.,26.328632,44.8752724,44.8641765,26.3194632,44.8836308,26.3367025
10100270002,270,1,2,حي قرطبة,Qurtubah Dist.,26.3208496,44.8387522,44.8342406,26.3127595,44.8488697,26.3299001
10100270003,270,1,3,حي الفيصلية,Al Faisaliyah Dist.,26.2916506,44.7898665,44.7788414,26.2873196,44.8015541,26.2943158
10100270004,270,1,4,حي العزيزية,Al Aziziyah Dist.,26.3019075,44.8044616,44.7971731,26.2928104,44.8151447,26.3124475
10100270005,270,1,5,حي القدس,Al Quds Dist.,26.2965528,44.7969575,44.7889469,26.292377,44.8037915,26.303378
10100270006,270,1,6,حي الخالدية,Al Khalidiyah Dist.,26.2924981,44.8155563,44.8063736,26.2857661,44.8242084,26.2996515
10100270007,270,1,7,حي الروضة,Ar Rawdah Dist.,26.2784491,44.8158622,44.8102287,26.2690641,44.8247885,26.287888
10100270008,270,1,8,حي الربوة,Ar Rabwah Dist.,26.3169317,44.8791122,44.8695992,26.3105207,44.8884997,26.3245129
10100270009,270,1,9,حي الريان,Ar Riyan Dist.,26.3072927,44.8828341,44.8735061,26.2995489,44.8922922,26.3135313
10100270010,270,1,10,حي النهضة,An Nahdah Dist.,26.2969105,44.8880754,44.8782099,26.2872686,44.8976742,26.3045179
10100270011,270,1,11,حي مرخ,Margh  Dist.,26.285999,44.8927515,44.883617,26.2792721,44.901218,26.2923279
10100270012,270,1,12,حي الصناعية,As Sinaiyah Dist.,26.2966674,44.872905,44.8639011,26.2825962,44.884249,26.3105209
10100270013,270,1,13,حي بدر,Badr Dist.,26.3162172,44.8630413,44.8487054,26.3100049,44.8735038,26.3260222
10100270014,270,1,14,حي احد,Uhd Dist.,26.3051593,44.8599965,44.8479273,26.2946474,44.8675647,26.3101747
10100270015,270,1,15,حي طويق,Tuwik Dist.,26.3128275,44.8528639,44.8438757,26.3080456,44.8605024,26.319308
10100270016,270,1,16,حي الفاروق,Al Farouq Dist.,26.301941,44.8206377,44.8116921,26.290934,44.8303927,26.3132758
10100270017,270,1,17,حي الصديق,As Sediq Dist.,26.3007015,44.8230607,44.8151448,26.2909341,44.8350833,26.3062309
10100270018,270,1,18,حي اليرموك,Al Yarmok Dist.,26.3150252,44.8150691,44.8061846,26.3046321,44.8245281,26.3219009
10100270020,270,1,20,حي اليمامة,Al Yamamah Dist.,26.3125008,44.7994494,44.7902859,26.303378,44.8029754,26.3208552
10100270021,270,1,21,حي علقة,Alkah Dist.,26.3393693,44.7852793,44.7759068,26.3330473,44.7930062,26.3463243
10100270022,270,1,22,حي الدرعية,Al Deriyah Dist.,26.3505453,44.782955,44.7780188,26.3436275,44.7914455,26.3574155
10100270023,270,1,23,حي المنتزة,Al Muntazah Dist.,26.3389588,44.8705195,44.8606484,26.3317372,44.8782474,26.3447199
10100270024,270,1,24,حي الاندلس,Al Andalus Dist.,26.2978698,44.840564,44.8303188,26.2892596,44.8532315,26.3059668
10100270025,270,1,25,حي سمنان,Semnan Dist.,26.2879849,44.8386802,44.8213377,26.279095,44.8615738,26.300058
10100270026,270,1,26,حي السلام,As Salam Dist.,26.316533,44.8302767,44.8174469,26.304851,44.8385037,26.3311145
10100270027,270,1,27,حي السيح,As Sieh Dist.,26.3175568,44.8042158,44.8003795,26.3065049,44.8174435,26.3352394
10100270028,270,1,28,حي عريعرة,Urierah Dist.,26.3300577,44.819324,44.8064511,26.3219009,44.8274104,26.3401448
10100270029,270,1,29,حي الورود,Al Wurud Dist.,26.3382459,44.8821818,44.8747371,26.3306484,44.8925452,26.3491629
10100270030,270,1,30,حي الملك عبدالله,King Abdullah Dist.,26.3247801,44.793819,44.7816202,26.3151024,44.8016735,26.3365193
10100270031,270,1,31,حي الواحة,Al Wahah Dist.,26.2506174,44.8283679,44.8172078,26.2470297,44.8321349,26.2527614
10100270032,270,1,32,حي الازدهار,Al Izdihar Dist.,26.2621722,44.8124525,44.8088469,26.2581792,44.8150193,26.2653549
10100270033,270,1,33,حي الحمراء,Al Hamra Dist.,26.349657,44.8056225,44.7960702,26.3426892,44.8125442,26.3607913
10100270034,270,1,34,حي اشبيليا,Ishbiliya Dist.,26.3435156,44.825451,44.8149428,26.3331836,44.8341158,26.3519953
10100270035,270,1,35,حي غرناطة,Ghirnatah Dist.,26.3457822,44.8500914,44.8443631,26.3422917,44.8571534,26.3509966
10100270036,270,1,36,حي الياسمين,Al Yasmin Dist.,26.3227137,44.8911198,44.8808782,26.3135752,44.9008968,26.3347766
10100270037,270,1,37,حي الربيع,Ar Rabie Dist.,26.2979246,44.9021401,44.8932289,26.2842989,44.9155263,26.3066811
10100270038,270,1,38,حي السعادة,As Saadah Dist.,26.2772221,44.9020856,44.8871373,26.2611973,44.911797,26.2835498
10100270039,270,1,39,حي النور,An Nur Dist.,26.2578991,44.9154452,44.8950729,26.2482249,44.919345,26.2671376
10100270040,270,1,40,حي الخزامى,Al Khuzama Dist.,26.3110634,44.9081212,44.9009274,26.2990113,44.9242235,26.3184585
10100270041,270,1,41,حي النفل,An Naql Dist.,26.2834308,44.8724031,44.8660427,26.2779913,44.8757935,26.2886557
10100270042,270,1,42,حي الخليج,Al Khalij Dist.,26.3030912,44.7887918,44.7759998,26.2921483,44.7971698,26.3177243
10100270043,270,1,43,حي الفردوس,Al Fardus Dist.,26.3242108,44.7824998,44.7744681,26.3155653,44.7888444,26.334999
10100270044,270,1,44,حي المنار,Al Manar Dist.,26.3398065,44.8018403,44.7894061,26.3333999,44.8143594,26.3471899
10100270045,270,1,45,حي القادسية,Al Qadisiyah Dist.,26.3306094,44.8563051,44.8441237,26.3196953,44.8667015,26.3446476
10100270046,270,1,46,حي الندى,An Nada Dist.,26.310738,44.8980724,44.8883471,26.3023923,44.9060041,26.3162856
10100270047,270,1,47,حي الفروسية,Al Frosyah Dist.,26.325958,44.9009013,44.8910516,26.3162149,44.916317,26.3418519
10100270048,270,1,48,حي السيح,As Sieh Dist.,26.3072867,44.8038246,44.8038035,26.3072629,44.8038669,26.3073343
10100270049,270,1,49,الجوى,Al Jawa,26.4437964,44.7078966,44.695585,26.4155247,44.7178669,26.4459621
10100270050,270,1,50,حي الملك سلمان,King Salman Dist.,26.2777746,44.8357137,44.8245856,26.2680703,44.8478516,26.2858509
10100306001,306,1,1,حي الورود,Al Wurud Dist.,26.0268564,44.9531594,44.9489038,26.0234646,44.9581333,26.0302533
10100306002,306,1,2,حي الزهور,Az Zuhur Dist.,26.0299688,44.9438173,44.9402989,26.02626,44.9470614,26.0363078
10100306003,306,1,3,حي الاندلس,Al Andalus Dist.,26.02065,44.9442163,44.9407931,26.0166662,44.9486017,26.0241228
10100306004,306,1,4,حي الربيع,Ar Rabie Dist.,26.037277,44.934565,44.9316362,26.0298964,44.9375478,26.0424868
10100306005,306,1,5,حي المصيف,Al Masiaf Dist.,26.0392722,44.9388591,44.9363543,26.0356808,44.9446014,26.0431894
10100306006,306,1,6,حي الياسمين,Al Yasmin Dist.,26.0301965,44.9377198,44.93293,26.0262752,44.9412627,26.0359485
10100306007,306,1,7,حي الخزامى,Al Khuzama Dist.,26.0252915,44.9471763,44.9429283,26.0214793,44.9512569,26.0301249
10100306008,306,1,8,حي غرناطة,Ghirnatah Dist.,26.0190814,44.9519499,44.946658,26.0162288,44.9555429,26.0219803
10100306009,306,1,9,حي الغدير,Al Ghadir Dist.,26.0234123,44.9524231,44.9494228,26.0208515,44.9569711,26.0255622
10100306010,306,1,10,حي الصناعية,As Sinaiyah Dist.,26.0219377,44.9693992,44.9673115,26.020287,44.9708266,26.0246981
10100306011,306,1,11,حي النفل,An Naql Dist.,26.022884,44.965169,44.9611612,26.0203378,44.96875,26.0275723
10100306012,306,1,12,حي البستان,Al Bustan Dist.,26.0256487,44.9597486,44.9569711,26.022093,44.9630427,26.0296472
10100306013,306,1,13,حي النخيل,Al Nakhil Dist.,26.0314522,44.9501499,44.9470554,26.0273545,44.9535975,26.0351528
10100306014,306,1,14,حي المروج,Al Muruj Dist.,26.0296661,44.9550601,44.9517298,26.0271104,44.9589385,26.0332563
10100418001,418,1,1,حي شمال الاذاعة,Al Idhaah North Dist.,23.8660668,42.8935649,42.8860818,23.8592033,42.8967104,23.8716344
10100418002,418,1,2,حي المعارض,Al Maarid Dist.,23.8771,42.8983021,42.888587,23.8693245,42.9044057,23.8887471
10100418003,418,1,3,حي الاذاعة,Al Idhaah Dist.,23.8705632,42.898696,42.8903141,23.8511982,42.9126574,23.8813844
10100418004,418,1,4,حي الملك فهد,King Fahd Dist.,23.8927693,42.9043022,42.8952685,23.8855321,42.9102728,23.901454
10100418005,418,1,5,حي الملز,Al Malaz Dist.,23.8870711,42.9098893,42.902417,23.8772459,42.9204956,23.8977781
10100418006,418,1,6,حي الاصفر,Al Asfar Dist.,23.9018169,42.909299,42.9011648,23.8977781,42.913313,23.907911
10100418007,418,1,7,حي الحجاج,Al Hujjaj Dist.,23.930016,42.9494994,42.9456136,23.9256344,42.9537863,23.9346698
10100418008,418,1,8,حي المهنيين,Al Mihaniyin Dist.,23.9304198,42.9541694,42.9486681,23.9265869,42.9571365,23.9321284
10100418009,418,1,9,حي النهضة,An Nahdah Dist.,23.8991696,42.8940415,42.8878353,23.8891841,42.9047337,23.9115105
10100418010,418,1,10,حي الملك فيصل,King Faisal  Dist.,23.901269,42.915763,42.9102728,23.893677,42.9217702,23.9082789
10100418011,418,1,11,حي الصالحية,As Salhiyah Dist.,23.8989195,42.9233133,42.9185824,23.8930496,42.9282425,23.905167
10100418012,418,1,12,حي العود,Al Uud Dist.,23.9171163,42.9277532,42.9213121,23.9121684,42.9369374,23.9206291
10100418013,418,1,13,حي المنفوحة,Al Manfuhah Dist.,23.9088724,42.9206566,42.9161586,23.9039773,42.9262207,23.9125786
10100418014,418,1,14,حي الصناعية,As Sinaiyah Dist.,23.9204688,42.9236671,42.9206644,23.9165332,42.925029,23.9316337
10100418015,418,1,15,حي الخزان,Al Khazzan Dist.,23.9126766,42.9311821,42.9225082,23.905167,42.9372774,23.9179165
10100418016,418,1,16,حي الملك خالد,King Khalid  Dist.,23.9105851,42.9169287,42.9042912,23.9041503,42.9215184,23.9176427
10100418017,418,1,17,حي السليمانية,As Sulaymaniyah Dist.,23.922701,42.9167517,42.9078484,23.9148991,42.9212615,23.9317864
10100418018,418,1,18,الجامعية,Al Jamieyah,24.472094,42.1668771,42.1535193,24.460933,42.1861727,24.487677
10100443001,443,1,1,حي الديرة القديمة,Ad Dirah Al Qadimah Dist.,25.296143,45.8682429,45.8662753,25.2933997,45.8720205,25.2999696
10100443002,443,1,2,حي الخالدية,Al Khalidiyah Dist.,25.2859063,45.8634211,45.8600611,25.2810388,45.8682831,25.2911176
10100443003,443,1,3,حي العزيزية,Al Aziziyah Dist.,25.2753172,45.8628313,45.8608387,25.271244,45.8667253,25.2809982
10100443004,443,1,4,حي الفيصلية,Al Faisaliyah Dist.,25.2816845,45.8590023,45.8550309,25.2780288,45.865179,25.2866404
10100443005,443,1,5,حي الجنادرية,Al Janadriyah Dist.,25.2700452,45.863214,45.8601176,25.2657614,45.8675297,25.2717837
10100500001,500,1,1,المنطقة الصناعية,Industrial Area,25.2559347,45.2779894,45.2732436,25.2498479,45.2825726,25.2648169
10100500002,500,1,2,حي غسلة,Gaslah Dist.,25.2229947,45.2922129,45.2887878,25.2199914,45.2949511,25.2261831
10100500003,500,1,3,حي الوقف,Al Wakf Dist.,25.2216843,45.2741657,45.2720559,25.2181576,45.2783921,25.2243331
10100500004,500,1,4,حي الشفاء,Ash Shifa Dist.,25.2302907,45.2485676,45.238217,25.2216044,45.2653064,25.240766
10100500005,500,1,5,حي الملك فهد,King Fahd Dist.,25.2469531,45.2492713,45.2401492,25.2409426,45.2557544,25.2507964
10100500006,500,1,6,حي الروضة,Ar Rawdah Dist.,25.2423509,45.2546561,45.2436818,25.2365635,45.2583319,25.247679
10100500007,500,1,7,حي النسيم,Al Naseem Dist.,25.2558629,45.2622206,45.2591079,25.2512551,45.2641342,25.2573703
10100500008,500,1,8,حي الوشم,Al Washm Dist.,25.2496527,45.2579475,45.2554548,25.2437583,45.2617687,25.2540096
10100500009,500,1,9,حي الرحبة,Al Rehab Dist.,25.2560331,45.2322375,45.2211118,25.2450423,45.240258,25.2590606
10100574001,574,1,1,حي الخالدية,Al Khalidiyah Dist.,25.3009399,45.5158099,45.5123918,25.2969126,45.5234317,25.3055263
10100574002,574,1,2,حي العزيزية,Al Aziziyah Dist.,25.297924,45.5283236,45.5212181,25.2908749,45.5347555,25.3019058
10100574003,574,1,3,حي الياسمين,Al Yasmin Dist.,25.2919634,45.5359627,45.5319017,25.2866556,45.5456424,25.2968255
10100574004,574,1,4,حي النزهة,An Nuzhah Dist.,25.2909384,45.5282643,45.5228024,25.2879783,45.5333732,25.2948879
10100574005,574,1,5,حي الصناعية,As Sinaiyah Dist.,25.2959691,45.4899717,45.4849088,25.2906251,45.4944148,25.3011363
10100574006,574,1,6,حي الديرة,Ad Dirah Dist.,25.2966313,45.5061838,45.5032763,25.2943715,45.5088416,25.3007584
10100574007,574,1,7,حي الفيصلية,Al Faisaliyah Dist.,25.2988855,45.5389837,45.5315673,25.293828,45.5453636,25.3029826
10100574008,574,1,8,حي الشرفية,Ash Sharafiyah Dist.,25.2945796,45.514523,45.5120697,25.2912669,45.5165814,25.2971489
10100574009,574,1,9,حي النهضة,An Nahdah Dist.,25.2960743,45.518931,45.5137294,25.291802,45.5302816,25.3016103
10100574010,574,1,10,حي الشفا,Ash Shifa Dist.,25.2886717,45.5269687,45.5183544,25.2837051,45.5347541,25.2938527
10100669001,669,1,1,حي مشرفة,Mishrifah Dist.,24.4715967,44.3575689,44.3507992,24.4541566,44.3708315,24.4831267
10100669002,669,1,2,حي النزهة,An Nuzhah Dist.,24.5475161,44.4495681,44.4387047,24.5372929,44.4637739,24.5540739
10100669003,669,1,3,حي حطين,Hiteen Dist.,24.5383459,44.4295176,44.4160736,24.5343331,44.4375584,24.5523476
10100669004,669,1,4,حي الملك فهد,King Fahd Dist.,24.5395313,44.4209502,44.410338,24.5275302,44.4309074,24.5447823
10100669005,669,1,5,حي الحرمين,Al Haramain Dist.,24.5156185,44.4055863,44.4014642,24.513014,44.4191874,24.5240836
10100669006,669,1,6,حي السلام,As Salam Dist.,24.5146733,44.4012687,44.3828425,24.5027722,44.4052567,24.5185768
10100669007,669,1,7,حي الخليج,Al Khalij  Dist.,24.4948611,44.3737539,44.3711285,24.4917277,44.3762283,24.4962113
10100669008,669,1,8,حي الديرة,Ad Dirah Dist.,24.4947564,44.3777325,44.3745498,24.4929038,44.3907975,24.5027722
10100669009,669,1,9,حي الروضة,Ar Rawdah Dist.,24.4948454,44.3712907,44.3639017,24.4908615,44.3745498,24.4995353
10100669010,669,1,10,حي الفيصلية,Al Faisaliyah Dist.,24.4994455,44.3734645,44.3711134,24.4962113,44.3867887,24.5087586
10100669011,669,1,11,حي بدر,Badr Dist.,24.5355253,44.4081849,44.404606,24.5273879,44.4222638,24.5388502
10100669012,669,1,12,حي الربوة,Ar Rabwah Dist.,24.5644406,44.4791919,44.4579184,24.5558177,44.4969482,24.5836402
10100669013,669,1,13,حي النهضة,An Nahdah Dist.,24.5188041,44.4232979,44.4110151,24.5130761,44.4284071,24.5269044
10100669014,669,1,14,حي القدس,Al Quds Dist.,24.5125862,44.4051842,44.3867887,24.4994225,44.4131396,24.516269
10100669015,669,1,15,حي الصناعية,As Sinaiyah Dist.,24.5057967,44.3677247,44.3388268,24.4979799,44.3724357,24.519347
10100669016,669,1,16,حي الخالدية,Al Khalidiyah Dist.,24.5081322,44.3723245,44.3646831,24.5016205,44.4014642,24.528259
10100669017,669,1,17,حي العزيزية,Al Aziziyah Dist.,24.5254564,44.4124938,44.3948103,24.5185768,44.424376,24.5337056
10100669018,669,1,18,حي الريان,Ar Rayan Dist.,24.5485872,44.4494655,44.4233156,24.5408356,44.4641049,24.5716386
10100669019,669,1,19,حي السنبلة,As Sunbulah Dist.,24.4834212,44.3547407,44.3377299,24.476813,44.3669671,24.505443
10100669020,669,1,20,حي الدرع,Ad Dar Dist.,24.5378642,44.4345829,44.424376,24.5272793,44.4411308,24.5414834
10100669021,669,1,21,منطقة الاستراحات,Rest House Area,24.5091695,44.4208657,44.3890131,24.467857,44.4406463,24.5173372
10100669022,669,1,22,حي مصده,Musaddah Dist.,24.5284781,44.2748644,44.2603683,24.5157243,44.289328,24.5453134
10100684001,684,1,1,حي الشمالي,Al Shamali Dist.,25.0227511,43.8176621,43.814623,25.0198543,43.8202294,25.0247279
10100684002,684,1,2,حى الخزان,Al Khazzan Dist.,25.0200609,43.8242074,43.8190158,25.0143165,43.8334917,25.0277297
10100684003,684,1,3,حي السعادة,As Saadah Dist.,25.0062645,43.8258521,43.819774,25.0005981,43.8309555,25.0107943
10100684004,684,1,4,حي الشفاء,Ash Shifa Dist.,25.0094897,43.8157997,43.8147246,25.0056671,43.8195188,25.0125151
10100684005,684,1,5,حي النهضة,An Nahdah Dist.,25.0163494,43.8222488,43.8157007,25.0107871,43.8280301,25.0215184
10100684006,684,1,6,حي العزيزية,Al Aziziyah Dist.,25.013108,43.8312745,43.8269517,25.0083407,43.8383374,25.0163435
10100684007,684,1,7,حي الفيحاء,Al Fayha Dist.,25.0171586,43.8144174,43.8122349,25.0123693,43.8178454,25.0217226
10100684008,684,1,8,حي الشهداء,Ash Shuhada Dist.,25.0094811,43.8227235,43.8176491,25.0056008,43.8269489,25.0131284
10100701001,701,1,1,حي الصناعية,Al Sinaiyah Dist.,24.3199637,43.7999508,43.793813,24.3169874,43.8058012,24.3285081
10100701002,701,1,2,حي فيضة الفوازين,Faydat Al Fawazin Dist.,24.3390193,43.755549,43.7489414,24.3310564,43.7579161,24.3455891
10100701003,701,1,3,حي التسعين,Al Teseen Dist.,24.304417,43.7273409,43.7121016,24.2950357,43.7334221,24.3086784
10100701004,701,1,4,حي الذيابية,Al Diyabiyah Dist.,24.2791804,43.7343224,43.7199934,24.2701642,43.7421992,24.2823455
10100701005,701,1,5,حي برزان,Barzan Dist.,24.31428,43.7810711,43.7697199,24.3094989,43.7869538,24.3228494
10100701006,701,1,6,حي الياسمين,Al Yasmin Dist.,24.3186954,43.7911179,43.7838573,24.3140999,43.7969068,24.3258384
10100701007,701,1,7,حي العقيشية,Al Aqishiyah Dist.,24.3242812,43.7123424,43.7080896,24.310016,43.7259711,24.3284923
10100701008,701,1,8,حي البلد,Al Balad Dist.,24.286492,43.733839,43.7198803,24.2789323,43.7408858,24.2972477
10100701009,701,1,9,حي الملك فهد,King Fahd Dist.,24.3068827,43.7602397,43.7508421,24.301162,43.7737763,24.3119947
10100701010,701,1,10,حي المسلخ,Al Maslakh Dist.,24.3124309,43.7967133,43.7945386,24.3107287,43.7988881,24.3141331
10100701011,701,1,11,حي المثوية,Al Mathawiyah Dist.,24.3043099,43.7677185,43.7546778,24.2966169,43.7716439,24.3079109
10100701012,701,1,12,حي التضامن,Al Tadamun Dist.,24.2912623,43.7431569,43.7395121,24.2841678,43.7502579,24.3007315
10100701013,701,1,13,حي مركز الشرارة,Markaz Al Shararh Dist.,24.2635842,43.7416802,43.7255979,24.250834,43.7535621,24.2683039
10100701014,701,1,14,حي الرفيعة,Ar Rafiah Dist.,24.292116,43.6832744,43.6724269,24.2843489,43.6941204,24.2997744
10100701015,701,1,15,حي الصالحية,As Salhiyah Dist.,24.2706807,43.7389412,43.7227624,24.2622211,43.743599,24.2762453
10100701016,701,1,16,حي مشرفة,Mishrifah Dist.,24.2859695,43.7261238,43.7202927,24.2795099,43.7325393,24.2901231
10100701017,701,1,17,حي الملك فيصل,King Faisal Dist.,24.2978067,43.7520012,43.7496646,24.290718,43.7550347,24.3025257
10100701018,701,1,18,حي صقرة,Saqrah Dist.,24.3103839,43.7283157,43.7165893,24.3023942,43.7322526,24.3209742
10100701019,701,1,19,حي صقرة الشمالي,Saqrah Northern Dist.,24.3186307,43.7306544,43.7233659,24.314649,43.7361741,24.3277986
10100701020,701,1,20,حي الرديفة,Al Radifah Dist.,24.2939594,43.6717039,43.6660664,24.2912276,43.6766148,24.2989785
10100701021,701,1,21,حي البديعة,Al Badiah Dist.,24.2986157,43.6971398,43.6886178,24.2933279,43.7037382,24.3046146
10100701022,701,1,22,حي الزعيبة,Al Zuaibah Dist.,24.3164421,43.7395034,43.7334668,24.311384,43.7494319,24.3253023
10100701023,701,1,23,حي الامير سلطان,Prince Sultan Dist.,24.2938231,43.7124558,43.7057769,24.2879445,43.7205288,24.2956443
10100701024,701,1,24,حي الفيصلية,Al Faisaliyah Dist.,24.2996118,43.7068809,43.7027974,24.2943074,43.7125978,24.3053687
10100701025,701,1,25,حي صحارى,Sahara Dist.,24.3024687,43.7412272,43.7327237,24.2967759,43.7464061,24.3076015
10100701026,701,1,26,حي العلوات,Al Alawat Dist.,24.28973,43.7309687,43.7270568,24.2879091,43.733969,24.2929596
10100701027,701,1,27,حي الشتينية,Al Shatiniyyah,24.2733914,43.6991326,43.6927142,24.2674854,43.7050207,24.2764603
10100701028,701,1,28,حي القسيمة,Al Qassima Dist.,24.3082237,43.7366632,43.7316543,24.303187,43.7459807,24.3148384
10100795001,795,1,1,حي الديرة,Ad Dirah Dist.,25.1216777,46.1094977,46.095239,25.1173996,46.1237083,25.1311211
10100795002,795,1,2,حي النخيل,Al Nakhil Dist.,25.1159025,46.1366956,46.1019166,25.0932225,46.1593682,25.1335357
10100795003,795,1,3,حي السد,As Sad Dist.,25.1138891,46.0859277,46.0788905,25.1028765,46.0976339,25.1220413
10100795004,795,1,4,حي الروضة,Ar Rawdah Dist.,25.1211129,46.0903846,46.0777802,25.1120532,46.100452,25.128342
10100795005,795,1,5,حي النهضة,An Nahdah Dist.,25.1089634,46.1009521,46.0947362,25.1052436,46.1061443,25.115241
10100795006,795,1,6,حي الحزم,Al Hazm Dist.,25.1161374,46.1075828,46.0986236,25.1063568,46.1180879,25.1184558
10100828001,828,1,1,حي الملقاه,Al Malqah Dist.,24.8418612,46.5303223,46.5054872,24.7962585,46.5648021,24.9067794
10100828002,828,1,2,حي الفيصلية,Al Faisaliyah Dist.,24.7427644,46.5738919,46.565639,24.7373841,46.5874356,24.7542432
10100828003,828,1,3,حي الثليما,Al Thilaima Dist.,24.7645765,46.5538204,46.5372895,24.7557566,46.5662339,24.7825275
10100828004,828,1,4,حي السلمانية,Al Salmaniyah Dist.,24.7925602,46.5550027,46.5467052,24.7721497,46.5724175,24.7977649
10100828005,828,1,5,حي الملك,Al Malik Dist.,24.7881201,46.5363387,46.5281055,24.7687699,46.5594214,24.8057419
10100828006,828,1,6,حي الدرعية,Al Diriyah Dist.,24.7322096,46.5805031,46.5753768,24.7250211,46.590427,24.7409064
10100828007,828,1,7,حي الخالدية,Al Khalidiyah Dist.,24.7523901,46.5641805,46.5604577,24.743271,46.5734201,24.7593944
10100828008,828,1,8,حي العاصمة,Al Asemah Dist.,24.7621125,46.5701302,46.5644383,24.750256,46.5820992,24.7751285
10100828010,828,1,10,حي الطريف,Al Turaif Dist.,24.7368019,46.562235,46.5486105,24.727792,46.5710255,24.7452618
10100828011,828,1,11,حي الروقية,Al Rooqiyah Dist.,24.7417545,46.5676366,46.5636056,24.7385268,46.5736906,24.743271
10100828012,828,1,12,حي السرحية,Al Sarhiyah Dist.,24.7138272,46.5765022,46.5686217,24.706294,46.5927517,24.7269122
10100828013,828,1,13,حي الشهداء,Al Shohda Dist.,24.7299393,46.5902979,46.5835657,24.7250748,46.5986961,24.7363495
10100828014,828,1,14,حي ظهرة العودة غرب,West Dhahrat Al Oudah Dist.,24.7462517,46.5036554,46.4822858,24.7315898,46.5263607,24.7576116
10100828015,828,1,15,حي البليدا,Al Blaida Dist.,24.7458882,46.5469278,46.5354831,24.7380036,46.5552308,24.7515472
10100828016,828,1,16,حي العلب,Al Olab Dist.,24.7613833,46.5363937,46.5262061,24.7591704,46.5415758,24.7641985
10100828017,828,1,17,سلطانة,Sultanah,25.016369,46.4647981,46.4565812,25.006135,46.4796974,25.0309597
10100828018,828,1,18,حي ظهرة العودة شرق,East Dhahrat Al Oudah Dist.,24.7507549,46.537363,46.5139223,24.7315942,46.5523504,24.7586371
10100830001,830,1,1,حي العين,Al Ain Dist.,24.9107818,46.3847594,46.3610774,24.9035702,46.3957918,24.9299959
10100830002,830,1,2,حي سلام,Salam Dist.,24.8954471,46.4744134,46.447807,24.8792048,46.5109356,24.9188638
10100830003,830,1,3,حي العدل,Al Adel Dist.,24.9002017,46.3668731,46.3343039,24.8866856,46.3864326,24.9070585
10100830004,830,1,4,الكلية الحربية,Military College,24.9291735,46.3827204,46.3568045,24.9212693,46.3978485,24.9460485
10100830005,830,1,5,حي عقرباء,Aqraba Dist.,24.919773,46.4489409,46.4179776,24.893702,46.4781856,24.9350968
10100830006,830,1,6,حي الواحة,Al Wahah Dist.,24.8951729,46.4050626,46.373871,24.8734805,46.4210877,24.9070208
10100830007,830,1,7,حي الشهداء,Ash Shuhada Dist.,24.8772584,46.4274022,46.3838615,24.8429821,46.4627035,24.8993433
10100830008,830,1,8,حي الوصيل,Al Waseel Dist.,24.8339604,46.4291218,46.3565792,24.7979703,46.5011513,24.8642627
10100830009,830,1,9,حي الوادي,Al Wadi Dist.,24.9105919,46.3113474,46.2872031,24.8986933,46.3356135,24.9322277
10100830010,830,1,10,حي هجرة بوضة,Bawdah Dist.,24.906226,46.3107707,46.259944,24.8826683,46.3443669,24.9272851
10100830011,830,1,11,حي نجد,Najd Dist.,24.9038351,46.3648149,46.3313497,24.8951891,46.3797724,24.917913
10100830012,830,1,12,حي الامير سلطان,Prince Sultan Dist.,24.9108274,46.4091364,46.3847758,24.8932322,46.4404988,24.9292393
10100839001,839,1,1,المنطقة الصناعية,Industrial Area,24.604658,46.1444508,46.1405617,24.6007163,46.1464075,24.6091603
10100839002,839,1,2,حي اليمامة,Al Yamamah Dist.,24.6102949,46.1022532,46.0955799,24.6066629,46.1090825,24.6137665
10100839003,839,1,3,حي الخالدية,Al Khalidiyah Dist.,24.6078042,46.1355651,46.1297844,24.5955339,46.1443642,24.611205
10100839004,839,1,4,حي العزيزية,Al Aziziyah Dist.,24.6086545,46.1308756,46.124712,24.6013417,46.1371827,24.6128453
10100839005,839,1,5,حي الورود 1,Al Wurud 1 Dist.,24.6099728,46.1230954,46.1196525,24.6033242,46.1271956,24.6140837
10100839006,839,1,6,حي النهضة,An Nahdah Dist.,24.6112612,46.1161594,46.1079046,24.604272,46.1216947,24.6158075
10100839007,839,1,7,حي المنتزة,Al Muntazah Dist.,24.6148333,46.1044686,46.0962519,24.6110555,46.1102187,24.618506
10100839008,839,1,8,حي البديع الغربي,Al Badi Al Gharbi Dist.,24.595399,46.1278738,46.1241299,24.5907099,46.1346212,24.6028123
10100839009,839,1,9,حي العنقري,Al Anqari Dist.,24.5968701,46.124363,46.1195849,24.5887934,46.1270944,24.6033242
10100839010,839,1,10,حي البديع الشرقي,Al Badi Ash Sharqi Dist.,24.5886682,46.137188,46.1302931,24.5820423,46.143761,24.5988651
10100880001,880,1,1,حي ابو سليم,Abu Salim Dist.,24.0780199,45.2786576,45.2751349,24.069468,45.284679,24.0880335
10100880002,880,1,2,حي السلام,As Salam Dist.,24.0700124,45.2803034,45.2766456,24.0676078,45.2832492,24.0736758
10100880003,880,1,3,حي الجزيرة,Al Jazirah Dist.,24.0833423,45.2857225,45.2827395,24.0773733,45.2912388,24.0876254
10100880004,880,1,4,حي المروج,Al Muruj Dist.,24.093926,45.3048159,45.2914543,24.0882122,45.3105135,24.0986963
10100880005,880,1,5,حي الخليج,Al Khalij Dist.,24.0863629,45.3007551,45.2889915,24.0787236,45.3123351,24.0943441
10100880006,880,1,6,حي الربوة,Ar Rabwah Dist.,24.0760615,45.3037403,45.2855145,24.0681984,45.3200164,24.0840608
10100880007,880,1,7,حي الزهور,Az Zuhur Dist.,24.0616632,45.280622,45.2759804,24.059461,45.2931784,24.0664122
10100880008,880,1,8,حي البساتين,Al Basatin Dist.,24.0569727,45.2700018,45.2635906,24.0513041,45.2782392,24.0635534
10100880009,880,1,9,حي الواحة,Al Wahah Dist.,24.0477854,45.2600467,45.2528807,24.0437167,45.2649587,24.0520355
10100880010,880,1,10,حي الديرة,Ad Dirah Dist.,24.0502311,45.2522101,45.2485191,24.048245,45.2542333,24.0531221
10100880011,880,1,11,حي الصناعية,As Sinaiyah Dist.,24.0672365,45.3110611,45.301019,24.0622036,45.3209782,24.073407
10100880012,880,1,12,حي الورود,Al Wurud Dist.,24.0656589,45.297306,45.2915969,24.0604162,45.3037401,24.0697072
10100880013,880,1,13,حي الحزم,Al Hazm Dist.,24.0435545,45.251132,45.2506519,24.0418654,45.2541385,24.0476318
10100880014,880,1,14,حي الجفونية,Al Jaffuniyyah Dist.,24.047999,45.2548768,45.2534118,24.0457897,45.2570353,24.0496778
10100880015,880,1,15,حي الضريب,Ad Darib Dist.,24.0441628,45.2497739,45.2448129,24.0422836,45.2517806,24.04778
10100885001,885,1,1,حي الوادي,Al Wadi Dist.,23.7755886,44.8026255,44.7984646,23.7687315,44.8088398,23.779451
10100885002,885,1,2,حي الشفاء,Al Shifa Dist.,23.7820069,44.7803985,44.7755898,23.7726241,44.7893931,23.7885375
10100885003,885,1,3,حي الفيصلية,Al Faisaliyah Dist.,23.7822794,44.7894593,44.7825312,23.7757833,44.7954036,23.7907329
10100885004,885,1,4,حي البنفسج,Al Banafsaj Dist.,23.7716607,44.7907432,44.7795409,23.7644172,44.7966346,23.7766242
10100885005,885,1,5,حي الخليج,Al Khalij Dist.,23.7725629,44.7966247,44.7928331,23.7705121,44.8003519,23.7778608
10100885006,885,1,6,حي الخالدية,Al Khalidiyah Dist.,23.7835103,44.7965171,44.7917739,23.7770986,44.8006414,23.7918655
10100885007,885,1,7,حي السليمانية,Al Sulaymaniyah Dist.,23.7870967,44.8074444,44.7964493,23.7779354,44.8190705,23.7932966
10100885008,885,1,8,حي القدس,Al Quds Dist.,23.7658398,44.7812191,44.7756787,23.7601817,44.7880965,23.7705752
10100885009,885,1,9,حي الوفاء,Al Wafa Dist.,23.7564275,44.7879127,44.7758844,23.7482178,44.7953447,23.7657168
10100885010,885,1,10,حي الفيحاء,Al Fayha Dist.,23.7649556,44.7623603,44.7531894,23.7622671,44.767027,23.7689441
10100885011,885,1,11,حي العزيزية,Al Aziziyah Dist.,23.7620838,44.7631742,44.7565536,23.7575514,44.7691985,23.763549
10100885012,885,1,12,حي النزهة,Al Nuzhah Dist.,23.7571602,44.7651205,44.7585368,23.7518705,44.7720134,23.7617146
10100885013,885,1,13,حي الدار البيضاء,Al Dar Al Baida Dist.,23.7513131,44.7678413,44.7606402,23.7417048,44.7758844,23.7588042
10100885014,885,1,14,حي الدوحة,Al Dohah Dist.,23.7617242,44.7770214,44.7691985,23.7546597,44.7830657,23.7672276
10100885015,885,1,15,حي الفرعة,Al Farah Dist.,23.770822,44.7475325,44.7427984,23.7686271,44.7526545,23.775895
10100885016,885,1,16,حي النخيل,Al Nakhil Dist.,23.7651658,44.7492494,44.74338,23.7607807,44.7565536,23.7704091
10100885017,885,1,17,حي الشعيبة,Al Shuaibah Dist.,23.7597547,44.7510808,44.7444065,23.7546811,44.7585368,23.7622671
10100885018,885,1,18,حي المريقب,Al Muraiqeb Dist.,23.7701346,44.7696372,44.7662484,23.7617146,44.7776779,23.7730185
10100885019,885,1,19,حي العروبة,Al Urubah Dist.,23.7416401,44.7417149,44.7018699,23.7272926,44.7618221,23.7575514
10100885020,885,1,20,حي الدهناء,Al Dahna Dist.,23.7625185,44.7950985,44.7896177,23.7507154,44.8004184,23.771708
10100885021,885,1,21,حي أبا العبلان2,Aba Al Ablan 2 Dist.,23.7715792,44.7689368,44.7613391,23.7664909,44.7704966,23.7756911
10100885022,885,1,22,المنطقة الصناعية,Industrial Area,23.7753484,44.7737681,44.7657023,23.7690149,44.7824694,23.7844979
10100885023,885,1,23,حي أبا العبلان1,Aba Al Ablan 1 Dist.,23.7772936,44.7512413,44.7418086,23.7684244,44.7576176,23.7820068
10100885024,885,1,24,مخطط ج3,Subdivision Plan 3c,23.7730241,44.7282675,44.7067598,23.7671725,44.7448261,23.7819778
10100885025,885,1,25,مخطط ج1,Subdivision Plan 1c,23.755187,44.7280338,44.6992959,23.7397398,44.7493831,23.7648278
10100885026,885,1,26,مخطط ج2,Subdivision Plan 2c,23.7658832,44.7258782,44.705562,23.7607471,44.7440676,23.7734726
10100885027,885,1,27,مخطط ج4,Subdivision Plan 4c,23.7774417,44.7361739,44.7299965,23.7710753,44.7468356,23.7855861
10100959001,959,1,1,حي ام طلحة,Um Talha Dist.,22.8341566,44.9188118,44.9167176,22.8326516,44.9199679,22.8348442
10100962001,962,1,1,حي نجد,Najd Dist.,23.5408135,45.5045278,45.5014432,23.5321704,45.509582,23.5462742
10100962002,962,1,2,حي ال هويمل,Al Hoymel Dist.,23.5499481,45.4828187,45.4734979,23.545099,45.4914508,23.5552501
10100962003,962,1,3,حي الهفوف,Al Hufuf Dist.,23.5623114,45.562626,45.5594769,23.5580717,45.567401,23.5659734
10100962004,962,1,4,حي الوسيطا,Al Wusayta Dist.,23.5555079,45.4617895,45.4575255,23.5496053,45.4655169,23.5621598
10100962005,962,1,5,حي الرين الاعلى,Ar Rayn Al Aala Dist.,23.590028,45.4334434,45.4287433,23.5827232,45.4371539,23.5935772
10100962006,962,1,6,حي المعيزيله,Al Muayzeleh Dist.,23.5632266,45.4551069,45.4518839,23.5575359,45.4601433,23.5682179
10100962007,962,1,7,حي العمار,Al Amar Dist.,23.558213,45.4483055,45.4452857,23.5534505,45.4518742,23.5617157
10100962008,962,1,8,حي المعتلا,Al Maatala Dist.,23.5568677,45.452834,45.449931,23.5524127,45.4561442,23.5599018
10100962009,962,1,9,حي قبيبان,Qubeiban Dist.,23.5171502,45.5276305,45.5238585,23.5139398,45.5314616,23.5213203
10100962010,962,1,10,حي الملك فيصل,King Faisal Dist.,23.5437571,45.5111386,45.5067664,23.5364045,45.5166288,23.546037
10100962011,962,1,11,حي عشيرة,Ashayra Dist.,23.5590191,45.4582349,45.4539497,23.5514892,45.4617754,23.5645174
10100962012,962,1,12,حي الغريبية,Al Gharibiya Dist.,23.5490456,45.4979049,45.4901815,23.5447063,45.5024322,23.5553139
10100962013,962,1,13,حي الملك فهد,King Fahd Dist.,23.534108,45.5221725,45.5166288,23.5267369,45.5281462,23.5410426
10100962014,962,1,14,حي الفتح,Al Fath Dist.,23.5178657,45.5224194,45.5193992,23.5150886,45.5260109,23.5232886
10100962015,962,1,15,حي القميش,Al Qumish Dist.,23.5997956,45.4343638,45.4279017,23.592953,45.4396578,23.6047378
10100962016,962,1,16,حي الرفايع,Ar Rafayie Dist.,23.5695169,45.5653611,45.5627794,23.5630168,45.5686033,23.5716387
10100962017,962,1,17,حي الرجع,Al Rajai Dist.,23.5721769,45.5746332,45.572072,23.5694776,45.5786449,23.5731754
10100962018,962,1,18,حي الوسطى,Al Wusta Dist.,23.5548411,45.465017,45.4610046,23.5486951,45.4690776,23.5597251
10100962019,962,1,19,حي عبلية,Ableya Dist.,23.5527165,45.4740621,45.4710222,23.5485834,45.4758935,23.5566445
10100962020,962,1,20,حي النور,An Noor Dist.,23.5254629,45.5107817,45.5061912,23.5233532,45.5122363,23.5336605
10100962021,962,1,21,حي القادسية,Al Qadisiyah Dist.,23.5334025,45.5167036,45.5093992,23.5287462,45.5211335,23.538601
10100962022,962,1,22,حي الشعيفان,Al Shaeifan Dist.,23.5766939,45.4340035,45.4301023,23.5717037,45.4385687,23.5829868
10100962023,962,1,23,حي الريعانية,Al Rayaniyah Dist.,23.5513507,45.5663587,45.5620561,23.5497926,45.5701414,23.5561122
10100962024,962,1,24,حي الحنو,Al Hano Dist.,23.5557235,45.571321,45.5672649,23.552162,45.5746428,23.5600561
10100962025,962,1,25,حي الرواما,Al Rawama Dist.,23.6140962,45.4303399,45.4246854,23.6082848,45.4354157,23.6208869
10100962026,962,1,26,حي المثناه,Al Muthanna Dist.,23.5641329,45.4517791,45.448377,23.5598728,45.4558848,23.5698282
10100962027,962,1,27,حي الفرعة,Al Fara Dist.,23.5646508,45.4460021,45.4404271,23.5579402,45.4516261,23.5720894
10100962028,962,1,28,حي الفردوس,Al Fardus Dist.,23.523334,45.5256299,45.522813,23.5202246,45.5300191,23.528168
10100962029,962,1,29,حي الرفاع,Ar Rifaa Dist.,23.5623721,45.4650241,45.4589048,23.559101,45.4677983,23.5666074
10100962030,962,1,30,حي الناصفه,Al Nasfah Dist.,23.616525,45.4078931,45.4044343,23.6120686,45.4101966,23.6217825
10100962031,962,1,31,حي اليمامة,Al Yamamah Dist.,23.54625,45.5216196,45.512435,23.538601,45.5287769,23.5495074
10100962032,962,1,32,حي المعترضة,Al Mutarida Dist.,23.5749864,45.5790293,45.5757995,23.5731634,45.5808037,23.5775039
10100962033,962,1,33,حي احد,Uhud Dist.,23.6247389,45.4104233,45.402094,23.6197307,45.4202919,23.6295905
10100962034,962,1,34,حي النقيعه,Al Naqiea Dist.,23.5527512,45.4687303,45.4656485,23.5478606,45.4740149,23.5580775
10100962035,962,1,35,حي البدائع,Al Badayi Dist.,23.6054799,45.4365782,45.4278865,23.601672,45.4454176,23.6092699
10100962036,962,1,36,حي الصفا,As Safa Dist.,23.5471931,45.5069221,45.5029347,23.5437445,45.5139626,23.5490964
10100962037,962,1,37,حي اليرموك,Al Yarmuk Dist.,23.5512807,45.5196681,45.5109712,23.5478497,45.5290741,23.5534057
10100962038,962,1,38,حي الشموع,Al Shumua Dist.,23.5133263,45.5290785,45.5267166,23.5078219,45.5326239,23.5170396
10100962039,962,1,39,حي الرفيعة,Ar Rafiah Dist.,23.5078422,45.5213395,45.5134822,23.502334,45.5226066,23.5096207
10100962040,962,1,40,حي غرناطة,Ghirnatah Dist.,23.5126272,45.5234692,45.5177785,23.5066598,45.5273502,23.5165289
10100962041,962,1,41,حي الرين القديم,Ar Rayn Al Qadim Dist.,23.5488088,45.5060157,45.5001162,23.546071,45.5129689,23.5526046
10100990001,990,1,1,حي الصناعية,Al Sinaiyah Dist.,24.4821277,46.3044306,46.2992846,24.4708475,46.3115196,24.4892893
10100990002,990,1,2,حي الحزيمية,Al Huzaymiyyah Dist.,24.4838856,46.2930377,46.2857913,24.4750917,46.3033297,24.4900909
10100990003,990,1,3,حي الصقورية,Al Suquriyyah Dist.,24.4779392,46.280882,46.2767886,24.4718466,46.2867182,24.4836116
10100990004,990,1,4,حي المروج,Al Muruj Dist.,24.4782695,46.2754266,46.2690186,24.4713544,46.2785032,24.486717
10100990005,990,1,5,حي شخيب,Shukhib Dist.,24.489778,46.26037,46.2410339,24.4826333,46.2767281,24.4992329
10100990006,990,1,6,حي طويق,Tuwik Dist.,24.4740113,46.2933137,46.2836673,24.4621793,46.301353,24.4831385
10100990007,990,1,7,حي الأندلس,Al Andalus Dist.,24.468474,46.2818668,46.2732303,24.4621471,46.2873507,24.4740487
10100990008,990,1,8,حي غرناطه,Ghirnatah Dist.,24.467612,46.267555,46.2629499,24.4610663,46.2743182,24.4718892
10100990009,990,1,9,حي الهدا,Al Hada Dist.,24.4553949,46.2683606,46.2639165,24.4484952,46.2757656,24.4621471
10100990010,990,1,10,حي العليا,Al Olaya Dist.,24.4580595,46.2814292,46.2743182,24.4487785,46.287726,24.465433
10100990011,990,1,11,حي نواره,Nawarah Dist.,24.4671848,46.2949034,46.2832889,24.4504258,46.3091464,24.476739
10100990012,990,1,12,حي وسيلة,Waselah Dist.,24.4920149,46.3108097,46.2971663,24.4733129,46.3369811,24.5226094
10100990013,990,1,13,حي اللؤلؤة,Al Luluah Dist.,24.4583606,46.2306763,46.2202831,24.4421769,46.2427375,24.4715084
10100990014,990,1,14,حي الراشدية,Al Rashidiyah Dist.,24.4546944,46.2473414,46.2370184,24.4488785,46.2565447,24.4600489
10100990015,990,1,15,حي الغطغط,Al Ghtght Dist.,24.4752767,46.2419477,46.222313,24.4582415,46.2545572,24.4956746
10100990016,990,1,16,حي الريف,Al Rif Dist.,24.4548222,46.2617102,46.2545281,24.4485393,46.2667382,24.4620254
10100990018,990,1,18,حي المحمدية,Al Muhammadiyah Dist.,24.4452546,46.2520101,46.2434893,24.4383216,46.2578961,24.4502402
10100990019,990,1,19,حي الواحة,Al Wahah Dist.,24.4337232,46.2610467,46.2524938,24.4221263,46.279331,24.4439184
10100990020,990,1,20,حي الحزم,Al Hazm Dist.,24.4744846,46.3171724,46.2877174,24.439292,46.3399022,24.5007495
10100990021,990,1,21,حي مشيرفة,Al Musherfah Dist.,24.490745,46.2994615,46.2837015,24.4867346,46.3062823,24.4996081
10100990022,990,1,22,حي الجامعة,Al Jamiah Dist.,24.4777746,46.2571211,46.2511099,24.456852,46.2637979,24.4929334
10100990023,990,1,23,حي الورود,Al Wurud Dist.,24.4774318,46.2679061,46.2626221,24.4712411,46.2732303,24.4849457
10100990024,990,1,24,حي الياسمين,Al Yasmin Dist.,24.4385717,46.288623,46.274635,24.4227897,46.3185676,24.4515663
10100990025,990,1,25,حي الشلال,Al Shlal Dist.,24.4457198,46.2645904,46.2565422,24.442137,46.2763977,24.4494136
10101061001,1061,1,1,حي المصانع,Al Masani Dist.,24.1256346,47.2950853,47.2852637,24.1158001,47.3020641,24.1347708
10101061002,1061,1,2,حي البركة,Al Barakah Dist.,24.1007822,47.2279843,47.2200806,24.0908203,47.2359351,24.1061906
10101061003,1061,1,3,حي المنتزة,Al Muntazah Dist.,24.1638345,47.3258126,47.31885,24.1575453,47.33372,24.1693853
10101061004,1061,1,4,حي الصناعية الجديدة,New Industrial Dist.,24.1766876,47.3591313,47.351142,24.16905,47.3743802,24.1859805
10101061005,1061,1,5,حي السليمانية,As Sulaymaniyah Dist.,24.1500358,47.3060989,47.3004034,24.1434337,47.3149457,24.1581286
10101061006,1061,1,6,حي الصفاء,Al Safa Dist.,24.1808447,47.2732343,47.2652037,24.1744564,47.285404,24.184959
10101061007,1061,1,7,حي البرج,Al Burj Dist.,24.1618244,47.3003136,47.2966456,24.1547935,47.305158,24.1670453
10101061008,1061,1,8,حي الورود,Al Wurud Dist.,24.1718249,47.3082227,47.2980834,24.1570078,47.322304,24.1831117
10101061009,1061,1,9,حي السلام,As Salam Dist.,24.1583419,47.3177425,47.3072234,24.1503587,47.3247947,24.1644433
10101061010,1061,1,10,حي الرفيعة,Ar Rafiah Dist.,24.1858565,47.2731819,47.2649082,24.1815962,47.281543,24.1914859
10101061011,1061,1,11,حي اليمامة,Al Yamamah Dist.,24.184096,47.311828,47.2980883,24.1691811,47.3230134,24.1946196
10101061012,1061,1,12,حي الخالدية,Al Khalidiyah Dist.,24.129311,47.2838516,47.2628037,24.1107484,47.2969326,24.1433751
10101061013,1061,1,13,حي الخزامى,Al Khuzama Dist.,24.1354436,47.2780578,47.2601996,24.1195907,47.2923884,24.1500312
10101061014,1061,1,14,حي العزيزية,Al Aziziyah Dist.,24.1481991,47.2954535,47.2879094,24.1382937,47.302675,24.154802
10101061015,1061,1,15,حي مشرف,Mishrif Dist.,24.1063945,47.2664537,47.2551213,24.0962264,47.2849059,24.1197142
10101061016,1061,1,16,حي الراشدية,Ar Rashidiyyah Dist.,24.0945677,47.2380576,47.2352192,24.0852272,47.2447766,24.1056853
10101061017,1061,1,17,حي المنيفية,Al Munyfiyah Dist.,24.1792374,47.2938442,47.2831242,24.1649771,47.2985211,24.186409
10101061018,1061,1,18,حي الناصفة,An Nasifah Dist.,24.1945661,47.2888943,47.2728477,24.1829206,47.2954606,24.2018287
10101061019,1061,1,19,حي البديعة,Al Badiah Dist.,24.1945092,47.2978144,47.2921696,24.1734616,47.3064855,24.2057885
10101061020,1061,1,20,حي المنصورة,Al Mansurah Dist.,24.1790637,47.3364237,47.3171679,24.1641354,47.3459784,24.1844503
10101061021,1061,1,21,حي النهضة,An Nahdah Dist.,24.1562738,47.3344057,47.3247946,24.1460651,47.3434752,24.1640518
10101061022,1061,1,22,حي النزهة,An Nuzhah Dist.,24.1649639,47.3480056,47.3336933,24.1542936,47.3577954,24.1725775
10101061023,1061,1,23,حي الريان,Ar Rayyan Dist.,24.1478985,47.3214811,47.3129399,24.1413024,47.3360938,24.1575451
10101061024,1061,1,24,حي الاندلس,Al Andalus Dist.,24.144914,47.3408233,47.3326664,24.1373209,47.355292,24.1594587
10101061025,1061,1,25,حي الفيصلية,Al Faisaliyah Dist.,24.164476,47.3578576,47.3470848,24.1509049,47.3626359,24.1720646
10101061026,1061,1,26,حي الزاهر,Az Zahir Dist.,24.1400137,47.3538137,47.3367565,24.1243528,47.3774245,24.1567907
10101061027,1061,1,27,منطقة صناعية,Industrial Area,24.2198065,47.6653973,47.6232588,24.1585111,47.764612,24.2538497
10101061028,1061,1,28,حي العالية,Al Aliyah Dist.,24.1739223,47.3487299,47.3283223,24.1640786,47.3631741,24.1826334
10101061029,1061,1,29,الهياثم,Al Hayathim,24.1780337,47.2177954,47.1786302,24.1362837,47.2737303,24.206597
10101061030,1061,1,30,حي العدامة,Al Adamah Dist.,24.090923,47.2271386,47.226568,24.0894158,47.2277097,24.0941715
10101061031,1061,1,31,حي القطار,Al Qitar Dist.,24.2507782,47.3597462,47.353107,24.2445847,47.3677583,24.2547601
10101061032,1061,1,32,المدينة الصناعية بالخرج,Al Kharj Industrial City,23.951255,47.2799601,47.2418035,23.8653796,47.3057355,23.9579644
10101061033,1061,1,33,قاعدة الامير سلطان الجوية,Prince Sultan Air Base,24.0988861,47.5674056,47.3716983,23.9212676,47.7475659,24.1755833
10101061034,1061,1,34,حي الجامعة,Al Jamiah Dist.,24.1449214,47.281031,47.2687568,24.1326409,47.2928554,24.1536004
10101061035,1061,1,35,حي جوهرة الخرج,Jawharat Al Kharj Dist.,24.1682587,47.2745933,47.2669995,24.1526772,47.2897808,24.1785776
10101061036,1061,1,36,حي المروج,Al Muruj Dist.,24.2296157,47.2232119,47.2126606,24.2186694,47.2349216,24.239285
10101061037,1061,1,37,حي السحاب,As Sahab Dist.,24.1462356,47.3767023,47.3663089,24.1351854,47.3810614,24.157321
10101061038,1061,1,38,حي اليرموك,Al Yarmuk Dist.,24.1449324,47.385476,47.3788844,24.1366096,47.3996272,24.1574989
10101061039,1061,1,39,حي الاخضر,Al Akhdar Dist.,24.2001448,47.2690896,47.2631661,24.1937315,47.2747245,24.206592
10101061040,1061,1,40,حي الروابي,Ar Rawabi Dist.,24.1025563,47.2729849,47.2562181,24.0908015,47.2825324,24.1099828
10101061041,1061,1,41,حي قرطبة,Qurtubah Dist.,24.0915806,47.2645406,47.2484981,24.0736768,47.2771946,24.0982612
10101061042,1061,1,42,حي الهدا,Al Hada Dist.,24.1074315,47.2843885,47.2731565,24.0868883,47.3037094,24.1211025
10101061043,1061,1,43,حي الحمراء,Al Hamra Dist.,24.1653401,47.3124981,47.305618,24.1580832,47.3189196,24.1707219
10101073001,1073,1,1,حي الخالدية,Al Khalidiyah Dist.,24.0122069,47.1698107,47.1646384,24.0067326,47.1766917,24.0215628
10101073002,1073,1,2,حي الشفاء,Ash Shifa Dist.,23.9896455,47.1245174,47.1161162,23.9869992,47.131042,23.9972925
10101073003,1073,1,3,حي السليمانية,As Sulaymaniyah Dist.,23.9596172,47.1167013,47.1112326,23.9564368,47.1234269,23.9668511
10101073004,1073,1,4,حي سدير,Sudayr Dist.,23.9759681,47.1153848,47.1111711,23.972629,47.1223991,23.9788085
10101073005,1073,1,5,حي السعيدان,As Saydan Dist.,24.0178148,47.1301129,47.1227276,24.0061385,47.137283,24.0271436
10101073006,1073,1,6,حي السماري,As Samari Dist.,24.0139504,47.1401809,47.1358984,24.0078142,47.1432278,24.0259534
10101073007,1073,1,7,حي العويمرية,Al Uwaymiriyah Dist.,23.9918629,47.1400881,47.134764,23.9792356,47.1438456,24.0006702
10101073008,1073,1,8,حي الصحنة,Al Sahnah Dist.,23.9832884,47.134163,47.1283736,23.9698789,47.1390661,23.9959027
10101073009,1073,1,9,حي العذراء,Al Adhra Dist.,23.9854887,47.150011,47.1448967,23.9783091,47.1547155,23.9958346
10101073010,1073,1,10,حي الديرة,Ad Dirah Dist.,23.9910982,47.1604315,47.1545156,23.9881061,47.1645657,23.997228
10101073011,1073,1,11,حي الناصرية,An Nasriyah Dist.,23.989876,47.1659408,47.1617672,23.9834421,47.1710655,23.9930386
10101073012,1073,1,12,حي زميقة,Zamiqa Dist.,23.9575219,47.1686883,47.1623373,23.9467675,47.1802574,23.9706038
10101073013,1073,1,13,حي النهضة,An Nahdah Dist.,24.0079741,47.1202609,47.0950295,23.9959027,47.1310777,24.0127485
10101351001,1351,1,1,حي الخماسين الشمالي,Al Khamasin Al Shamali Dist.,20.4806766,44.7934543,44.7828096,20.4701525,44.8043596,20.4965222
10101351002,1351,1,2,حي اللدام الجنوبي,Al Ludam Al Janubi Dist.,20.4521266,44.7998433,44.7817661,20.4332621,44.814528,20.4701525
10101351003,1351,1,3,حي الحديدية,Al Hadidiyah Dist.,20.4181414,44.7830757,44.7589189,20.3994691,44.806544,20.4368087
10101351004,1351,1,4,حي القيروان,Al Qayrawan Dist.,20.4354465,44.7907093,44.77722,20.423602,44.8004107,20.4490487
10101351005,1351,1,5,حي المنتزه,Al Muntazah Dist.,20.4118329,44.9362193,44.9031996,20.3936637,44.9583951,20.4319024
10101351006,1351,1,6,حي الروضة,Al Rawdah Dist.,20.453655,44.7582249,44.7424642,20.4403025,44.7713322,20.4629592
10101351007,1351,1,7,حي مقابل,Muqabil Dist.,20.4673331,44.8181728,44.8061422,20.4551888,44.8259945,20.4874942
10101351008,1351,1,8,حي صناعية الحديدية,Sinaiyat Al Hadidiyah Dist.,20.4229572,44.7836314,44.7773411,20.4178758,44.7901609,20.4252586
10101351009,1351,1,9,حي التقنية,Al Taqniyah Dist.,20.4081889,44.8856259,44.8691885,20.393308,44.9107568,20.4325363
10101351010,1351,1,10,حي الرويساء,Al Ruwaysa Dist.,20.4446793,44.8785894,44.8688527,20.4332063,44.8990279,20.4678159
10101351011,1351,1,11,حي اللدام الشمالي,Al Ludam Al Shamali Dist.,20.4747156,44.8003143,44.7890585,20.4593921,44.8124483,20.4905524
10101351012,1351,1,12,حي آل عويمر,Al Uwaimir Dist.,20.4864964,44.7673848,44.7510003,20.4732163,44.7739301,20.5064259
10101351013,1351,1,13,حي الخماسين,Al Khamasin Dist.,20.4622827,44.780356,44.7724653,20.4507233,44.7890585,20.4735583
10101351014,1351,1,14,حي الولامين,Al Walamin Dist.,20.4845218,44.7859434,44.7747547,20.4734365,44.7966551,20.5057111
10101351015,1351,1,15,حي المعتلاء,Al Muatala Dist.,20.4450494,44.8215712,44.8094936,20.43412,44.8375345,20.4563679
10101351016,1351,1,16,حي صناعية الشرفا,Al Shurafa Industrial Dist.,20.4017848,44.8624325,44.8532244,20.3931324,44.8751536,20.419352
10101351017,1351,1,17,حي الشرفا,Al Shurafa Dist.,20.4402511,44.9025924,44.8868822,20.4297542,44.9152299,20.4629211
10101351018,1351,1,18,حي ال عريمة,Al Uraimah Dist.,20.4926269,44.7708839,44.7650324,20.4801243,44.7805745,20.5077699
10101351019,1351,1,19,حي الزويراء,Al Zuwayra Dist.,20.4660941,44.8319806,44.8247288,20.4543145,44.8513877,20.4950033
10101351020,1351,1,20,حي الخالدية,Al Khalidiyah Dist.,20.5073395,44.73507,44.7212023,20.4965274,44.7432773,20.5230961
10101351021,1351,1,21,حي النزهة,Al Nuzha Dist.,20.44014,44.7716578,44.759159,20.4255728,44.7817407,20.45337
10101351022,1351,1,22,حي العزيزية,Al Aziziyah Dist.,20.3869417,44.8118692,44.7785163,20.3418549,44.8546191,20.4329209
10101351023,1351,1,23,حي نزوى,Nazwa Dist.,20.4638698,44.8623067,44.8535223,20.4554227,44.8745183,20.4826981
10101351024,1351,1,24,حي العقيق,Al Aqiq Dist.,20.4719468,44.771576,44.7568239,20.4528693,44.7825606,20.4816551
10101351025,1351,1,25,حي الصالحية,As Salhiyah Dist.,20.4297651,44.8580184,44.8423158,20.41751,44.8717997,20.4493248
10101351026,1351,1,26,حي ال تميم و الصالحية,Al Tamim Wal Salihiyyah Dist.,20.4330063,44.8250009,44.8040907,20.4079037,44.8501055,20.4534988
10101351027,1351,1,27,حي المدرسة العسكرية,Military School Dist.,20.4796068,44.7224196,44.6994529,20.4520226,44.7673296,20.4960371
10101351028,1351,1,28,حي العليا,Al Olaya Dist.,20.4519856,44.791344,44.7770204,20.4482067,44.7988452,20.4579921
10101351029,1351,1,29,حي الحنابجة,Al Hanabijah Dist.,20.4555175,44.8701557,44.862188,20.4463596,44.8887388,20.473617
10101351030,1351,1,30,حي الورود,Al Wurud Dist.,20.4236006,44.8656715,44.8509188,20.4059968,44.8898213,20.4380126
10101351031,1351,1,31,حي المعتلاء الجنوبي,Al Muatala Al Janubi Dist.,20.4396899,44.8104445,44.8065104,20.4360782,44.8147458,20.4423916
10101351032,1351,1,32,حي النويعمة,Al Nuwayemah Dist.,20.4496069,44.8644785,44.8515944,20.4389971,44.8707596,20.4571049
10101351033,1351,1,33,حي القويز,Al Quwaiz Dist.,20.4664883,44.8477537,44.834314,20.4485411,44.8637252,20.4888431
10101351034,1351,1,34,الحي الغربي,Al Gharbi Dist.,20.49721,44.7196857,44.6995941,20.4796634,44.7612358,20.5107478
10101351035,1351,1,35,حي المستشفي,Al Mustashfa Dist.,20.4451409,44.7343514,44.7245633,20.4343644,44.7522115,20.456941
10101361001,1361,1,1,حي النخيل,Al Nakhil Dist.,20.4654083,45.5748183,45.5635332,20.4622346,45.581953,20.4787428
10101361002,1361,1,2,حي الروضة,Ar Rawdah Dist.,20.4750668,45.5867652,45.5813507,20.4645232,45.5940406,20.4852598
10101361003,1361,1,3,حي الشفاء,Ash Shifa Dist.,20.4583076,45.5851302,45.5802659,20.4477637,45.5946457,20.4660752
10101361004,1361,1,4,حي الديرة,Ad Dirah Dist.,20.4592038,45.5743634,45.5640775,20.4461516,45.5811528,20.4639547
10101361005,1361,1,5,حي الملك عبدالعزيز,King Abdulaziz Dist.,20.4782591,45.568593,45.5639746,20.4713689,45.5815886,20.4857781
10101361006,1361,1,6,حي الزهرة,Az Zahrah Dist.,20.4852194,45.5834345,45.5755109,20.4788383,45.5902239,20.4930762
10103158001,3158,1,1,حي المدينة الجديدة,Al Madinah Al Jadidah Dist.,23.6380093,46.5045411,46.4973369,23.6253014,46.5148147,23.6501243
10103158002,3158,1,2,حي الركية,Ar Rukiyah Dist.,23.6196144,46.5055477,46.467501,23.600446,46.519068,23.6277393
10103158003,3158,1,3,حي الحزيمية,Al Huzaimiyah Dist.,23.6220899,46.5223046,46.5148147,23.6142526,46.5398575,23.6288729
10103158004,3158,1,4,وسط المدينة,City Center,23.6164874,46.5296475,46.5182003,23.6120641,46.5409116,23.6195324
10103158005,3158,1,5,حي العثمانية,Al Uthmaniyah Dist.,23.6293471,46.5248823,46.5210775,23.6267427,46.5305697,23.6391302
10103158006,3158,1,6,حي الصناعية,As Sinaiyah Dist.,23.6167464,46.5439042,46.5394605,23.6130545,46.5479644,23.6223875
10103161001,3161,1,1,حي الورود,Al Wurud Dist.,23.4951837,46.8788295,46.8715691,23.4853625,46.8845036,23.5008071
10103161002,3161,1,2,حي خضار,Khudar Dist.,23.5322108,46.8312351,46.8212561,23.5295289,46.8495447,23.5523932
10103161003,3161,1,3,حي الباطن,Al Batin Dist.,23.5200336,46.8287093,46.8214514,23.5112007,46.8449524,23.5348987
10103161004,3161,1,4,حي النهضة,An Nahdah Dist.,23.5075818,46.8468668,46.840406,23.5001816,46.8614702,23.5168182
10103161005,3161,1,5,حي الشعيب,Ash Shuaib Dist.,23.5073371,46.7969837,46.7885557,23.4995532,46.8016811,23.5298327
10103161006,3161,1,6,حي زياد,Ziyad Dist.,23.5044234,46.8288976,46.8192712,23.493412,46.8411975,23.5161925
10103161007,3161,1,7,حي الفرعة,Al Farah Dist.,23.4982259,46.8128357,46.7953316,23.4930428,46.822434,23.5057776
10103161008,3161,1,8,حي التضامن,Al Tadamun Dist.,23.4926405,46.863713,46.8568661,23.4847147,46.8740563,23.4984695
10103161009,3161,1,9,حي المنار,Al Manar Dist.,23.4792446,46.8720448,46.8698607,23.4728608,46.8785115,23.4869861
10103161010,3161,1,10,حي المجد,Al Majd  Dist.,23.4928194,46.8878371,46.8779131,23.4819713,46.8919427,23.4988347
10103161011,3161,1,11,حي المصيف,Al Masiaf Dist.,23.4698393,46.8769059,46.8711871,23.4603832,46.8835324,23.4835553
10103161012,3161,1,12,حي الصدر,Al Sadr Dist.,23.4794383,46.8462847,46.8239059,23.4570424,46.8526327,23.4866725
10103161013,3161,1,13,حي المحمدية,Al Muhammadiyah Dist.,23.5002861,46.897337,46.8830163,23.4964854,46.910464,23.5083827
10103161014,3161,1,14,حي السلام,As Salam Dist.,23.5019652,46.8737042,46.8654798,23.4939459,46.8807832,23.5071536
10103161015,3161,1,15,حي الحلة,Al Hilah Dist.,23.4894808,46.8548611,46.8483448,23.4783338,46.8610461,23.5019425
10103165001,3165,1,1,الحلوة,Al Hilwah,23.4414612,46.7957837,46.786782,23.4329283,46.8054937,23.4519762
10103165002,3165,1,2,حي الحزم,Al Hazm Dist.,23.4535012,46.809809,46.8015739,23.4470998,46.8179593,23.4585487
10103174001,3174,1,1,حي الملك فهد,King Fahd Dist.,22.2993131,46.7007076,46.6954795,22.2887763,46.7120544,22.3142295
10103174002,3174,1,2,حي السحاب,As Sahab Dist.,22.3060289,46.7241787,46.7100238,22.2996853,46.7312608,22.3154683
10103174003,3174,1,3,حي الصالحية,As Salhiyah Dist.,22.2898342,46.7261631,46.7204634,22.2833363,46.7300814,22.2951465
10103174004,3174,1,4,حي الدوائر,Ad Dawair Dist.,22.2945158,46.7203818,46.7069109,22.2860661,46.7254202,22.3026679
10103174005,3174,1,5,حي العزيزية,Al Aziziyah Dist.,22.2977431,46.7282392,46.7233249,22.293682,46.7321607,22.3019196
10103174006,3174,1,6,حي الفيصلية,Al Faisaliyah Dist.,22.2751693,46.7106091,46.6953642,22.2651609,46.7260856,22.2887763
10103174007,3174,1,7,حي الجفيدرية,Al Jufaidariyah Dist.,22.2838663,46.7360541,46.7260856,22.2752364,46.7468635,22.2863284
10103174008,3174,1,8,حي غصيبة,Ghusaiba Dist.,22.2850107,46.7368591,46.7276077,22.2829848,46.7424132,22.293682
10103174009,3174,1,9,حي المبرز,Al Mubarraz Dist.,22.29192,46.7355562,46.7300814,22.2904436,46.7402887,22.302141
10103174010,3174,1,10,حي السعودية,As Saudia Dist.,22.2787687,46.7319034,46.7188129,22.2683932,46.7456248,22.2833363
10103174011,3174,1,11,حي الخالدية,Al Khalidiyah Dist.,22.3228874,46.7237436,46.7127473,22.3137166,46.7298652,22.3312221
10103174035,3174,1,35,بدائع الهواملة,Badai Al Hawamilah,22.2926557,46.7748176,46.7716173,22.2880071,46.7825351,22.2961075
10200005001,5,2,1,حي ج10,C10 Dist.,21.5834677,40.5362083,40.5012172,21.5724199,40.5747902,21.6244008
10200005002,5,2,2,حي ضاحية الاسكان,Dhahiyat Al Iskan  Dist.,21.3690765,40.6222431,40.5954539,21.3499259,40.6426804,21.3922664
10200005003,5,2,3,منطقة إمتداد ضاحية الإسكان,Dhahiyat Al Iskan Extension Area,21.4062938,40.6119553,40.580938,21.3720528,40.6259561,21.4165723
10200005004,5,2,4,حي السيل الكبير,As Sail Al Kabeer  Dist.,21.6585587,40.4202942,40.3419645,21.6072822,40.4414083,21.6723503
10200005005,5,2,5,حي الهدا,Al Huda  Dist.,21.3578521,40.3090917,40.2547381,21.3165971,40.3562373,21.397475
10200005006,5,2,6,حي الشفا,Ash Shifa  Dist.,21.0705694,40.3099878,40.2733989,21.0402327,40.3381822,21.1001575
10200005007,5,2,7,حي ج3,C3 Dist.,21.3698233,40.3921391,40.3635787,21.3232197,40.412558,21.3971795
10200005008,5,2,8,حي ج4,C4 Dist.,21.4327349,40.4120685,40.3886994,21.3944639,40.4271754,21.4620619
10200005009,5,2,9,حي ج5,C5 Dist.,21.49227,40.4479746,40.4257552,21.4851258,40.4679245,21.5071323
10200005010,5,2,10,حي ج43,C43 Dist.,21.2552704,40.6687469,40.6635433,21.250091,40.673697,21.2604835
10200005011,5,2,11,حي ج16,C16 Dist.,21.503208,40.6960774,40.6498511,21.4725519,40.7875239,21.5466345
10200005012,5,2,12,حي ج18,C18 Dist.,21.4570153,40.6773367,40.6250042,21.4229848,40.7265999,21.4874237
10200005013,5,2,13,حي ج11,C11 Dist.,21.5774013,40.5688839,40.5388294,21.5501769,40.6167771,21.6145739
10200005014,5,2,14,حي ج12,C12 Dist.,21.5287509,40.5914679,40.5544221,21.4829677,40.6530561,21.5538496
10200005015,5,2,15,حي ج15,C15 Dist.,21.5920306,40.6715867,40.6134203,21.5756676,40.725491,21.6387669
10200005016,5,2,16,حي ج17,C17 Dist.,21.4574025,40.7694899,40.7184606,21.4239985,40.8606473,21.5119552
10200005017,5,2,17,حي ج22,C22 Dist.,21.3859104,40.6626328,40.6245727,21.3589933,40.6772457,21.4100348
10200005018,5,2,18,حي ج23,C23 Dist.,21.4372803,40.5563022,40.5296998,21.3843327,40.6036062,21.4696285
10200005019,5,2,19,حي ج25,C25 Dist.,21.3660635,40.5392883,40.5285913,21.3555874,40.5812673,21.4047916
10200005020,5,2,20,حي ج26,C26 Dist.,21.3636631,40.56877,40.5549705,21.3493891,40.5960213,21.3837763
10200005021,5,2,21,حي ج28,C28 Dist.,21.3130199,40.5637592,40.5470802,21.3032467,40.5844209,21.331395
10200005022,5,2,22,حي ج29,C29 Dist.,21.3315631,40.5506423,40.5320867,21.3108073,40.5726212,21.3650531
10200005023,5,2,23,حي معشي,Maashi  Dist.,21.2844669,40.4011603,40.3938872,21.2760281,40.4079573,21.2909064
10200005024,5,2,24,حي القمرية,Al Qumariyyah  Dist.,21.2776652,40.4290239,40.4218421,21.2733766,40.4336356,21.2813901
10200005025,5,2,25,حي عودة,Awdah  Dist.,21.248354,40.3963383,40.3822451,21.2352331,40.4062392,21.2625251
10200005026,5,2,26,حي السلامة,As Salamah  Dist.,21.2688481,40.4035365,40.394929,21.2625047,40.4108619,21.2743497
10200005027,5,2,27,حي قروى,Qurwa  Dist.,21.2770487,40.3806838,40.3660311,21.2652733,40.3977449,21.2875417
10200005028,5,2,28,حي الصيانة,Al Siana Dist.,21.3219038,40.4449069,40.4325609,21.3052216,40.4563611,21.3445857
10200005029,5,2,29,حي سوق عكاظ,Suq Ukadh Dist.,21.4729328,40.6518403,40.6381873,21.4581765,40.6856514,21.498766
10200005030,5,2,30,حي ج21,C21 Dist.,21.4133549,40.6170201,40.6046808,21.3932264,40.6501844,21.4229848
10200005031,5,2,31,حي ج44,C44 Dist.,21.3454642,40.3300119,40.3246444,21.3163483,40.3731588,21.3539995
10200005032,5,2,32,حي ج27,C27 Dist.,21.3480022,40.5781031,40.5670561,21.3396635,40.609045,21.371539
10200005033,5,2,33,حي الشهداء الجنوبية,Ashuhada Aljanubiyyah  Dist.,21.2591052,40.4227146,40.411954,21.2527574,40.4341604,21.267183
10200005034,5,2,34,حي شهار,Shihar  Dist.,21.2528595,40.4131687,40.4085159,21.2426116,40.4193771,21.2601369
10200005035,5,2,35,حي ج20,C20 Dist.,21.4440911,40.6060006,40.5368684,21.4152667,40.6444053,21.5005007
10200005036,5,2,36,حي نخب,Nakhab  Dist.,21.2518204,40.4516496,40.4422808,21.2416226,40.4677161,21.2658779
10200005037,5,2,37,حي حوايا الشمالية,Huwaya Ash Shamaliyyah Dist.,21.2664759,40.4132196,40.4099799,21.264936,40.4168934,21.269859
10200005038,5,2,38,حي الخالدية,Al Khalidiyah Dist.,21.2837534,40.3831459,40.3673216,21.2733914,40.4025111,21.2995088
10200005039,5,2,39,حي مسرة 1,Masarah 1 Dist.,21.2941486,40.3930569,40.3811556,21.2843722,40.4037309,21.3022169
10200005040,5,2,40,حي الربيع,Ar Rabie Dist.,21.2659774,40.4370115,40.42896,21.2574764,40.4569997,21.2748389
10200005041,5,2,41,حي السلام,Al Salam Dist.,21.3023151,40.4102577,40.3956876,21.2914529,40.4206378,21.3182703
10200005042,5,2,42,حي الربوة,Ar Rabwah Dist.,21.2877429,40.403062,40.39775,21.2852379,40.407667,21.2922885
10200005043,5,2,43,حي حوايا الجنوبية,Huwaya Al Janoubiyah  Dist.,21.262635,40.4114617,40.4097567,21.2598979,40.4137266,21.2652821
10200005044,5,2,44,حي القطبية,Al Qutbiyyah  Dist.,21.2838127,40.430327,40.4247627,21.2806402,40.4328807,21.2886111
10200005045,5,2,45,حي العارمية 2,Al Aarmiah 2 Dist.,21.3784862,40.4844531,40.4566645,21.358933,40.5112535,21.4092116
10200005046,5,2,46,حي المعترض,Al Mutarid  Dist.,21.4424778,40.5130818,40.4984628,21.4250626,40.5183071,21.4577455
10200005047,5,2,47,حي الرويدف,Al Ruwaidaf Dist.,21.4092588,40.4976388,40.4814076,21.395417,40.5113705,21.4204977
10200005048,5,2,48,حي الجوهرة,Al Jawharah  Dist.,21.4186685,40.5136145,40.4924249,21.4055545,40.5263756,21.4321289
10200005049,5,2,49,حي القميع,Qami Dist.,21.4534015,40.4570763,40.4432871,21.4400195,40.4739845,21.4687219
10200005050,5,2,50,حي جبرة,Jabrah Dist.,21.3018755,40.4513103,40.4233162,21.2884061,40.4717947,21.317202
10200005051,5,2,51,حي الجفيجف,Al Jafijif Dist.,21.2946659,40.4392051,40.4291101,21.286525,40.4472658,21.3037594
10200005052,5,2,52,حي الرحاب,Al Rehab Dist.,21.4518707,40.4367148,40.41411,21.4189405,40.4515847,21.4899014
10200005053,5,2,53,حي ج1,C1 Dist.,21.2458932,40.35638,40.3175764,21.2334642,40.3727532,21.2866198
10200005054,5,2,54,حي الحلقة الغربية,Al Halqah Al Gharbia Dist.,21.355114,40.4329299,40.4229539,21.3445857,40.4449319,21.3633903
10200005055,5,2,55,حي ج6,C6 Dist.,21.4952525,40.4898273,40.4576229,21.4734229,40.5211676,21.5122532
10200005056,5,2,56,حي المثناه,Al Mathnah  Dist.,21.2609447,40.3887367,40.3717937,21.2467239,40.4016227,21.2690456
10200005057,5,2,57,حي الخضيرة,Hadera  Dist.,21.4433146,40.5223196,40.5104599,21.4240057,40.539521,21.466518
10200005058,5,2,58,حي ج37,C37 Dist.,21.2112695,40.447759,40.4125891,21.1947698,40.4754265,21.2240233
10200005059,5,2,59,حي ج35,C35 Dist.,21.2931321,40.4811656,40.4533108,21.2752011,40.5056032,21.3184265
10200005060,5,2,60,حي الجال,Al Jal  Dist.,21.2830925,40.435921,40.428601,21.272907,40.4499609,21.2928447
10200005061,5,2,61,حي السرور,As Sarur Dist.,21.2846218,40.4510319,40.4436806,21.2748389,40.4599666,21.2908209
10200005062,5,2,62,حي النسيم,Al Naseem Dist.,21.2623629,40.4650492,40.4499609,21.2461899,40.4797551,21.2822352
10200005063,5,2,63,حي المركزية,Al Markazia Dist.,21.2729163,40.4072642,40.401651,21.2696545,40.4124678,21.2774806
10200005064,5,2,64,حي الريان,Ar Rayyan  Dist.,21.2829429,40.4213522,40.41689,21.2780473,40.428601,21.2900629
10200005065,5,2,65,حي شبرا,Shobra  Dist.,21.2815571,40.4161023,40.4107458,21.274342,40.420307,21.2886422
10200005066,5,2,66,حي الشرقية,Sharqia Dist.,21.2754964,40.4173753,40.4108619,21.2671556,40.423638,21.2817644
10200005067,5,2,67,حي العقيق,Al Aqiq  Dist.,21.2871362,40.4084998,40.4050317,21.2828791,40.4158892,21.2925865
10200005068,5,2,68,حي العزيزية,Al Aziziyah Dist.,21.2804721,40.408451,40.4042685,21.2749768,40.414077,21.2841866
10200005069,5,2,69,حي ريحه,Riha  Dist.,21.4628121,40.4508517,40.4348396,21.4482567,40.4663854,21.4839395
10200005070,5,2,70,حي الوشحاء,Al Washha Dist.,21.2525652,40.4331849,40.4272862,21.245789,40.4434833,21.2574763
10200005071,5,2,71,حي الشهداء الشمالية,Ashuhada Alshamaliyyah  Dist.,21.2688144,40.4246384,40.4169561,21.2622807,40.4301039,21.2749515
10200005072,5,2,72,حي ج9,C9 Dist.,21.5323405,40.5237437,40.5070994,21.5061445,40.5511629,21.5636678
10200005073,5,2,73,حي قوات الدفاع الجوي,Air Defense Forces Dist.,21.5614809,40.6297635,40.5857406,21.5361619,40.6635435,21.5918819
10200005074,5,2,74,حي الاسكان,Al Iskan Dist.,21.4314223,40.4460537,40.4376171,21.4192817,40.4654202,21.4419296
10200005075,5,2,75,حي المضباع,Al Mudhbah Dist.,21.4537471,40.4790782,40.4654202,21.436817,40.488305,21.4629613
10200005076,5,2,76,حي الواسط,Al Wasit  Dist.,21.4796317,40.4663954,40.4476875,21.4663383,40.4851549,21.4901099
10200005077,5,2,77,حي ج33,C33 Dist.,21.2735333,40.5535172,40.5357184,21.2547729,40.5855066,21.3093886
10200005078,5,2,78,حي النزهة,An Nuzhah Dist.,21.2541467,40.4197164,40.4111528,21.2466289,40.4292476,21.2598155
10200005079,5,2,79,حي ج8,C8 Dist.,21.5401767,40.4827207,40.4637723,21.5144977,40.5241913,21.5670787
10200005080,5,2,80,حي الضبط,Al Dhabt Dist.,21.3960318,40.4282626,40.3939776,21.3639622,40.450584,21.4211665
10200005081,5,2,81,حي السويقة,Al Sawaiqa Dist.,21.3345338,40.4088643,40.3799052,21.3022169,40.4282933,21.3648346
10200005082,5,2,82,حي ج36,C36 Dist.,21.2302068,40.5781092,40.4673446,21.2022282,40.6543492,21.2971081
10200005083,5,2,83,حي مثمله,Masmla Dist.,21.4840505,40.5196833,40.4727316,21.4495884,40.5826501,21.5355028
10200005084,5,2,84,حي الحوية,Al Huwaya Dist.,21.4326482,40.4831806,40.4459751,21.4097944,40.5039569,21.4517317
10200005085,5,2,85,حي ج40,C40 Dist.,21.1888821,40.5755193,40.5465965,21.1569573,40.6056746,21.2199039
10200005086,5,2,86,حي ج41,C41 Dist.,21.1791448,40.613001,40.5884709,21.1329149,40.6583629,21.2055728
10200005087,5,2,87,حي الاخباب,Akhbab Dist.,21.2214949,40.3627093,40.3464166,21.1974604,40.402304,21.2447392
10200005088,5,2,88,حي القراحين,Alqrahin Dist.,21.2348545,40.396382,40.3724998,21.2101138,40.4125999,21.2491957
10200005089,5,2,89,حي السداد,As Sadad Dist.,21.2254221,40.4170321,40.4095684,21.210584,40.4216597,21.2468772
10200005090,5,2,90,حي أم العراد,Umm Alarad  Dist.,21.2419915,40.4053771,40.4007997,21.2197724,40.4116779,21.265552
10200005091,5,2,91,حي الحدائق,Al Hadaek Dist.,21.2355019,40.4337821,40.4163998,21.2190563,40.4483334,21.247668
10200005092,5,2,92,حي أم السباع,Al Sabaa  Dist.,21.2335507,40.4568607,40.4429117,21.2196142,40.4741617,21.2475475
10200005093,5,2,93,حي المعارض,Al Maarid  Dist.,21.2530351,40.444014,40.4341603,21.2487505,40.4552554,21.2595296
10200005094,5,2,94,حي الردف,Ar Ruddaf Dist.,21.2223535,40.4238801,40.4168644,21.2117965,40.4395063,21.2377877
10200005095,5,2,95,حي ج32,C32 Dist.,21.3168711,40.5340021,40.5041088,21.3027475,40.5480392,21.3365283
10200005096,5,2,96,حي ج30,C30 Dist.,21.3591015,40.5318808,40.5048547,21.3359227,40.5426477,21.3779555
10200005097,5,2,97,حي ج31,C31 Dist.,21.3793343,40.5197634,40.4940131,21.3618568,40.529135,21.3954217
10200005098,5,2,98,حي ج24,C24 Dist.,21.398082,40.5247513,40.508296,21.3803682,40.55269,21.4273874
10200005099,5,2,99,حي الحلقة الشرقية,Al Halqah Asharqiyyah Dist.,21.3493852,40.4544074,40.4413311,21.3370296,40.4631401,21.3614904
10200005100,5,2,100,حي القيم الأسفل,Al Qayam Al Asfal Dist.,21.3678573,40.4401794,40.4280593,21.351931,40.4648762,21.3824576
10200005101,5,2,101,المطار الدولي الجديد,New International Airport,21.4308034,40.6907717,40.6444053,21.3800826,40.7477225,21.4645308
10200005102,5,2,102,حي ج14,C14 Dist.,21.5668538,40.6883363,40.6635435,21.5255464,40.7474165,21.5922376
10200005103,5,2,103,حي ج13,C13 Dist.,21.5500357,40.6545445,40.6189813,21.5113355,40.68078,21.5756676
10200005104,5,2,104,حي القيم الأعلى,Al Qayam Al Aala Dist.,21.3437209,40.4280512,40.4185639,21.3182677,40.4413311,21.3583297
10200005105,5,2,105,حي ج7,C7 Dist.,21.5184811,40.5005397,40.4679245,21.5032544,40.5155168,21.5357162
10200005106,5,2,106,حي ج19,C19 Dist.,21.4696127,40.6280879,40.5994787,21.4559524,40.6528244,21.4993564
10200005107,5,2,107,حي ج34,C34 Dist.,21.2840674,40.5042,40.4652428,21.2495479,40.5477853,21.3069176
10200005108,5,2,108,حي العرج الأسفل,Al Urj Al Asfal Dist.,21.3456751,40.4831996,40.4549846,21.3199058,40.5142993,21.3660245
10200005109,5,2,109,جامعة الطائف الجديدة,New Taif University,21.333133,40.5023761,40.4769604,21.3097784,40.5316092,21.3542132
10200005110,5,2,110,حي مسرة 2,Masarah 2 Dist.,21.3025143,40.3674475,40.3290184,21.2746819,40.3811556,21.3185712
10200005111,5,2,111,حي الفيصلية,Al Faisaliyah Dist.,21.2974958,40.4191041,40.4088368,21.2885461,40.4343589,21.3204188
10200005112,5,2,112,حي العرج الأعلى,Al Urj Al Aala Dist.,21.3172807,40.4614869,40.4485911,21.3068867,40.4794259,21.3369948
10200005113,5,2,113,حي ج39,C39 Dist.,21.1898797,40.5383201,40.5154712,21.1611648,40.5617198,21.2256624
10200005114,5,2,114,حي ج38,C38 Dist.,21.2206774,40.4960015,40.4650551,21.1890346,40.5337726,21.2447643
10200005115,5,2,115,حي الغمير,Al Ghumayr Dist.,21.307143,40.3736872,40.3577422,21.2985853,40.3956876,21.3252534
10200005116,5,2,116,حي العارمية 1,Al Aarmiah 1 Dist.,21.3986018,40.4670591,40.4497708,21.37168,40.4820006,21.4148058
10200005117,5,2,117,حي القديرة,Al Qadirah Dist.,21.3960798,40.4559309,40.4418741,21.3777466,40.4635651,21.4142796
10200005118,5,2,118,حي سديرة,Sudayrah Dist.,21.3536225,40.8697754,40.8234597,21.3334464,40.9024909,21.3944377
10200006001,6,2,1,حي العدل,Al Adl Dist.,21.4491075,39.8750818,39.8547566,21.4295965,39.8974766,21.4612059
10200006002,6,2,2,حي الروضة,Ar Rawdah Dist.,21.4282064,39.8482516,39.8333949,21.421987,39.8645112,21.4327214
10200006003,6,2,3,حي المعابدة,Al Maabdah Dist.,21.4355783,39.8419448,39.8345664,21.4293736,39.8607814,21.4417904
10200006004,6,2,4,حي الخنساء,Al Khansa Dist.,21.4479156,39.8426333,39.8385814,21.4383413,39.8547834,21.4565456
10200006005,6,2,5,حي السليمانية,As Sulimaniyah Dist.,21.4321819,39.8347901,39.8267798,21.428908,39.8383089,21.4356439
10200006006,6,2,6,حي الجميزة,Al Jummayzah Dist.,21.4372205,39.8344361,39.8275711,21.4323854,39.8392722,21.4438624
10200006007,6,2,7,حي جبل النور,Jabal An Nur Dist.,21.4586863,39.8677488,39.8473944,21.4385541,39.8951795,21.475627
10200006008,6,2,8,حي الهنداوية,Al Hindawiyah Dist.,21.4175673,39.7975281,39.7904309,21.4086803,39.8078666,21.4247649
10200006009,6,2,9,حي الرصيفة,Ar Rusayfah Dist.,21.4118782,39.7899378,39.7798312,21.3986399,39.7988021,21.424829
10200006010,6,2,10,حي جرهم,Jarham Dist.,21.4076395,39.8141653,39.8078666,21.398318,39.821009,21.4119043
10200006011,6,2,11,حي الخالدية,Al Khalidiyah Dist.,21.4002609,39.7995397,39.7876631,21.3946359,39.8101759,21.4112293
10200006012,6,2,12,حي المسفلة,Al Misfalah Dist.,21.4046775,39.8236588,39.8161565,21.3973558,39.8280564,21.4113569
10200006013,6,2,13,حي التقوى,At Taqwa Dist.,21.393577,39.8180367,39.8094569,21.385434,39.8268435,21.4029429
10200006014,6,2,14,حي كدي,Kudy Dist.,21.3968923,39.8378268,39.8254481,21.3839676,39.8526394,21.4164029
10200006015,6,2,15,حي القرارة والنقا,Al Qararah And An Naqa Dist.,21.4287437,39.82631,39.8222546,21.4252637,39.8286358,21.4329633
10200006016,6,2,16,حي الحرم,Al Haram Dist.,21.423116,39.8259673,39.8237375,21.4204973,39.828205,21.4258368
10200006017,6,2,17,حي حارة الباب والشامية,Harat Al Bab And Ash Shamiyah Dist.,21.4248619,39.822299,39.819246,21.4219439,39.8260428,21.427998
10200006018,6,2,18,حي التيسير,At Taysir Dist.,21.4294484,39.812273,39.8065449,21.4230922,39.816243,21.434234
10200006019,6,2,19,حي جرول,Jarwal Dist.,21.4291689,39.8174187,39.8139737,21.4237236,39.8229642,21.4354317
10200006020,6,2,20,حي المشاعر,Al Mashair Dist.,21.3969792,39.9204167,39.8598481,21.3261834,40.012189,21.458335
10200006021,6,2,21,حي المرسلات,Al Mursalat Dist.,21.4047536,39.8844693,39.8651587,21.3914033,39.8984341,21.4219369
10200006022,6,2,22,حي العزيزية,Al Aziziyah Dist.,21.4186062,39.8542199,39.8413101,21.4034728,39.8685736,21.4274059
10200006023,6,2,23,حي الجامعة,Al Jamiah Dist.,21.3962023,39.8746768,39.8587978,21.38401,39.8969509,21.4108012
10200006024,6,2,24,حي النسيم,Al Naseem Dist.,21.3840946,39.8672045,39.8494961,21.3579589,39.8956061,21.4072959
10200006025,6,2,25,حي الزهراء,Az Zahra Dist.,21.4282432,39.7977702,39.7891534,21.4223322,39.8068288,21.4334844
10200006026,6,2,26,حي الضيافة,Ad Diyafah Dist.,21.4362444,39.8006103,39.7899032,21.4321195,39.8065449,21.4410369
10200006027,6,2,27,حي البيبان,Al Bibyan Dist.,21.4360223,39.8070255,39.8042456,21.431824,39.811429,21.4415632
10200006028,6,2,28,حي الحجون,Al Hujun Dist.,21.4366513,39.8189605,39.809644,21.4315334,39.828013,21.4416934
10200006029,6,2,29,حي الطندباوي,At Tandabawi Dist.,21.4159259,39.8157481,39.8095905,21.4111955,39.8182434,21.4243044
10200006030,6,2,30,حي الشبيكة,Ash Shubaikah Dist.,21.4168802,39.8180674,39.8166686,21.4112752,39.8228446,21.4240523
10200006031,6,2,31,حي الهجلة,Al Hajlah Dist.,21.4160159,39.8249796,39.821009,21.4113143,39.8280338,21.4223318
10200006032,6,2,32,حي المنصور,Al Mansur Dist.,21.4177536,39.8103691,39.8067931,21.4112293,39.813945,21.4242732
10200006033,6,2,33,حي الكعكية,Al Kakiyah Dist.,21.3792394,39.8154983,39.8033623,21.3639028,39.8261678,21.3945515
10200006034,6,2,34,حي الشوقية,Ash Shawqiyah Dist.,21.3868877,39.7956405,39.7834741,21.3705881,39.8096303,21.4005182
10200006035,6,2,35,حي الهجرة,Al Hijrah Dist.,21.3790568,39.8471635,39.8268519,21.3537458,39.8669639,21.3944672
10200006036,6,2,36,حي بطحاء قريش,Batha Quraysh Dist.,21.3633936,39.8345865,39.8142581,21.3388839,39.8628261,21.3856358
10200006037,6,2,37,حي شرائع المجاهدين,Sharai Al Mujahidin Dist.,21.5201552,39.9497601,39.9125866,21.4865841,39.968211,21.5501893
10200006038,6,2,38,حي العوالي,Al Awali Dist.,21.3102641,39.9348156,39.8541467,21.2566501,40.011961,21.362625
10200006039,6,2,39,حي الشرائع,Asharai  Dist.,21.4949489,39.934125,39.8840773,21.4765213,39.94885,21.5502221
10200006040,6,2,40,حي الراشدية,Ar Rashidiyah Dist.,21.4835654,39.9812808,39.9664365,21.4722095,39.9999668,21.4932614
10200006041,6,2,41,حي الخضراء,Al Khadra Dist.,21.43919,39.9482956,39.8951795,21.3858025,39.9964168,21.4828852
10200006042,6,2,42,حي الملك فهد,King Fahd Dist.,21.3722184,39.7097749,39.6218868,21.3304477,39.7873236,21.4207358
10200006043,6,2,43,حي العكيشية,Al Ukayshiyah Dist.,21.2597196,39.8652877,39.8025411,21.1664465,39.9215108,21.3658416
10200006044,6,2,44,حي ولي العهد,Waly Al Ahd Dist.,21.3067577,39.7327648,39.6319422,21.2253728,39.826694,21.3765288
10200006045,6,2,45,حي الاندلس,Al Andalus Dist.,21.4511889,39.8274174,39.8181059,21.4358655,39.8346943,21.4775856
10200006046,6,2,46,حي ريع زاخر,Ray Zakhir Dist.,21.4545849,39.8392701,39.8294508,21.4404477,39.8452095,21.4774415
10200006047,6,2,47,حي التنعيم,At Tanim Dist.,21.487187,39.8110013,39.7913517,21.4606862,39.8347091,21.5200967
10200006048,6,2,48,حي الزاهر,Az Zahir Dist.,21.445927,39.7954512,39.7846714,21.4391826,39.8096169,21.4568455
10200006049,6,2,49,حي شعب عامر وشعب علي,Shaib Amir And Shaib Ali Dist.,21.4266882,39.8307226,39.8275079,21.4225545,39.8363999,21.4314033
10200006050,6,2,50,حي اجياد,Ajyad Dist.,21.4186845,39.8319637,39.8254335,21.4119892,39.8371182,21.4240285
10200006051,6,2,51,حي الحمراء وام الجود,Al Hamra Umm Al Jud Dist.,21.4115468,39.6905191,39.6104969,21.3520737,39.7798312,21.4489937
10200006052,6,2,52,حي النزهة,An Nuzhah Dist.,21.4329248,39.783323,39.7689705,21.4207358,39.7991762,21.4406468
10200006053,6,2,53,حي العتيبية,Al Utaybiyah Dist.,21.4517642,39.8183555,39.8086762,21.4390847,39.8264432,21.4664529
10200006054,6,2,54,حي الروابي,Ar Rawabi Dist.,21.4129877,39.8350715,39.8259537,21.3978329,39.842849,21.4226366
10200006055,6,2,55,حي العمرة الجديدة,Al Umrah Al Jadidah Dist.,21.5783092,39.8107442,39.7672504,21.5143013,39.8563276,21.6089275
10200006056,6,2,56,حي السلامة,As Salamah Dist.,21.4544995,39.7011491,39.602099,21.4143396,39.7919128,21.5175651
10200006057,6,2,57,حي البحيرات,Al Buhayrat Dist.,21.4809442,39.772769,39.7001285,21.4540913,39.806984,21.524103
10200006058,6,2,58,حي النوارية,An Nawwariyah Dist.,21.5347094,39.770384,39.6878344,21.4858947,39.7912684,21.5845371
10200006059,6,2,59,حي الشهداء,Ash Shuhada Dist.,21.4570253,39.8075311,39.7964717,21.4480134,39.8173633,21.4640853
10200006060,6,2,60,حي وادي جليل,Wadi Jalil Dist.,21.4711679,39.8593811,39.83139,21.451112,39.8903763,21.5199495
10200006061,6,2,61,حي العسيلة,Al Usaylah Dist.,21.4816949,39.8756609,39.8308251,21.4612059,39.9121527,21.5693518
10200006062,6,2,62,حي جعرانة,Jaranah Dist.,21.5358174,39.9545028,39.9359751,21.5067286,39.9831284,21.5752695
10200006063,6,2,63,حي البيعة,Al Biyah Dist.,21.4594162,40.0235779,40.0002074,21.4433574,40.0571692,21.4783813
10200006064,6,2,64,حي المغمس,Al Mughams Dist.,21.4515362,39.9949959,39.9704436,21.435758,40.0048795,21.4744523
10200006065,6,2,65,حي التروية,At Tarwiyah Dist.,21.4782951,39.9676527,39.9522724,21.4629781,39.9833883,21.4879733
10200006066,6,2,66,حي الشرائع,Ash Sharia Dist.,21.4823364,39.9447726,39.9353212,21.4650765,39.9601599,21.4868925
10200006067,6,2,67,حي السلام,As Salam Dist.,21.4658056,39.9563544,39.9451161,21.4554188,39.9690063,21.4711821
10200006068,6,2,68,حي الكوثر,Al Kawthar Dist.,21.4554317,39.9649422,39.9504657,21.4415934,39.9803285,21.4667447
10200018001,18,2,1,حي الزمرد,Az Zomorod Dist.,21.7920112,39.0425846,39.0275158,21.7792059,39.0822284,21.8104977
10200018002,18,2,2,حي اللؤلؤ,Al Loaloa Dist.,21.7626217,39.0526399,39.0475432,21.7494216,39.0772912,21.7852444
10200018003,18,2,3,حي الياقوت,Al Yaqoot Dist.,21.7824883,39.0739567,39.0592388,21.7637135,39.1003214,21.8020603
10200018004,18,2,4,حي الصوارى,As Swaryee Dist.,21.8051336,39.1074008,39.0754332,21.7806631,39.1222782,21.8115581
10200018005,18,2,5,حي الامواج,Al Amwaj Dist.,21.7409993,39.0637819,39.0571326,21.7337109,39.0892998,21.7635711
10200018006,18,2,6,حي الشراع,Ash Sheraa Dist.,21.7648295,39.0948558,39.077094,21.7490568,39.112608,21.780661
10200018007,18,2,7,حي الفردوس,Al Ferdous Dist.,21.7872036,39.1247221,39.1003214,21.7659411,39.1372722,21.7964424
10200018008,18,2,8,حي الفلاح,Al Falah Dist.,21.7802165,39.1768107,39.166067,21.7653681,39.2078665,21.7981527
10200018009,18,2,9,حي الاصالة,Al Asalah Dist.,21.7800632,39.1529808,39.1347284,21.7658047,39.1740063,21.7877969
10200018010,18,2,10,حي مريخ,Mraykh Dist.,21.5392483,39.3102255,39.2700139,21.508572,39.3256738,21.5613419
10200018011,18,2,11,حي الشروق,Ash Shrouk Dist.,21.5722072,39.2942631,39.2518352,21.5429442,39.3088161,21.5791056
10200018012,18,2,12,حي الامير فواز الشمالى,Al Amir Fawaz Ash Shamaly Dist.,21.4368405,39.3015328,39.2880476,21.4250555,39.3120311,21.444372
10200018013,18,2,13,حي الرياض,Ar Riyadh Dist.,21.8745907,39.1991795,39.1566319,21.8117461,39.21243,21.9066189
10200018014,18,2,14,حي الفروسية,Al Frosyah Dist.,21.8397641,39.2135232,39.1860922,21.8030183,39.2245648,21.8526311
10200018015,18,2,15,حي الرحمانية,Ar Rahmaniyah Dist.,21.7932134,39.2140663,39.1964174,21.7743286,39.2373275,21.8124574
10200018016,18,2,16,حي الصالحية,As Salhiyah Dist.,21.7577142,39.2263465,39.2006023,21.7442349,39.2474786,21.7813308
10200018017,18,2,17,حي الحمدانية,Al Hamadaniyah Dist.,21.7548252,39.1839274,39.1740063,21.7359286,39.2115432,21.775493
10200018018,18,2,18,حي الريان,Ar Rayaan Dist.,21.6832772,39.2042365,39.1998752,21.6546158,39.2230416,21.7117085
10200018019,18,2,19,حي أم حبلين الغربية,Um Hableen Al Gharbiyyah Dist.,21.7200101,39.2581792,39.2122576,21.6730295,39.2711197,21.7565631
10200018020,18,2,20,حي بريمان,Bryman Dist.,21.6549424,39.2740784,39.2043202,21.6082349,39.2859806,21.6881289
10200018021,18,2,21,حي المنتزة,Al Montazah Dist.,21.6055457,39.2859567,39.2597261,21.5751815,39.3019984,21.6200544
10200018022,18,2,22,حي الثعالبة,Ath Thaalibah Dist.,21.4647017,39.1867351,39.1779565,21.4589529,39.1935695,21.4702055
10200018023,18,2,23,حي البلد,Al Balad Dist.,21.4847375,39.1847891,39.1762541,21.4766499,39.1998274,21.4925034
10200018024,18,2,24,حي الفاروق,Al Farouk Dist.,21.449885,39.2686241,39.2551937,21.4410583,39.2830375,21.4606299
10200018025,18,2,25,حي العدل,Al Adel Dist.,21.4424047,39.2966379,39.2791773,21.4361438,39.3052649,21.452557
10200018026,18,2,26,حي الهنداوية,Al Hindawiyah Dist.,21.4735168,39.1874371,39.1765781,21.4681526,39.1985845,21.4788002
10200018027,18,2,27,حي المحجر,Al Mahjar Dist.,21.424157,39.1812986,39.1715509,21.4070763,39.2347971,21.4501078
10200018028,18,2,28,حي النهضة,An Nahdah Dist.,21.6186647,39.1314058,39.1132559,21.6062422,39.1410911,21.632169
10200018029,18,2,29,حي الخالدية,Al Khalidiyah Dist.,21.5571794,39.1347075,39.1252766,21.5467453,39.1432609,21.5747054
10200018030,18,2,30,جامعة الملك عبدالعزيز,King Abdulaziz University,21.4969591,39.2467409,39.22545,21.4835568,39.2682467,21.5028313
10200018031,18,2,31,حي النخيل,Al Nakhil Dist.,21.5279085,39.2588411,39.2383437,21.5122797,39.28501,21.5467042
10200018032,18,2,32,حي البغدادية الشرقية,Al Baghdadiyah Ash Sharqiyah Dist.,21.498271,39.1921536,39.1838746,21.4905312,39.2033919,21.5040464
10200018033,18,2,33,حي النزلة الشرقية,An Nazlah Ash Sharqiyah Dist.,21.4731636,39.2206735,39.2126181,21.4610324,39.2292898,21.4817742
10200018034,18,2,34,حي البوادي,Al Bawadi Dist.,21.5998022,39.1678277,39.1555094,21.5809805,39.1769553,21.6160555
10200018035,18,2,35,حي السلامة,As Salamah Dist.,21.5966499,39.1494492,39.1410911,21.5747054,39.1653275,21.6139013
10200018036,18,2,36,حي الثغر,Ath Thaghr Dist.,21.4797099,39.2286764,39.2076418,21.470902,39.2434186,21.4870158
10200018037,18,2,37,حي الشرفية,Ash Sharafiyah Dist.,21.5119573,39.1884614,39.1794457,21.5014542,39.1935569,21.5319368
10200018038,18,2,38,قاعدة الملك فيصل البحرية,King Faisal Naval Base,21.3803506,39.1669464,39.1246801,21.3296896,39.1994425,21.4105449
10200018039,18,2,39,حي الشفا,Ash Shefaa Dist.,21.3993648,39.3483381,39.3122395,21.3422294,39.3510712,21.4227428
10200018040,18,2,40,حي السنابل,As Sanabel Dist.,21.3898057,39.2658764,39.2544059,21.3734586,39.2961395,21.4105844
10200018041,18,2,41,حي الهدى,Al Hada Dist.,21.36923,39.2945953,39.2854268,21.3528015,39.3216968,21.3933394
10200018042,18,2,42,حي التضامن,Al Tadamun Dist.,21.3589987,39.2975987,39.2790226,21.3196635,39.3385654,21.3753219
10200018043,18,2,43,حي الكرامة,Al Karamah Dist.,21.3004411,39.3153581,39.296325,21.2866953,39.3331954,21.3232272
10200018044,18,2,44,حي الرحمة,Ar Rahmah Dist.,21.2743752,39.3117388,39.296325,21.2430696,39.325323,21.2870056
10200018045,18,2,45,حي البركة,Al Barakah Dist.,21.2703871,39.2702222,39.262175,21.2431275,39.2968151,21.2866953
10200018046,18,2,46,حي المسرة,Al Masarah Dist.,21.284934,39.2455515,39.2321827,21.2432283,39.2640121,21.2863235
10200018047,18,2,47,حي المليساء,Al Moulysaa Dist.,21.2783402,39.211045,39.1924952,21.2433183,39.2327665,21.2858319
10200018048,18,2,48,حي القوزين,Al Qouzeen Dist.,21.2565981,39.1460538,39.1371249,21.2434241,39.1931742,21.2849866
10200018049,18,2,49,حي الوادي,Al Wadi Dist.,21.3060565,39.1593431,39.1522276,21.2840965,39.1924952,21.3333255
10200018050,18,2,50,حي الفضيلة,Al Fadeylah Dist.,21.312004,39.2719653,39.261278,21.2863233,39.2963861,21.3280897
10200018051,18,2,51,حي التعاون,At Taawun Dist.,21.3533786,39.268528,39.2599104,21.327851,39.2791039,21.3737232
10200018052,18,2,52,حي السروات,As Sarawat Dist.,21.3394514,39.2265204,39.1919139,21.3272779,39.2364518,21.3769272
10200018053,18,2,53,حي الخمرة,Al Khomrah Dist.,21.3461392,39.2413383,39.2268512,21.3274321,39.261278,21.3766402
10200018054,18,2,54,حي الضاحية,Ad Dahiah Dist.,21.3070884,39.2203091,39.1917566,21.284838,39.2321827,21.3310821
10200018055,18,2,55,حي القرينية,Al Qryniah Dist.,21.2903853,39.2444545,39.2313448,21.2858319,39.2621526,21.327851
10200018056,18,2,56,حي النزلة اليمانية,An Nazlah Al Yamaniyah Dist.,21.4698298,39.2080769,39.1985014,21.4558748,39.2222303,21.4841723
10200018057,18,2,57,حي النسيم,Al Naseem Dist.,21.5216784,39.2351071,39.2097939,21.5092317,39.2524141,21.5319685
10200018058,18,2,58,حي القريات,Al Quraiyat Dist.,21.4664993,39.1990598,39.1923172,21.4587214,39.2074781,21.4735392
10200018059,18,2,59,حي غليل,Ghulail Dist.,21.4529567,39.2057489,39.1978523,21.4450033,39.2167019,21.4588736
10200018060,18,2,60,حي الكندرة,Al Kandarah Dist.,21.4924154,39.2006139,39.1953603,21.4841723,39.2081307,21.501767
10200018061,18,2,61,حي العمارية,Al Ammariyah Dist.,21.4915837,39.192403,39.1893256,21.4877916,39.1979171,21.4962829
10200018062,18,2,62,حي الصحيفة,As Sahifah Dist.,21.486402,39.1946972,39.1902574,21.4846526,39.1997336,21.4914302
10200018063,18,2,63,حي السبيل,As Sabil Dist.,21.4818029,39.2006053,39.1951685,21.4736167,39.2076418,21.4861819
10200018064,18,2,64,حي الروضة,Ar Rawdah Dist.,21.5568431,39.1533292,39.1426478,21.5482005,39.1737157,21.5809805
10200018065,18,2,65,حي بنى مالك,Bani Malik Dist.,21.5320384,39.2214269,39.1923701,21.5261038,39.2410246,21.540555
10200018066,18,2,66,حي الفيصلية,Al Faisaliyah Dist.,21.5723402,39.1848782,39.1653275,21.5558418,39.2020646,21.5872344
10200018067,18,2,67,حي الرحاب,Al Rehab Dist.,21.5510626,39.2274415,39.2119282,21.5366796,39.2383437,21.5679621
10200018068,18,2,68,حي العزيزية,Al Aziziyah Dist.,21.5500886,39.1929839,39.1737157,21.5416951,39.2152618,21.5641489
10200018069,18,2,69,حي مشرفة,Mishrifah Dist.,21.5401002,39.1937692,39.1767979,21.5293903,39.2178396,21.548724
10200018070,18,2,70,حي الورود,Al Wurud Dist.,21.5180907,39.2002583,39.1925209,21.5108812,39.2173025,21.5267327
10200018071,18,2,71,حي الواحة,Al Wahah Dist.,21.5589079,39.2452193,39.2310508,21.540555,39.2576945,21.5728827
10200018072,18,2,72,حي ابرق الرغامة,Abruq Ar Rughamah Dist.,21.4963106,39.3063509,39.2524141,21.4822567,39.3269016,21.521881
10200018073,18,2,73,حي السليمانية,As Sulaymaniyah Dist.,21.5042918,39.2462426,39.2394575,21.5017476,39.2599587,21.5122797
10200018074,18,2,74,حي الساحل,As Sahil Dist.,21.3000605,39.1181061,39.1032899,21.2498323,39.1547016,21.3358894
10200018075,18,2,75,حي البشائر,Al Bashaer Dist.,21.798196,39.1627111,39.154181,21.7834556,39.1985024,21.828804
10200018076,18,2,76,حي المحمدية,Al Muhammadiyah Dist.,21.6487422,39.1254888,39.1107452,21.6287339,39.1441073,21.6709101
10200018077,18,2,77,حي الكوثر,Al Kawthar Dist.,21.7283803,39.1982114,39.1891579,21.7088046,39.2218307,21.7451771
10200018078,18,2,78,حي طيبة,Taibah Dist.,21.7988328,39.1396722,39.1157147,21.7855242,39.1591643,21.8263454
10200018079,18,2,79,حي النعيم,An Naim Dist.,21.6265803,39.1442263,39.1304411,21.6108555,39.1555094,21.6446677
10200018080,18,2,80,حي البساتين,Al Basatin Dist.,21.6943748,39.1140428,39.1066913,21.6646767,39.1288027,21.7090361
10200018081,18,2,81,حي الربوة,Ar Rabwah Dist.,21.600543,39.1802643,39.1668582,21.5795677,39.1984621,21.6196783
10200018082,18,2,82,حي النزهة,An Nuzhah Dist.,21.6281953,39.1647275,39.1508772,21.6139013,39.1858511,21.6380668
10200018083,18,2,83,حي الصفا,As Safa Dist.,21.5858966,39.2157569,39.1922371,21.5622398,39.2310508,21.6082349
10200018084,18,2,84,حي المروة,Al Marwah Dist.,21.6181968,39.2039549,39.1820833,21.5998109,39.2211486,21.6355431
10200018085,18,2,85,حي السامر,As Samir Dist.,21.586684,39.2493613,39.2271061,21.5679621,39.2668326,21.5964268
10200018086,18,2,86,حي الاجواد,Al Ajwad Dist.,21.5940154,39.2600613,39.2445034,21.5883374,39.2698888,21.6155229
10200018087,18,2,87,مطار الملك عبدالعزيز الدولي,King Abdulaziz International Airport,21.6924902,39.1714312,39.1144828,21.6312528,39.2108782,21.774158
10200018088,18,2,88,حي المنار,Al Manar Dist.,21.6030155,39.2279324,39.2211486,21.5903126,39.2497613,21.6142962
10200018089,18,2,89,المنطقة الصناعية,Industrial Area,21.4084673,39.2316266,39.2106166,21.3737232,39.2599104,21.4293893
10200018090,18,2,90,حي الامير عبدالمجيد,Prince Abdul Majeed Dist.,21.4308705,39.2793875,39.2546743,21.4001061,39.2945456,21.4463665
10200018091,18,2,91,حي الوزيريه,Al Waziriyah Dist.,21.4452684,39.2361926,39.2105569,21.4313572,39.2551937,21.4558748
10200018092,18,2,92,حي الجوهرة,Al Jawharah Dist.,21.4361119,39.2502256,39.2324367,21.4087389,39.2691611,21.4492721
10200018093,18,2,93,حي الامير فواز الجنوبى,Al Amir Fawaz Al Janouby Dist.,21.4307489,39.2901716,39.2717956,21.4169771,39.3095923,21.4445942
10200018094,18,2,94,حي المتنزهات,Al Mutanazahat Dist.,21.4555597,39.2994743,39.2682467,21.4467254,39.3094833,21.488642
10200018095,18,2,95,حي الجامعة,Al Jamiah Dist.,21.4738476,39.2532,39.2372572,21.4604282,39.2628241,21.4874594
10200018096,18,2,96,حي الروابي,Ar Rawabi Dist.,21.4664665,39.2671223,39.2602315,21.452557,39.2791773,21.488642
10200018097,18,2,97,حي الفضل,Al Fadel Dist.,21.4324356,39.3284839,39.3037499,21.415261,39.3474688,21.449705
10200018098,18,2,98,حي ام السلم,Um Asalam Dist.,21.4606675,39.3410745,39.3053591,21.4237865,39.3889057,21.4835246
10200018100,18,2,100,حي البغدادية الغربية,Al Baghdadiyah Al Gharbiyah Dist.,21.4954004,39.174669,39.1636207,21.4865282,39.1867184,21.5105793
10200018101,18,2,101,حي ابحر الشمالية,Abhur Ash Shamaliyah Dist.,21.7374503,39.104668,39.0676607,21.7070986,39.1478348,21.7837157
10200018102,18,2,102,حي الرويس,Ar Ruwais Dist.,21.5059776,39.1632425,39.1592486,21.4987539,39.1821251,21.5293903
10200018103,18,2,103,حي بترومين,Petromin Dist.,21.4409165,39.1684796,39.1533203,21.4280915,39.2050716,21.4611366
10200018104,18,2,104,حي الاندلس,Al Andalus Dist.,21.5303574,39.1422455,39.1119225,21.5067327,39.1767799,21.5558418
10200018105,18,2,105,حي ابحر الجنوبية,Abhur Al Janubiyah Dist.,21.7310858,39.1164972,39.0963679,21.6997356,39.1501793,21.7721849
10200018106,18,2,106,حي المرجان,Al Murjan Dist.,21.6860195,39.0923043,39.0858998,21.6598873,39.1107452,21.7107967
10200018107,18,2,107,حي السرورية,As Sororyah Dist.,21.4067682,39.2129808,39.1965252,21.3747709,39.2306681,21.4123142
10200018108,18,2,108,حي الاجاويد,Al Ajaweed Dist.,21.4145883,39.316125,39.282496,21.3755511,39.3326403,21.4257483
10200018109,18,2,109,حي الشاطئ,Ash Shati Dist.,21.605694,39.1064201,39.0964777,21.5445404,39.1294114,21.6646767
10200018110,18,2,110,حي مدائن الفهد,Madain Al Fahd Dist.,21.4617267,39.2357063,39.2167019,21.4492721,39.2602975,21.4744726
10200018111,18,2,111,حي الزهراء,Az Zahra Dist.,21.5911729,39.1357146,39.120904,21.5721018,39.1442748,21.6108555
10200018112,18,2,112,حي الحمراء,Al Hamra Dist.,21.5197996,39.1560619,39.1496573,21.5088027,39.1794457,21.5417781
10200018113,18,2,113,حي الفيحاء,Al Fayha Dist.,21.5019585,39.2085361,39.1931833,21.4820303,39.2395973,21.5117724
10200018114,18,2,114,حي بحرة,Bahrah Dist.,21.4116608,39.4459471,39.4138549,21.377661,39.5279834,21.4437105
10200018115,18,2,115,ميناء جدة الاسلامي,Jeddah Eslamic Seaport,21.4742425,39.1660496,39.147713,21.4450431,39.1798234,21.4932036
10200018116,18,2,116,حي الوفاء,Al Wafa Dist.,21.8333678,39.2255692,39.2129281,21.8124574,39.2557459,21.8788698
10200018117,18,2,117,حي الحرازات,Al Harazat Dist.,21.4920568,39.3640822,39.3172757,21.462253,39.4127169,21.5296728
10200018118,18,2,118,حي المحاميد,Al Mahamid Dist.,21.4511394,39.4080932,39.3772125,21.4237902,39.4269421,21.4760827
10200018119,18,2,119,المدينة الصناعية الثالثة,3rd Industrial City,21.1441897,39.3230411,39.2981253,21.0944588,39.3455944,21.1563928
10200018120,18,2,120,حي الفنار,Al Fanar Dist.,21.8269071,39.077636,39.058515,21.8096358,39.0807746,21.8503195
10200018121,18,2,121,حي السهل,Al Sahl Dist.,21.3713441,39.433746,39.4266636,21.358075,39.4656813,21.3890652
10200018122,18,2,122,حي الدرة,Ad Durrah Dist.,21.9589574,39.0218017,39.0042025,21.9407823,39.0544432,21.9702305
10200018123,18,2,123,حي المنارات,Al Manarat Dist.,21.8280034,39.0912221,39.0787045,21.8103309,39.1216431,21.855759
10200018124,18,2,124,حي الربيع,Ar Rabie Dist.,21.9191492,39.007863,38.9976345,21.8992075,39.043188,21.947929
10200018125,18,2,125,حي الحجاز,Al Hijaz Dist.,21.7900725,39.2589883,39.2245648,21.757189,39.2772877,21.8331522
10200018126,18,2,126,حي المزيرعة,Al Muzairah Dist.,21.9851843,39.1534218,39.1209067,21.9704888,39.1569824,21.9967824
10200018127,18,2,127,حي الصفوة,Al Safwah Dist.,21.8828388,39.1980713,39.1881496,21.852348,39.2441989,21.9183823
10200018128,18,2,128,حي المستقبل,Al Mustaqbal Dist.,21.3305644,39.3880962,39.336203,21.3138722,39.400076,21.3609804
10200018129,18,2,129,حي النجمة,An Najmah Dist.,21.8930863,39.0731722,39.043188,21.8744386,39.0947664,21.910989
10200018130,18,2,130,حي القوس,Al Qus Dist.,21.5314349,39.3395579,39.3144425,21.4932923,39.3799282,21.5464875
10200018131,18,2,131,حي الحفنة,Al Hafnah Dist.,21.5648001,39.3234073,39.3019984,21.5311147,39.3647508,21.5858759
10200018132,18,2,132,حي الجزيرة,Al Jazirah Dist.,21.9789176,39.0171881,39.0019124,21.9633559,39.0603117,21.990623
10200018133,18,2,133,حي الشويضي,Al Shuwaidhi Dist.,21.9248254,39.0869086,39.0655042,21.9049817,39.100753,21.9383711
10200018134,18,2,134,حي الشرقية,Al Sharqiyyah Dist.,21.9266389,39.1455238,39.124202,21.8918546,39.1785449,21.9538455
10200018135,18,2,135,حي العشيرية,Al Ushayriyyah Dist.,21.9107731,39.1307629,39.1213966,21.8823558,39.1681009,21.9227454
10200018136,18,2,136,حي أبو جعالة,Abu Jaalah Dist.,21.3977251,39.3507696,39.3423431,21.3549968,39.3777342,21.4168386
10200018137,18,2,137,حي كتانة,Katanah Dist.,21.4199788,39.4158848,39.3968278,21.4043603,39.4386445,21.4349167
10200018138,18,2,138,حي التلال,Al Talal Dist.,21.6544204,39.2802183,39.2740753,21.6200544,39.3095996,21.6758385
10200018139,18,2,139,حي الرمال,Ar Rimal Dist.,21.0867969,39.2481365,39.2110931,21.062304,39.2913727,21.1078377
10200018140,18,2,140,حي المرسي,Al Mursi Dist.,21.1048863,39.1968626,39.1846046,21.0934473,39.269993,21.1345895
10200018141,18,2,141,حي المروج,Al Muruj Dist.,21.8830712,38.9791324,38.9467079,21.824563,39.0253418,21.9241279
10200018142,18,2,142,حي الخليج,Al Khalij Dist.,21.8793183,39.0225438,39.0120668,21.8473796,39.0705366,21.9091899
10200018143,18,2,143,حي البحيرات,Al Buhayrat Dist.,21.8275049,39.0196184,39.0059697,21.8046409,39.0605521,21.8607637
10200018144,18,2,144,حي الموج,Al Mawj Dist.,21.058907,39.2551689,39.2413988,21.0517177,39.294744,21.0712783
10200018145,18,2,145,حي الغربية,Al Gharbiyyah Dist.,21.9174506,39.1147243,39.0947664,21.9012969,39.124202,21.9245745
10200018146,18,2,146,حي الزهور,Al Zahur Dist.,21.8955609,39.097663,39.0810961,21.8856422,39.124709,21.9049817
10200018147,18,2,147,حي الهزاعية,Al Hazaiyah Dist.,21.8817722,39.1420888,39.1228226,21.8545679,39.1608771,21.89263
10200018148,18,2,148,حي العسلاء,Al Asla Dist.,21.5977713,39.307549,39.2859806,21.5791056,39.3357485,21.6344211
10200018149,18,2,149,حي العسلاء,Al Asla Dist.,21.3739988,39.41865,39.3772904,21.3505015,39.4287593,21.3944325
10200018150,18,2,150,حي بلدة ذهبان,Dhahban Town Dist.,21.9336902,39.1091343,39.0962761,21.9221892,39.1295265,21.9510168
10200018151,18,2,151,حكومي,Governmental,21.8591995,39.1206375,39.0733952,21.8197455,39.160661,21.892394
10200018152,18,2,152,حي العقيق,Al Aqiq Dist.,21.9375406,39.0911418,39.0700717,21.9245745,39.1043545,21.9610295
10200018153,18,2,153,حي النور,Al Nur Dist.,21.8651072,39.0687485,39.0508669,21.8493958,39.0810867,21.8749491
10200018154,18,2,154,حي صناعي,Industrial Dist.,21.91193,39.3135633,39.2724242,21.8807288,39.3271721,21.9251118
10200018155,18,2,155,حكومي,Governmental,21.3284825,39.4016523,39.3865549,21.2946989,39.449955,21.3591036
10200018156,18,2,156,حي الغدير,Al Ghadir Dist.,21.9251118,39.039379,39.0301669,21.908881,39.0700717,21.9433379
10200018157,18,2,157,حي الفرقان,Al Furqan Dist.,21.9676704,39.0945956,39.0752572,21.955495,39.1236137,21.9941418
10200018158,18,2,158,حي طابة,Tabah Dist.,21.9580649,39.1505852,39.1237095,21.9482507,39.1606617,21.9726515
10200018159,18,2,159,حي الرواسي,Al Rawasee Dist.,21.6829244,39.2719594,39.2636443,21.6647429,39.2974787,21.7136656
10200018160,18,2,160,حي أم حبلين الشرقية,Um Hableen Al Sharqiyyah Dist.,21.7330106,39.2572953,39.2472222,21.7035064,39.2835807,21.7782552
10200018161,18,2,161,حي قباء,Quba Dist.,21.8223759,39.1242293,39.1151036,21.8111424,39.1421327,21.8412314
10200018162,18,2,162,حي الرابية,Al Rabiyah Dist.,21.1068812,39.2758584,39.2412042,21.1054532,39.2854541,21.1695881
10200018163,18,2,163,حي العليا,Al 'Ulayya Dist.,21.4211273,39.3652464,39.344016,21.4010359,39.3749273,21.4385329
10200018164,18,2,164,حي البدور,Al Budur Dist.,21.8460336,39.2623853,39.2496153,21.8270309,39.2942154,21.874538
10200018165,18,2,165,حي المجامع,Al Majami Dist.,21.9531228,39.1059707,39.0863449,21.941302,39.1247361,21.9713105
10200018166,18,2,166,حي المرسلات,Al Mursalat Dist.,21.414335,39.3901198,39.3689129,21.3890148,39.4283925,21.4289967
10200018167,18,2,167,حي الأثير,Al Athir Dist.,21.3875659,39.3965389,39.372726,21.3609804,39.4112647,21.404461
10200018168,18,2,168,حي صناعي,Industrial Dist.,21.36869,39.4796243,39.4325925,21.3188886,39.5183436,21.3806496
10200018169,18,2,169,حي الصفحة,Al Safhah Dist.,21.8714917,39.2560831,39.2441701,21.8557446,39.293265,21.9059924
10200018170,18,2,170,حي اليسر,Al Yusr Dist.,21.9762558,39.0703635,39.0560341,21.9608048,39.0795984,21.9915818
10200018171,18,2,171,حي العبير,Al Abeer Dist.,21.9506476,39.0617534,39.050865,21.9383711,39.0735599,21.9635676
10200377002,377,2,2,حي الشفاء,Ash Shifa Dist.,22.7751255,39.0199499,39.0027574,22.7678748,39.0376288,22.7787532
10200377003,377,2,3,حي انكاس,Inkas Dist.,22.7502953,39.0399943,39.0319629,22.7393496,39.0441948,22.7687408
10200377005,377,2,5,حي الصليب الشرقي,As Silayyib Ash Sharqi Dist.,22.8206611,39.0401396,39.0249486,22.8148095,39.0544056,22.8308937
10200377006,377,2,6,حي الصليب الغربي,As Silayyib Al Gharbi Dist.,22.826637,39.0225764,39.0026648,22.8147841,39.0323755,22.8472285
10200377007,377,2,7,حي المرجانية,Al Marjaniyah Dist.,22.7904483,39.0536746,39.0436651,22.781571,39.0697827,22.8039844
10200377008,377,2,8,حي الجود,Al Jud Dist.,22.7855609,39.0240207,39.0155007,22.7743502,39.0382623,22.7913821
10200377009,377,2,9,حي الصبوح,As Sabuh Dist.,22.8076144,39.0444072,39.0363148,22.7996825,39.0542806,22.8128995
10200377010,377,2,10,حي الفرنيسية الشرقية,Al Farnisiyyah Ash Sharqiyyah Dist.,22.7853824,39.0437208,39.0365947,22.7768376,39.0542803,22.8007597
10200377011,377,2,11,حي السوق,As Suq Dist.,22.8048755,39.0335126,39.0318937,22.7992028,39.0365947,22.8092523
10200377012,377,2,12,حي الصمد,As Samad Dist.,22.7995503,39.0289076,39.0252475,22.7813804,39.0382831,22.8089282
10200377013,377,2,13,المنطقة الصناعية المرحلة الثانية والثالثة,Industrial Area Phase 2 And 3,22.7609581,39.064058,39.047958,22.73903,39.0973088,22.7821262
10201105001,1105,2,1,حي الفيصلية,Al Faisaliyah Dist.,22.1797125,39.2867536,39.280938,22.1782631,39.28926,22.1828323
10201105002,1105,2,2,حي البرقاء,Al Barqa Dist.,22.1549298,39.3202144,39.316283,22.1517693,39.3269272,22.1569972
10201105003,1105,2,3,حي العزيزية,Al Aziziyah Dist.,22.1586592,39.3433552,39.3408907,22.1553486,39.3473273,22.1613536
10201105004,1105,2,4,المغاربة,Al Magharbah,22.1409214,39.3414021,39.3366791,22.1367418,39.3457673,22.143813
10201105005,1105,2,5,حي الدف,Ad Duf Dist.,22.1194901,39.3113316,39.3065658,22.108838,39.3177422,22.1251102
10201105006,1105,2,6,حي السلام,As Salam Dist.,22.1027818,39.3165603,39.3107471,22.0948935,39.3231348,22.1109333
10201105007,1105,2,7,حي فازع,Faza Dist.,22.0937348,39.3199193,39.3129922,22.0912154,39.3220051,22.0972226
10201105008,1105,2,8,حي الفلج,Al Falaj Dist.,22.1503708,39.3576694,39.3553797,22.1494649,39.359173,22.1516186
10201105009,1105,2,9,حي الطلعة,At Talaah Dist.,22.122254,39.4133358,39.405942,22.1092887,39.4258868,22.1276669
10201105010,1105,2,10,حي الشيوخ,Ash Shiyukh Dist.,22.1357352,39.4019387,39.3998223,22.1330707,39.4035111,22.1370818
10201105011,1105,2,11,الصدر,As Sadr,22.1473923,39.400647,39.3994,22.141414,39.4046785,22.1507695
10201105012,1105,2,12,حي اللبدة,Al Lubdah Dist.,22.1481308,39.3968858,39.3953666,22.1467214,39.3980809,22.1490712
10201105013,1105,2,13,حي الحميرات,Al Humayrat Dist.,22.1582329,39.4055453,39.4009457,22.1523566,39.4069616,22.1619686
10201105014,1105,2,14,حي الروايضة,Ar Ruwaydah Dist.,22.1613612,39.4050343,39.4025753,22.1599501,39.4066189,22.1636222
10201105015,1105,2,15,غران,Gharan,21.9685382,39.3614949,39.3585019,21.9617652,39.3748375,21.9803016
10201248001,1248,2,1,حي الخالدية,Al Khalidiyah Dist.,21.9039768,42.0168476,42.0119866,21.8993277,42.0220121,21.9094102
10201248002,1248,2,2,حي الناصرية,An Nasriyah Dist.,21.9004221,42.0253799,42.0192375,21.8973909,42.0290974,21.9066805
10201248003,1248,2,3,حي الروضة,Ar Rawdah Dist.,21.920077,42.0236982,42.0181792,21.9139528,42.028756,21.925335
10201248004,1248,2,4,حي الحزم,Al Hazm Dist.,21.9115404,42.0201067,42.0151353,21.9066805,42.025054,21.9167002
10201248005,1248,2,5,حي النزهة,An Nuzhah Dist.,21.9125805,42.0301765,42.0220121,21.9035637,42.0349164,21.9202468
10201248006,1248,2,6,حي الحديقة,Al Hadiqah Dist.,21.9133627,42.0322152,42.0288557,21.9110169,42.0346333,21.9163632
10201248007,1248,2,7,حي الفيصلية,Al Faisaliyah Dist.,21.9196086,42.0308748,42.0255108,21.9150328,42.0350012,21.9228009
10201248008,1248,2,8,حي المحمدية,Al Muhammadiyah Dist.,21.9307617,42.0285499,42.0217652,21.9228009,42.0341049,21.9382507
10201248009,1248,2,9,حي السوق القديم,As Suq Al Qadim Dist.,21.9079502,42.0374077,42.0305703,21.9021572,42.0444917,21.9150784
10201248010,1248,2,10,حي الحارثية,Al Harthiyah Dist.,21.9042147,42.0374495,42.0293067,21.8973363,42.0430042,21.9067733
10201248011,1248,2,11,حي الهجرة,Al Hijrah Dist.,21.9006557,42.0349804,42.0203368,21.8903155,42.0417419,21.9040361
10201248012,1248,2,12,حي الدغمية,Ad Daghmiyah Dist.,21.9650809,42.0527261,42.0475611,21.9589966,42.0605646,21.9707882
10201257001,1257,2,1,حي النسيم,Al Naseem Dist.,21.6208845,39.7029697,39.700429,21.6124828,39.708521,21.628356
10201257002,1257,2,2,حي الصفاء,Al Safa Dist.,21.6224877,39.6905528,39.6833681,21.6138583,39.6968641,21.6330458
10201257003,1257,2,3,حي العزيزية,Al Aziziyah Dist.,21.6211078,39.6994301,39.6947278,21.6129656,39.7042211,21.631138
10201257004,1257,2,4,حي النقابة,An Naqabah Dist.,21.6293358,39.6721671,39.65739,21.6209593,39.6852345,21.6368504
10201257005,1257,2,5,حي السلامة,As Salamah Dist.,21.5984501,39.698943,39.6942153,21.5885504,39.7106914,21.6129656
10201257006,1257,2,6,حي أبو شعيب,Abu Shuayb Dist.,21.5821896,39.7003322,39.6953127,21.5734396,39.7096125,21.5885242
10201257007,1257,2,7,حي النخيل,Al Nakhil Dist.,21.6071456,39.6910269,39.6865851,21.5955644,39.6985972,21.6160723
10201257008,1257,2,8,حي الخالدية,Al Khalidiyah Dist.,21.6087177,39.6982558,39.6968802,21.6038593,39.700429,21.6137947
10201257009,1257,2,9,حي الفيصلية,Al Faisaliyah Dist.,21.6097921,39.6864219,39.6804953,21.6048569,39.6914278,21.6221343
10201257010,1257,2,10,حي سدر,Sedr Dist.,21.6189503,39.6799219,39.6568841,21.6146242,39.6837537,21.6368241
10201257011,1257,2,11,حي غزيات,Ghaziyyat Dist.,21.6544601,39.6312478,39.618277,21.6443594,39.6440584,21.6657895
10201257012,1257,2,12,حي أبو عروة,Abu Urwah Dist.,21.6486178,39.6919967,39.6781396,21.628356,39.7146163,21.6648153
10201257013,1257,2,13,حي عين شمس,Ayn Shams Dist.,21.6582148,39.7666034,39.7404903,21.6316476,39.781173,21.6686507
10201257014,1257,2,14,حي الشهداء,Ash Shuhada Dist.,21.6391805,39.7143046,39.7042211,21.6180437,39.7334223,21.6542028
10201390001,1390,2,1,حي رقم 7,No 7 Dist.,20.1470365,40.2626006,40.2558337,20.1412708,40.2746944,20.1516523
10201390002,1390,2,2,حي ج1,C 1 Dist.,20.1620442,40.2351224,40.2301586,20.1553269,40.2512043,20.1698749
10201390003,1390,2,3,حي رقم 3,No 3 Dist.,20.1488809,40.2792517,40.2741496,20.1451783,40.2830807,20.152754
10201390004,1390,2,4,حي رقم 5,No 5 Dist.,20.1300035,40.2749805,40.2651148,20.1100822,40.2873302,20.144069
10201390005,1390,2,5,حي رقم 4,No 4 Dist.,20.1333558,40.2908814,40.2822032,20.1123142,40.3025868,20.1464355
10201390006,1390,2,6,حي رقم 2,No 2 Dist.,20.1481732,40.2856697,40.2815641,20.1428785,40.2925512,20.1538823
10201390007,1390,2,7,حي رقم 9,No 9 Dist.,20.1559469,40.245717,40.2347062,20.1538421,40.2529748,20.1601627
10201390008,1390,2,8,حي رقم 1,No 1 Dist.,20.161735,40.2786061,40.2718597,20.1516523,40.2897766,20.1742755
10201390009,1390,2,9,حي رقم 8,No 8 Dist.,20.1572206,40.2595956,40.2516932,20.1463249,40.2741497,20.1743524
10201390010,1390,2,10,حي رقم 10,No10 Dist.,20.1425529,40.2570806,40.249711,20.1278911,40.2681219,20.1579179
10201390011,1390,2,11,حي رقم 6,No 6 Dist.,20.1402328,40.270567,40.2606572,20.1343227,40.2818786,20.146113
10201625001,1625,2,1,حي الشرقية,Ash Sharqiyyah Dist.,19.1259753,41.0879484,41.0814635,19.1131908,41.1036518,19.1328864
10201625002,1625,2,2,حي الخالدية,Al Khalidiyah Dist.,19.1420928,41.0767046,41.0688728,19.1328864,41.0821231,19.1511823
10201625003,1625,2,3,حي الناعمية,An Naimiyah Dist.,19.1260175,41.0788423,41.0768568,19.1210847,41.0827472,19.1282658
10201625004,1625,2,4,حي الازهار,Al Azhar Dist.,19.12394,41.0848945,41.0786241,19.1182962,41.0879215,19.126188
10201625005,1625,2,5,حي الغربي,Al Gharbi Dist.,19.130121,41.0785212,41.0750308,19.1282769,41.0801104,19.1330506
10201625006,1625,2,6,حي الرتبة,Ar Ratibah Dist.,19.1266374,41.077267,41.0744768,19.1216108,41.0789967,19.1292186
10201625007,1625,2,7,حي الشامية,Ash Shamiyah Dist.,19.1299594,41.0801872,41.0789927,19.1276765,41.0827474,19.1329263
10201628001,1628,2,1,حي القوز,Al Qawz Dist.,18.9748062,41.3075159,41.2861796,18.9672301,41.3219324,18.9985779
10201879001,1879,2,1,حي ثول,Thuwal Dist.,22.2803392,39.0966806,39.0851076,22.2552156,39.1384975,22.301309
10201879002,1879,2,2,جامعة الملك عبدالله للعلوم والتقنية,King Abdullah University Of Science And Technology,22.3136628,39.0986466,39.0876072,22.2887511,39.1350193,22.3340444
10202156001,2156,2,1,حي السلام,As Salam Dist.,21.2133698,41.6347954,41.6195965,21.2038076,41.6402119,21.2258216
10202156002,2156,2,2,حي منيف,Munif Dist.,21.2176854,41.6424922,41.6373611,21.2101138,41.6452405,21.2195531
10202156003,2156,2,3,حي العلاوة,Al Allawah Dist.,21.1796691,41.6498446,41.6374236,21.1620362,41.6566504,21.1963519
10202156004,2156,2,4,حي البلد,Al Balad Dist.,21.2228765,41.6467476,41.6402119,21.2172206,41.6639252,21.2395098
10202156005,2156,2,5,حي كرا السردي,Kara As Sardi Dist.,21.2049899,41.6802471,41.6663356,21.1817691,41.6950994,21.2196435
10202156006,2156,2,6,حي الخالدية,Al Khalidiyah Dist.,21.199197,41.6278411,41.6175469,21.1957965,41.634319,21.2084507
10202156007,2156,2,7,حي السوق,As Suq Dist.,21.2240559,41.6435118,41.6356051,21.2195531,41.6456515,21.2287271
10202800001,2800,2,1,حي الورود,Al Wurud Dist.,21.2829024,42.8178845,42.8126223,21.2766144,42.8245212,21.2883446
10202800002,2800,2,2,حي الجدر,Al Judr Dist.,21.230808,42.8457317,42.8402121,21.226108,42.8529826,21.2390149
10202800003,2800,2,3,حي الحزم,Al Hazm Dist.,21.2481127,42.8470078,42.8424661,21.2437239,42.8501347,21.2511105
10202800004,2800,2,4,حي ملهي,Milhi Dist.,21.2509323,42.8152138,42.8111111,21.2439161,42.8210271,21.2564672
10202800005,2800,2,5,حي الأغر,Al Aghar Dist.,21.2658435,42.8344259,42.8275943,21.2552311,42.8409814,21.2698529
10202800006,2800,2,6,حي كويكب,Kuaykib Dist.,21.2263325,42.7848164,42.7811122,21.2185242,42.7975896,21.2322875
10202800007,2800,2,7,حي الوزران,Al Waziran Dist.,21.2792529,42.8872098,42.8816346,21.273064,42.8934911,21.2851985
10202800008,2800,2,8,حي الدعيكة,Al Daika Dist.,21.2464697,42.8564957,42.8525347,21.2424663,42.8593288,21.2497191
10202800009,2800,2,9,حي الجزء الشمالي,Al Juzu Al Shamali Dist.,21.2571833,42.8487514,42.8432242,21.2524007,42.85717,21.262629
10202800010,2800,2,10,حي الملحة 1,Al Mulha 1 Dist.,21.2540234,42.8386865,42.8374147,21.2529071,42.8403993,21.2562112
10202800011,2800,2,11,حى النطوف,Al Natouf Dist.,21.2554027,42.8014546,42.7903067,21.2455828,42.8098388,21.2639523
10202800012,2800,2,12,حي البروج,Al Burouj Dist.,21.2698457,42.8424091,42.8384198,21.2677585,42.8450815,21.2737688
10202800013,2800,2,13,حي السلم,Al Silm Dist.,21.2483525,42.8399928,42.8316899,21.2433828,42.846312,21.2534807
10202800014,2800,2,14,حى السلم القديم,Al Silm Al Qadim Dist.,21.2511455,42.8254696,42.8161858,21.2453841,42.8328927,21.2568578
10202800015,2800,2,15,حي النزهة,Al Nuzha Dist.,21.2518126,42.8476229,42.8429953,21.2497826,42.8523061,21.2534304
10202800016,2800,2,16,حي السوق القديم,As Suq Al Qadim Dist.,21.2462931,42.8516136,42.8496872,21.2431428,42.8541565,21.2501602
10202800017,2800,2,17,حي الجدر الغربي,Al Judr Al Gharbi Dist.,21.2243772,42.8427311,42.8383305,21.2201475,42.8461073,21.2279728
10202800018,2800,2,18,حي الملحة 2,Al Mulha 2 Dist,21.2661191,42.8248269,42.8198352,21.2620454,42.8299087,21.2715828
10202800019,2800,2,19,حي العزيزية,Al Aziziyah Dist.,21.2582577,42.8428249,42.8389633,21.2509109,42.844552,21.2683712
10202800020,2800,2,20,حي الصالحية,As Salhiyah Dist.,21.2510035,42.8536539,42.8518749,21.2495073,42.8563795,21.2527186
10202800021,2800,2,21,حي الجدر الشرقي,Al Judr Al Sharqi Dist.,21.2240999,42.8531078,42.8450257,21.2182157,42.8616497,21.228752
10203666001,3666,2,1,حي البيلسان,Bay La Sun Dist.,22.402522,39.0863793,39.0754454,22.3852143,39.0988733,22.4379142
10203666002,3666,2,2,حي نورسان,Nursun Dist.,22.4417459,39.1308987,39.1169375,22.415682,39.1461976,22.4743054
10203666003,3666,2,3,حي المروج,Murooj Dist.,22.4547209,39.0900975,39.0823311,22.4322904,39.1075687,22.4662694
10203666004,3666,2,4,حي المرجان,Murjan Dist.,22.4730834,39.0922522,39.0816037,22.462855,39.111484,22.4896685
10203666005,3666,2,5,حي جمان,Juman Dist.,22.41299,39.1116286,39.093771,22.3982962,39.1239872,22.4331489
10203666006,3666,2,6,حي ليماس,Limas Dist.,22.4072796,39.1482895,39.1418039,22.3913132,39.1632918,22.4165475
10203666007,3666,2,7,حي ريتان,Reetan Dist.,22.3799658,39.1406467,39.1308641,22.3520647,39.1567369,22.3945306
10203666008,3666,2,8,حي التلال,At Talal Dist.,22.4048723,39.1761407,39.1567369,22.3833971,39.1934128,22.4162027
10203666009,3666,2,9,حي المشرق,Mashreq Dist.,22.3772383,39.1644631,39.1458181,22.358443,39.1768109,22.3913132
10203666010,3666,2,10,حي الحجاز,Hejaz Dist.,22.4249739,39.1771562,39.1632918,22.4141945,39.1944356,22.4346207
10203666011,3666,2,11,حي الدانة,Dana Dist.,22.4479384,39.1644105,39.1445517,22.4322299,39.183545,22.4681699
10203666012,3666,2,12,حي ميسان,Maysan Dist.,22.4185309,39.1470298,39.1368171,22.4120267,39.1640824,22.4343713
10203666013,3666,2,13,حي الإنتاج,Entaj Dist.,22.5080603,39.1115909,39.0934244,22.4955044,39.126044,22.5169936
10203666014,3666,2,14,حي التنمية,Tanmiyah Dist.,22.4777251,39.1542025,39.1265091,22.452741,39.1863559,22.5052232
10203666015,3666,2,15,حي الحرير,Hareer Dist.,22.4974902,39.0951699,39.0768739,22.4853358,39.1373608,22.5129526
10203666016,3666,2,16,حي المستقبل,Mustaqbal Dist.,22.5233473,39.1314564,39.1179857,22.4927855,39.1692665,22.5456076
10203666017,3666,2,17,حي الأفق,Ofoq Dist.,22.5537722,39.0901895,39.0790726,22.5455945,39.1245666,22.5684068
10203666018,3666,2,18,حي رسيل,Raseel Dist.,22.3855321,39.1052339,39.0944829,22.3719385,39.1210816,22.4042762
10203666019,3666,2,19,منطقة البحيرة المحمية,Lagoon Preserved Area,22.3915694,39.1204038,39.0944158,22.3601967,39.1450027,22.4185585
10203666020,3666,2,20,حي ميناء الملك عبد الله,King Abdullah Port Dist.,22.529841,39.1096096,39.076766,22.5037443,39.1286809,22.5456226
10203666021,3666,2,21,حي الرواد,Ruwad Dist.,22.3366273,39.1344839,39.1227401,22.3220054,39.1447195,22.3576748
10203666022,3666,2,22,حي التالة,Talah Dist.,22.4457197,39.1142205,39.1054217,22.4303881,39.1238078,22.4638111
10203666023,3666,2,23,حي الورود,Al Wurud Dist.,22.472846,39.1259424,39.1075687,22.4604511,39.1333095,22.4881656
10223642001,23642,2,1,حي الصبغان,Al Sabghan Dist.,19.5672223,41.6553745,41.6490595,19.55915,41.659393,19.5718121
10223642002,23642,2,2,حي غليل,Ghalil Dist.,19.5551102,41.6648792,41.6624605,19.5529834,41.6663265,19.5587584
10223642003,23642,2,3,حي نمره المخطط,Nimra Al Mukhatat Dist.,19.5816653,41.6692514,41.6548508,19.5753398,41.6747283,19.5876763
10223642004,23642,2,4,حي المبنى الشمالي,Al Mabna Al Shamali Dist.,19.5864273,41.6834709,41.675779,19.5787366,41.6879065,19.5925697
10223642005,23642,2,5,حي البارك,Al Bark Dist.,19.5970473,41.6858882,41.682282,19.592181,41.6890829,19.6025003
10223642006,23642,2,6,مخطط المدارات,Al Madarat Subdivision Plan,19.5975218,41.6524715,41.646837,19.5847151,41.655731,19.6033704
10223642007,23642,2,7,حي بني سهيم,Bani Suhaym Dist.,19.6121616,41.6345395,41.6242237,19.6005512,41.6419914,19.620297
10223642008,23642,2,8,حي الذنبه,Al Dhanbh Dist.,19.5539576,41.6715268,41.6684512,19.5497199,41.6736623,19.5576799
10223642009,23642,2,9,مخطط جنوب نمره,Janub Nimrah Dist.,19.5769602,41.6630308,41.6536906,19.5670064,41.6713306,19.5862777
10223642010,23642,2,10,حي المبنى الجنوبي,Al Mabna Al Janubi Dist.,19.5712592,41.6756094,41.6672539,19.5606354,41.6829888,19.5810502
10223642011,23642,2,11,حي المستشفي,Al Mustashfi Dist.,19.5870228,41.6780736,41.6714333,19.5779383,41.686915,19.5975238
10300014001,14,3,1,حي خاخ,Khakh Dist.,24.3199828,39.5652066,39.5517541,24.2862177,39.6142691,24.3493153
10300014002,14,3,2,حي السكب,As Sakb Dist.,24.3651666,39.5713973,39.5517018,24.3443548,39.6040677,24.3759523
10300014003,14,3,3,حي الجصة,Al Jassah Dist.,24.3643436,39.6128062,39.5983492,24.3455,39.6302001,24.3765426
10300014004,14,3,4,حي رهط,Raht Dist.,24.3738687,39.6361261,39.619017,24.3517625,39.6624812,24.38756
10300014005,14,3,5,حي بني بياضة,Bani Bayadah Dist.,24.3853468,39.5904087,39.5812463,24.3702019,39.5983492,24.3992439
10300014006,14,3,6,حي نبلاء,Nubala Dist.,24.3848395,39.6537904,39.6430736,24.3644899,39.6846642,24.3997932
10300014007,14,3,7,حي الشهباء,Ash Shahba Dist.,24.3913121,39.5479278,39.5430766,24.3737746,39.5595389,24.4102787
10300014008,14,3,8,حي الرمانة,Ar Rumanah Dist.,24.4020837,39.6843452,39.6697805,24.3789991,39.6959334,24.4118265
10300014009,14,3,9,حي ابو كبير,Abu Kabir Dist.,24.3942206,39.5424261,39.5194948,24.3649945,39.551263,24.4126461
10300014010,14,3,10,حي الغراء,Al Gharra Dist.,24.4025666,39.661242,39.6440605,24.3906004,39.6837703,24.4177877
10300014011,14,3,11,حي السد,As Sad Dist.,24.4064687,39.6334503,39.6205226,24.38756,39.6497097,24.4223021
10300014012,14,3,12,حي الجابرة,Al Jabirah Dist.,24.4035887,39.58608,39.5749281,24.391078,39.5937769,24.423134
10300014013,14,3,13,حي الرانوناء,Ar Ranuna Dist.,24.3936531,39.6001816,39.5849349,24.3701942,39.619017,24.4256919
10300014014,14,3,14,حي الحديقة,Al Hadiqah Dist.,24.4158987,39.6124631,39.5974032,24.4039143,39.6238081,24.4275785
10300014015,14,3,15,حي ابو بريقاء,Abu Burayqa Dist.,24.4156717,39.5626799,39.5471784,24.4091899,39.5770047,24.4288386
10300014016,14,3,16,حي الروابي,Ar Rawabi Dist.,24.4150554,39.6478602,39.6345303,24.3992476,39.6733114,24.429861
10300014017,14,3,17,حي القصواء,Al Qaswa Dist.,24.4311297,39.5916435,39.5744872,24.4213617,39.6065399,24.4365829
10300014018,14,3,18,حي العصبة,Al Usbah Dist.,24.4292394,39.6107995,39.6007933,24.4205713,39.6205226,24.4399175
10300014019,14,3,19,حي الخاتم,Al Khatim Dist.,24.4289078,39.6254632,39.6160589,24.420505,39.6345015,24.4410466
10300014020,14,3,20,حي العزيزية,Al Aziziyah Dist.,24.4236707,39.4979023,39.4690885,24.3949176,39.5313195,24.4418231
10300014021,14,3,21,حي العهن,Al Ihn Dist.,24.4315912,39.6390441,39.6257349,24.4222972,39.6521916,24.4422522
10300014022,14,3,22,حي ذو الحليفة,Dhu Al Hulayfah Dist.,24.4282894,39.5613434,39.5380886,24.4102787,39.58246,24.4470052
10300014023,14,3,23,حي وادي مهزور,Wadi Mahzur Dist.,24.4400359,39.6544132,39.6328866,24.429861,39.6680181,24.4513377
10300014024,14,3,24,حي الدويمة,Ad Duwaimah Dist.,24.4462192,39.6085377,39.6020248,24.4384954,39.6160589,24.4525138
10300014025,14,3,25,حي وادي مذينب,Wadi Mudhainib Dist.,24.4343002,39.6677328,39.6521916,24.4177877,39.6893204,24.4537942
10300014026,14,3,26,حي عين الخيف,Ayn Al Khif Dist.,24.4334102,39.6881931,39.6733114,24.4118265,39.6968306,24.4539876
10300014027,14,3,27,حي عروة,Urwah Dist.,24.4468167,39.5837388,39.5735615,24.43258,39.6007933,24.4535845
10300014028,14,3,28,حي الظاهرة,Al Dhahirah Dist.,24.4472018,39.6002117,39.5903746,24.4365829,39.6095192,24.4573096
10300014029,14,3,29,حي الشريبات,Ash Shuraybat Dist.,24.4498122,39.6401109,39.6301877,24.4422522,39.6458423,24.4575654
10300014030,14,3,30,حي جماء أم خالد,Jima Um Khalid Dist.,24.4349847,39.5485642,39.5203138,24.4049815,39.5735615,24.4600081
10300014031,14,3,31,حي الجمعة,Al Jumah Dist.,24.452252,39.6143886,39.6070441,24.4399175,39.6257349,24.4631976
10300014032,14,3,32,حي المغيسلة,Al Mughaisilah Dist.,24.4561584,39.6049505,39.5967056,24.4494714,39.611484,24.4636349
10300014033,14,3,33,حي قربان,Qurban Dist.,24.4545401,39.6214858,39.6093001,24.4410352,39.6328866,24.4643011
10300014034,14,3,34,حي الدفاع,Ad Difa Dist.,24.4443906,39.5279325,39.497593,24.4222717,39.5458069,24.4663154
10300014035,14,3,35,حي سكة الحديد,Sikkah Al Hadid Dist.,24.4494437,39.4860662,39.4610731,24.4340443,39.5035358,24.4677412
10300014036,14,3,36,حى حرة الوبرة,Hura Al Wabra Dist.,24.4563424,39.5830864,39.577056,24.4509576,39.5903746,24.467147
10300014037,14,3,37,حي الاصيفرين,Al Usayfirin Dist.,24.4601805,39.5902264,39.582676,24.4535845,39.5967056,24.4671337
10300014038,14,3,38,حي النقاء,An Naqa Dist.,24.4648645,39.6047854,39.602252,24.4631082,39.6093001,24.467376
10300014039,14,3,39,حي بني ظفر,Bani Dhafir Dist.,24.4618792,39.6296728,39.6173646,24.4486578,39.6408795,24.4698166
10300014040,14,3,40,حي الاسكان,Al Iskan Dist.,24.4573632,39.6448568,39.6346951,24.4444031,39.6593855,24.4709839
10300014041,14,3,41,حي الخالدية,Al Khalidiyah Dist.,24.4624362,39.6620672,39.6491896,24.4486437,39.6681038,24.4719763
10300014042,14,3,42,حي الجماوات,Al Jamawat Dist.,24.4597583,39.5636119,39.5458069,24.4470052,39.5799368,24.472559
10300014043,14,3,43,حي المناخة,Al Manakhah Dist.,24.4713987,39.604633,39.602252,24.4673585,39.6072323,24.4737583
10300014044,14,3,44,حي بضاعة,Badhaah Dist.,24.4731125,39.608702,39.6051931,24.4708924,39.6139138,24.4742174
10300014045,14,3,45,حي جشم,Josham Dist.,24.4630021,39.67147,39.6615675,24.4513377,39.6979366,24.4748881
10300014046,14,3,46,حي الهدراء,Al Hadra Dist.,24.4304993,39.6968687,39.6837703,24.4048528,39.7084738,24.4757481
10300014047,14,3,47,حي السيح,As Sih Dist.,24.4718143,39.596119,39.5915732,24.467073,39.6027913,24.477431
10300014048,14,3,48,حي المصانع,Al Masani Dist.,24.477909,39.6084397,39.6030198,24.4736679,39.6157597,24.4858309
10300014049,14,3,49,حي القبلتين,Al Qiblatayn Dist.,24.4773015,39.5770002,39.5685136,24.4671337,39.5841489,24.4887887
10300014050,14,3,50,حي السلام,As Salam Dist.,24.4735973,39.5067355,39.4548068,24.4600081,39.5491656,24.4918436
10300014052,14,3,52,حي المبعوث,Al Mabuth Dist.,24.4816176,39.6719151,39.6550739,24.4719763,39.6980399,24.4941172
10300014053,14,3,53,حي الجامعة,Al Jamiah Dist.,24.4781751,39.5641365,39.5491656,24.4671468,39.5780923,24.5000097
10300014054,14,3,54,حي بني حارثة,Bani Harithah Dist.,24.4926195,39.6265957,39.6157597,24.480658,39.6417092,24.500168
10300014055,14,3,55,حي بئر عثمان,Bir Uthman Dist.,24.4945721,39.5804637,39.5720861,24.4807818,39.5877869,24.5067076
10300014056,14,3,56,حي شظاة,Shidhat Dist.,24.4918633,39.6540949,39.6417092,24.4794298,39.6707802,24.5081289
10300014057,14,3,57,حي طيبة,Taibah Dist.,24.4986925,39.5132143,39.4506823,24.472559,39.5564189,24.5270568
10300014058,14,3,58,حي التلعة,Al Talaah Dist.,24.5050387,39.6485688,39.6393802,24.4937645,39.6694259,24.5222211
10300014059,14,3,59,حي الملك فهد,King Fahd Dist.,24.5075966,39.6923221,39.6694259,24.4748881,39.709551,24.5293434
10300014061,14,3,61,حي البركة,Al Barakah Dist.,24.5185707,39.5746974,39.5564189,24.4888928,39.587303,24.545488
10300014062,14,3,62,حي العيون,Al Eyun Dist.,24.5129592,39.5919202,39.5808005,24.4873147,39.6015061,24.5471708
10300014063,14,3,63,حي الدار,Ad Dar Dist.,24.5339913,39.6371638,39.6176167,24.5138761,39.65798,24.5469294
10300014064,14,3,64,حي النخيل,Al Nakhil Dist.,24.5193305,39.5578239,39.5353345,24.5000097,39.5662287,24.5491363
10300014065,14,3,65,حي الزهرة,Az Zahrah Dist.,24.5286632,39.5668292,39.5557373,24.5120654,39.5820511,24.5542879
10300014066,14,3,66,حي الحفيا,Al Hafya Dist.,24.5326089,39.5094051,39.4656657,24.5162927,39.5503031,24.5550608
10300014067,14,3,67,حي البلقاء,Al Balqa Dist.,24.5053672,39.4417767,39.4079193,24.4813077,39.4656657,24.5398697
10300014068,14,3,68,حي كتانة,Kittanah Dist.,24.5565481,39.5541086,39.5311983,24.5420914,39.5714883,24.5673845
10300014069,14,3,69,حي الصادقية,As Sadiqiyah Dist.,24.5523969,39.5818565,39.5661976,24.5437791,39.596868,24.572148
10300014070,14,3,70,حي الغابة,Al Ghabah Dist.,24.5553556,39.6065896,39.5885935,24.5469294,39.6227606,24.5750475
10300014072,14,3,72,حي وعيرة,Wairah Dist.,24.5443712,39.668095,39.6458182,24.5189303,39.6862348,24.5795483
10300014073,14,3,73,حي المطار,Al Matar Dist.,24.5696055,39.666514,39.6226517,24.5293434,39.6914797,24.602047
10300014074,14,3,74,حي العريض,Al Ariydh Dist.,24.480423,39.6432662,39.6286761,24.4698166,39.6615675,24.4937645
10300014075,14,3,75,حي العنابس,Al Anabis Dist.,24.4746768,39.586538,39.5818567,24.4671067,39.5926386,24.4807818
10300014076,14,3,76,حي الفتح,Al Fath Dist.,24.4775282,39.5936623,39.5841489,24.469934,39.6054628,24.4873147
10300014077,14,3,77,حي الراية,Ar Rayah Dist.,24.4894956,39.5965648,39.5877869,24.475435,39.605112,24.4955939
10300014078,14,3,78,حي مسجد الدرع,Masjid Ad Dara Dist.,24.4935722,39.610668,39.6015061,24.4855665,39.6169347,24.4980308
10300014079,14,3,79,حي السقيا,As Suqya Dist.,24.4635452,39.5980365,39.5915828,24.4573096,39.6032143,24.4671067
10300014082,14,3,82,حي جبل عير,Jabal Ayr Dist.,24.3903996,39.5752001,39.5477268,24.3623585,39.5935712,24.4142534
10300014083,14,3,83,حي الشافية,Ash Shafiyah Dist.,24.5415586,39.6421707,39.6179353,24.5221678,39.6657526,24.5619979
10300014084,14,3,84,حي الشهداء,Ash Shuhada Dist.,24.5072119,39.6100517,39.5936733,24.4955939,39.6257387,24.5379227
10300014085,14,3,85,حي جبل احد,Jabal Uhud Dist.,24.5101289,39.6258268,39.5923866,24.4953837,39.6537137,24.5477856
10300014086,14,3,86,حي بني خدرة,Bani Khidrah Dist.,24.4656367,39.6151524,39.6076402,24.4630414,39.6195689,24.4687279
10300014087,14,3,87,حي بني عبدالاشهل,Bani Abdul Ashhal Dist.,24.4792318,39.6208313,39.6139138,24.4726766,39.6286761,24.4857934
10300014088,14,3,88,حي بني معاوية,Bani Muawiyah Dist.,24.4729222,39.6247886,39.6169534,24.468712,39.6346951,24.480658
10300014090,14,3,90,حي ورقان,Warqan Dist.,24.3884529,39.5181939,39.5022133,24.3623037,39.5330363,24.4049815
10300014091,14,3,91,حي شوران,Shuran Dist.,24.3957019,39.6250201,39.6066345,24.3765426,39.6430736,24.4110851
10300014092,14,3,92,حي الصناعية,Industrial Dist.,24.3793317,39.4919575,39.4717765,24.3461436,39.5266738,24.3949176
10300014093,14,3,93,حي الدويخلة,Ad Duwaikhilah Dist.,24.5046683,39.6717265,39.6570404,24.4902041,39.6900902,24.5189303
10300014094,14,3,94,حي العاقول,Al Aqoul Dist.,24.5279994,39.7288521,39.6862348,24.4757481,39.7600667,24.5544958
10300014095,14,3,95,حي وادي البطان,Wadi Al Battan Dist.,24.5246559,39.7901089,39.7236498,24.4624527,39.8843429,24.5867964
10300014096,14,3,96,حي المليليح,Al Mulaylih Dist.,24.8305079,39.246884,38.7821956,24.5813957,39.5567776,25.1746074
10300014097,14,3,97,حي الاناهي,Al Anahi Dist.,24.4178041,39.7103695,39.6959334,24.3903661,39.7336012,24.4770452
10300014098,14,3,98,حي وادي الحمض,Wadi  Al Hamdh Dist.,24.5870369,39.510191,39.4243643,24.5270568,39.5885935,24.6449813
10300014099,14,3,99,حى الخضراء,Al Khadhra Dist.,24.566501,39.7432167,39.6818653,24.5293434,39.8026084,24.5967489
10300014100,14,3,100,حي ابومرخة,Abumarkha Dist.,24.3992639,39.4236696,39.2743292,24.3005257,39.5022133,24.4651991
10300014101,14,3,101,حى الصهلوج,Al Sahluj Dist.,24.4634148,39.3924896,39.2086849,24.4249758,39.4610731,24.5289368
10300014102,14,3,102,حي المسبعة,Al Masbah Dist.,23.9467725,40.0356985,39.9671028,23.7411078,40.156788,24.0734444
10300014103,14,3,103,حي الضميرية,Al Dhamiria Dist.,23.9188504,40.370047,40.152123,23.7620995,40.5864487,24.1563089
10300014104,14,3,104,حي ضعة,Dhaea Dist.,24.1976233,39.9451867,39.9010217,24.0412151,40.1269492,24.3203094
10300014105,14,3,105,حي ام السيوف,Um Al Seouf Dist.,24.3091357,39.7357947,39.5612892,24.1863054,39.9144871,24.3903661
10300014106,14,3,106,حي غراب,Ghorab Dist.,24.2163094,40.2412649,39.9671028,24.0412151,40.40311,24.3124419
10300014107,14,3,107,حى حضوضاء,Hadhawda Dist.,24.377868,39.8456147,39.7211455,24.2310097,40.0575059,24.4867221
10300014108,14,3,108,حي الشرائع,Al Sharayie Dist.,24.3672899,39.6798494,39.6624812,24.3395148,39.7211455,24.4048528
10300014109,14,3,109,حى الصهوة,Al Sahwa Dist.,24.773856,39.7660946,39.6619779,24.6191356,39.8942539,24.8968045
10300014110,14,3,110,حي المندسة,Al Mundasa Dist.,24.5909898,39.2254573,38.8429679,24.4883373,39.4957688,24.7542926
10300014111,14,3,111,حى القبيبة,Qubeiba Dist.,24.7329534,39.6193769,39.5329306,24.5725986,39.7070545,24.8686853
10300014112,14,3,112,حي المزيين,Al Muzayiyn Dist.,24.3531338,39.6621028,39.6040677,24.3037601,39.6821642,24.3644899
10300014113,14,3,113,حى بني النجار,Bani Al Najjar Dist.,24.4713877,39.6172823,39.6136291,24.4685582,39.6195372,24.4736679
10300014114,14,3,114,حي حزرة الجنوب,Hazrat Al Janoub Dist.,24.0707705,40.6100386,40.3759916,23.9675229,40.7316678,24.3516669
10300014115,14,3,115,حى ابو سدر,Abu Sidr Dist.,24.6049638,39.7584904,39.6800146,24.5728742,39.8323578,24.6874386
10300014116,14,3,116,حى سد الغابة,Sad Al Ghaba Dist.,24.6624091,39.5693503,39.3796306,24.572148,39.6662478,24.7529352
10300014117,14,3,117,حى الحساء,Al Hisa Dist.,24.3654016,39.5506411,39.5266738,24.3493153,39.5534985,24.3759089
10300014118,14,3,118,حي المدينة الصناعية,Industrial City Dist.,24.3080528,39.5096405,39.3304347,24.2555564,39.5633397,24.3623037
10300014119,14,3,119,حى المفرحات,Al Mafrahat Dist.,24.3402087,39.4184273,39.3173617,24.2870792,39.493309,24.3750445
10300014120,14,3,120,حي الصويدرة,As Suwaydra Dist.,24.7113149,39.9662319,39.6969408,24.2670706,40.4930327,25.2119411
10300014121,14,3,121,حي ابيار الماشي,Abyar Al Mashi Dist.,24.0801591,39.61335,39.2404043,23.8793884,39.9973176,24.2879104
10300014122,14,3,122,حي الفريش,Al Furaysh Dist.,24.3096975,39.2010748,38.862063,23.9761796,39.4038955,24.5307718
10300014123,14,3,123,حي الـنقـمى,An Ngma Dist.,24.5666148,39.6443875,39.6219099,24.5604029,39.6537839,24.5785603
10300014124,14,3,124,الحرم الشريف,Al Haram  Al Sharif,24.4681341,39.6110799,39.6072129,24.4653531,39.6149675,24.4715682
10300199001,199,3,1,حي العزيزية,Al Aziziyah Dist.,26.5655051,37.9551029,37.9443217,26.5544428,37.9651919,26.5757362
10300199002,199,3,2,حي الصخيرات,As Sukhayrat Dist.,26.6111332,37.9261713,37.9151935,26.6003735,37.9387069,26.6178622
10300199003,199,3,3,حي الرزيقية,Al Ruzayqiyah Dist.,26.5971452,37.9320655,37.925423,26.5911192,37.9382408,26.6031604
10300199004,199,3,4,حي المحاش,Al Mahash Dist.,26.6034472,37.9482,37.9405974,26.5991267,37.9524909,26.6076246
10300199005,199,3,5,حي السلام,As Salam Dist.,26.5715024,37.9413336,37.9376616,26.5652353,37.9461448,26.5779018
10300199006,199,3,6,حي صدر الغربية,Sadr Al Gharbaiyah Dist.,26.5711906,37.9297028,37.9239633,26.5640985,37.9387749,26.577478
10300199007,199,3,7,حي ساق,Saq Dist.,26.6444272,37.9052787,37.9022513,26.6386657,37.9080095,26.6499886
10300199008,199,3,8,حي الجديدة,Al Jadidah Dist.,26.6300177,37.9126843,37.9097114,26.6264749,37.9157789,26.633724
10300288001,288,3,1,حي الخالدية,Al Khalidiyah Dist.,25.6667578,39.2896743,39.2844078,25.6520865,39.3036666,25.683361
10300288002,288,3,2,حي الفيصلية,Al Faisaliyah Dist.,25.7116266,39.2895491,39.2803052,25.6967044,39.29909,25.7140962
10300288003,288,3,3,حي الروضة,Ar Rawdah Dist.,25.690628,39.2914949,39.2863528,25.6816922,39.2954287,25.7003743
10300288004,288,3,4,حي سلطانة,Sultanah Dist.,25.7112688,39.275735,39.2692265,25.7057885,39.2813009,25.7144285
10300288005,288,3,5,حي العزيزية,Al Aziziyah Dist.,25.7071988,39.2838336,39.2779547,25.700207,39.292542,25.7106883
10300288006,288,3,6,حى الغزوة,Al Ghazwah Dist.,25.6873657,39.2961139,39.2944771,25.6723945,39.3084599,25.7016604
10300360001,360,3,1,حي المنتزهات,Al Muntazahat Dist.,23.4775586,40.8648207,40.8511802,23.4697141,40.8705857,23.4886271
10300360002,360,3,2,حي الوادى,Al Wadi Dist.,23.4697645,40.8794152,40.8773485,23.4658912,40.8861257,23.4773351
10300360003,360,3,3,حي الورود,Al Wurud Dist.,23.4994669,40.8905934,40.8799603,23.493758,40.8986431,23.5055684
10300360004,360,3,4,حي النسيم,Al Naseem Dist.,23.4824659,40.8597371,40.852198,23.4728272,40.8691607,23.4890312
10300360005,360,3,5,حي ج5,C5 Dist.,23.5322436,40.9127627,40.9083238,23.527235,40.9163567,23.5358018
10300360006,360,3,6,حي الرياض,Ar Riyadh Dist.,23.4680141,40.8238098,40.7990479,23.4509944,40.8384256,23.4762272
10300360007,360,3,7,حي اللجين,Al Lujain Dist.,23.4625305,40.8448693,40.838452,23.4565974,40.8595296,23.4702022
10300360008,360,3,8,حي الصفا,As Safa Dist.,23.5102581,40.8945742,40.8893587,23.503896,40.901396,23.5148001
10300360009,360,3,9,حي ج3,C3 Dist.,23.4722251,40.8440435,40.8386667,23.4596214,40.852748,23.4780824
10300360010,360,3,10,حي ج4,C4 Dist.,23.4696286,40.8375839,40.8218071,23.4514481,40.8417933,23.4774156
10300360011,360,3,11,حي الشفا,Ash Shifa  Dist.,23.5078375,40.8815518,40.8756956,23.5023435,40.8905308,23.5161082
10300360012,360,3,12,حي الفيصلية,Al Faisaliyah Dist.,23.4786447,40.8989728,40.8928772,23.4733052,40.9100265,23.484258
10300360013,360,3,13,حي الشروق,Ash Shuruq Dist.,23.5036801,40.9060081,40.8959751,23.4989724,40.9123211,23.5096844
10300360014,360,3,14,حي النهضة,An Nahdah Dist.,23.4532207,40.8174694,40.80325,23.4428783,40.8247073,23.4630728
10300360015,360,3,15,حي الروضة,Ar Rawdah Dist.,23.4538116,40.8362525,40.8095095,23.4328184,40.8385964,23.4588008
10300360016,360,3,16,حي الروابى,Ar Rawabi Dist.,23.498726,40.9054394,40.8990236,23.4906169,40.9123005,23.50393
10300360017,360,3,17,حي السامر,As Samir Dist.,23.4872416,40.8908115,40.8833342,23.4836382,40.9015471,23.4932004
10300360018,360,3,18,حي الخالدية,Al Khalidiyah Dist.,23.4793522,40.8895846,40.8820864,23.4692583,40.8966605,23.4854202
10300360019,360,3,19,حي العلم,Al Alam Dist.,23.4938256,40.8901065,40.8713153,23.4881281,40.9002126,23.5002786
10300360020,360,3,20,حي ج1,C1 Dist.,23.4871317,40.8745728,40.8698657,23.4835007,40.876526,23.4887404
10300360021,360,3,21,حي الذهب,Al Dhahab Dist.,23.495607,40.8755872,40.8693345,23.4889337,40.8826111,23.502521
10300483001,483,3,1,حي الياقوت,Al Yaqut Dist.,24.0594735,38.1167051,38.1050556,24.0429728,38.1317369,24.0697217
10300483002,483,3,2,حي المرجان,Al Murjan Dist.,24.0489462,38.1338334,38.1199365,24.0351239,38.148021,24.0629643
10300483003,483,3,3,حي البقاع,Al Biqa Dist.,24.1210975,38.1847658,38.170402,24.0940089,38.2281621,24.1434957
10300483004,483,3,4,حي الرحاب,Al Rehab Dist.,24.1963286,38.0245165,38.0114707,24.1865741,38.057314,24.2098312
10300483005,483,3,5,حي النعيم,Al Naim Dist.,24.1899455,38.0094043,37.9979521,24.1784736,38.0235289,24.1978713
10300483006,483,3,6,حي الازدهار,Al Izdihar Dist.,24.1449478,38.1006403,38.090514,24.1343352,38.1127368,24.1516179
10300483007,483,3,7,حي الياسمين,Al Yasmin Dist.,24.2218196,37.9966646,37.9718092,24.1978713,38.0300371,24.2390376
10300483008,483,3,8,حي الدوحة,Al Doha Dist.,24.1228455,37.9790183,37.9669517,24.1089884,38.0010541,24.1365279
10300483009,483,3,9,حي الفلاح,Al Falah Dist.,24.1327535,38.0086275,37.992765,24.1255484,38.0173558,24.1516999
10300483010,483,3,10,حي المصيف,Al Masif Dist.,24.1245955,38.0264794,38.0112695,24.1084018,38.0395174,24.1361031
10300483011,483,3,11,حي الرمال,Al Rimal Dist.,24.2666267,37.9819208,37.9646196,24.2390376,37.9887609,24.3009363
10300483012,483,3,12,حي العزيزية,Al Aziziyah Dist.,24.2663917,37.9946774,37.9717393,24.2386391,38.0197433,24.3009425
10300483013,483,3,13,حي اليرموك,Al Yarmuk Dist.,24.1631539,38.0080706,37.9879407,24.1516999,38.01587,24.1772751
10300483014,483,3,14,حي العروبة,Al Urubah Dist.,24.1397913,37.9752639,37.9533473,24.1256951,37.992765,24.1606976
10300483015,483,3,15,حي النزهة,Al Nuzhah Dist.,24.1544527,37.9531994,37.9349337,24.1373712,37.9779286,24.1657166
10300483016,483,3,16,حي الجار,Al Jar Dist.,24.2355658,37.9659969,37.9379532,24.2094286,37.9860673,24.244988
10300483017,483,3,17,حي الضباب,Al Dabab Dist.,24.1813659,37.9804947,37.9627541,24.1759816,37.9979614,24.2005012
10300483018,483,3,18,حي المنار,Al Manar Dist.,24.1968959,37.9697661,37.9595071,24.1828235,37.9818189,24.2036856
10300483019,483,3,19,حي اللؤلؤة,Al Luluah Dist.,24.202331,37.9765221,37.9635191,24.1942889,37.9920842,24.2146184
10300483020,483,3,20,حي الجامعة,Al Jamiah Dist.,24.1709201,37.9527532,37.9353471,24.1601921,37.9666074,24.1880387
10300483021,483,3,21,حي المرسي,Al Mursi Dist.,24.1772632,37.9902264,37.9807711,24.166549,38.007337,24.1922081
10300483022,483,3,22,حي الخليج,Al Khaleej Dist.,24.156494,37.985553,37.9779351,24.1460105,38.0005892,24.166549
10300483023,483,3,23,حي السلام,Al Salam Dist.,24.1452556,38.0186104,38.0005892,24.1299062,38.0285865,24.1606106
10300483024,483,3,24,حي البندر,Al Bandar Dist.,24.0976186,38.0269353,38.0139778,24.0869842,38.0392311,24.1084018
10300483025,483,3,25,حي الامارة,Al Amarah Dist.,24.0848781,38.0377772,38.028512,24.0798891,38.0455945,24.094717
10300483026,483,3,26,حي الزهور,Al Zuhur Dist.,24.085709,38.0534561,38.0455945,24.08097,38.0586705,24.092546
10300483027,483,3,27,حي الشعلة,Al Sholah Dist.,24.0915462,38.0790344,38.0728301,24.0835971,38.083912,24.0978438
10300483028,483,3,28,الحرس الوطني,National Guard,24.0722923,38.1614067,38.1317744,24.0485517,38.1944039,24.0940291
10300483029,483,3,29,حي التلال,Al Talal Dist.,24.0829886,38.1325954,38.1225696,24.0628848,38.1369703,24.1017094
10300483030,483,3,30,حي الربيع,Ar Rabie Dist.,24.0760799,38.1116014,38.0996452,24.0666946,38.1277828,24.0832921
10300483031,483,3,31,حي النخيل,Al Nakheel Dist.,24.089955,38.1118976,38.1020831,24.080646,38.1279283,24.0978059
10300483032,483,3,32,حي النسيم,Al Naseem Dist.,24.0910622,38.0950809,38.0872993,24.0762334,38.1026757,24.1068652
10300483033,483,3,33,حي قرطبة,Qurtubah Dist.,24.091103,38.0868943,38.0810295,24.0807986,38.0907881,24.101221
10300483034,483,3,34,حي العصيلي,Al Usayli Dist.,24.1009274,38.0693078,38.0629792,24.0933895,38.0809412,24.105619
10300483035,483,3,35,حي الربوة,Ar Rabwah Dist.,24.0942468,38.0647221,38.0536655,24.0875919,38.0728301,24.0962659
10300483036,483,3,36,حي السميري,Al Sumayri Dist.,24.0981768,38.059705,38.0493693,24.0925462,38.0647698,24.1052799
10300483037,483,3,37,حي الورود,Al Wurud Dist.,24.1065231,38.0715429,38.0623107,24.0977963,38.0872993,24.1130599
10300483038,483,3,38,حي الفردوس,Al Ferdous Dist.,24.1128837,38.0537631,38.0395174,24.1006227,38.0629792,24.1223004
10300483039,483,3,39,حي مشرفة,Mishrifah Dist.,24.1170893,38.0696701,38.0620072,24.1094868,38.082234,24.1228472
10300483040,483,3,40,حي الجابرية,Al Jabriyah Dist.,24.1107959,38.086592,38.0769539,24.101221,38.0977543,24.119726
10300483041,483,3,41,حي العقيق,Al Aqiq Dist.,24.1257269,38.0688265,38.0617872,24.1197253,38.0881683,24.1384875
10300483042,483,3,42,حي الواحة,Al Wahah Dist.,24.1313165,38.033507,38.0252666,24.1158041,38.0479091,24.1446984
10300483043,483,3,43,حي المروج,Al Muruj Dist.,24.10725,38.0084925,37.9930571,24.0941753,38.0268283,24.1255484
10300483044,483,3,44,حي النهضة,Al Nahdah Dist.,24.1074662,38.03908,38.0268283,24.094717,38.0493698,24.1158041
10300483045,483,3,45,حي الحوراء,Al Hawra Dist.,24.092763,38.0462735,38.0392311,24.0876939,38.0536656,24.1006217
10300483046,483,3,46,حي الصريف,Al Suraif Dist.,24.0799041,38.0414175,38.0384734,24.0741128,38.0541938,24.0876939
10300483047,483,3,47,حي ينبع البلد,Yanbu Al Balad Dist.,24.0834029,38.0623588,38.0530617,24.0760352,38.0699559,24.0886445
10300483048,483,3,48,حي البحيرة,Al Buhayrah Dist.,24.0740945,38.088265,38.0812652,24.0631133,38.0996452,24.0835982
10300483049,483,3,49,حي الحدائق,Al Hadaek Dist.,24.0892746,38.0686823,38.0562692,24.0842241,38.0735741,24.0933895
10300483050,483,3,50,حي المجد,Al Majd Dist.,24.0652723,38.103965,38.0908465,24.0554433,38.1153232,24.0762334
10300483051,483,3,51,حي الصفا,Al Safa Dist.,24.1137487,38.1303051,38.1175187,24.1017094,38.1428408,24.1278139
10300483052,483,3,52,حي غرناطة,Ghirnatah Dist.,24.1080382,38.1107345,38.0959612,24.0999349,38.1251097,24.1216795
10300483053,483,3,53,حي الدانة,Al Dana Dist.,24.130516,37.9983858,37.9788411,24.1171663,38.0112695,24.1460105
10300483054,483,3,54,حي الرابية,Al Rabiyah Dist.,24.1257008,38.0562101,38.0380018,24.1192846,38.0621398,24.1436358
10300483055,483,3,55,حي الغدير,Al Ghadir Dist.,24.1257662,38.0929223,38.0822361,24.1168761,38.1051135,24.1419314
10300483056,483,3,56,حى المطار,Airport,24.1516281,38.0622956,38.0330595,24.1327269,38.092898,24.1632584
10300483057,483,3,57,حي الشفا,Al Shifa Dist.,24.1585543,38.0266483,38.01587,24.1422677,38.0376805,24.163851
10300483058,483,3,58,حي الروابي,Al Rawabi Dist.,24.1702295,38.020376,38.0067193,24.1606106,38.0374732,24.1865741
10300483059,483,3,59,حي القادسية,Al Qadisiyah Dist.,24.1714355,38.0414752,38.0235289,24.1607388,38.0556874,24.1899979
10300483060,483,3,60,حي الفيحاء,Al Fayha Dist.,24.1986266,38.001194,37.9860668,24.1922214,38.0114707,24.2094295
10300483061,483,3,61,منطقة الايداع واعادة التصنيع,Bonded And Reexport Zone,24.1674879,38.0838457,38.049636,24.1516179,38.1017973,24.1961002
10300483062,483,3,62,حي العشيرة,Al Asheyrah Dist.,24.1573954,38.104807,38.092898,24.1406005,38.1314631,24.1736883
10300483063,483,3,63,حي البثنة,Al Bathnah Dist.,24.1354461,38.1288854,38.1127368,24.1278139,38.1531641,24.1566122
10300483064,483,3,64,المنطقة الصناعية,Industrial Area,24.1358448,38.1735316,38.145404,24.119337,38.2104788,24.1711607
10300483065,483,3,65,حي النجيل,An Nujayl Dist.,24.1107473,38.1718077,38.1428408,24.0921417,38.1870953,24.1272216
10300483066,483,3,66,حي المروة,Al Marwah Dist.,24.0971627,38.1381741,38.1315947,24.0911202,38.1542904,24.1093785
10300483067,483,3,67,حي الروضة,Al Rawdah Dist.,24.100303,38.1152669,38.1015644,24.0932413,38.1315947,24.1100097
10300483068,483,3,68,حي الريان,Al Rayyan Dist.,24.1213143,38.1024323,38.0877127,24.1090988,38.1178774,24.1343424
10300483069,483,3,69,حي السويق,Al Sawaiq Dist.,24.1295825,38.1169465,38.1051269,24.1218932,38.1278469,24.1406005
10300483070,483,3,70,حى رضوى,Radwa Dist.,24.1243382,38.1390869,38.1278469,24.1093785,38.159354,24.1390873
10300483071,483,3,71,حي الشاطئ,Al Shati Dist.,24.0808278,38.0322691,38.0103806,24.07241,38.0449131,24.0977609
10300777001,777,3,1,المنطقة الصناعية,Industrial Area,24.8955309,40.5601871,40.5571737,24.8913705,40.5631924,24.8997592
10301053001,1053,3,1,حي الروضة,Ar Rawdah Dist.,23.7900146,38.7861699,38.7767018,23.7853623,38.7915584,23.7977033
10301053002,1053,3,2,حي الغزوة,Al Ghazwah Dist.,23.785446,38.7916759,38.7885239,23.7729503,38.8016897,23.7889231
10301053003,1053,3,3,حي العدوة,Al Adwah Dist.,23.7887835,38.7810608,38.7523119,23.7774726,38.7890718,23.8068274
10301053004,1053,3,4,حي الغزلاني,Al Ghuzlani Dist.,23.7717473,38.7485915,38.7157417,23.7267559,38.7722602,23.7897498
10301053005,1053,3,5,حي ادمان,Idman Dist.,23.7625917,38.7953555,38.7905033,23.73501,38.8301724,23.7787319
10301053006,1053,3,6,حي الجديد,Al Jadid Dist.,23.8117291,38.8394747,38.8358201,23.8074239,38.8455309,23.8145358
10301053007,1053,3,7,حي الشهداء,Ash Shuhada Dist.,23.7754056,38.7899739,38.7746011,23.7542128,38.7963611,23.7843106
10309605001,9605,3,1,حي الجابرية,Al Jabriyah Dist.,24.0142328,38.2045036,38.195908,24.0101058,38.2109596,24.0238654
10309605002,9605,3,2,حي الياسمين,Al Yasmin Dist.,24.0482372,38.1965582,38.1853893,24.0354298,38.2041127,24.0522151
10309605003,9605,3,3,حي الزهور,Al Zahur Dist.,24.0511182,38.1806526,38.1741171,24.0406421,38.1910627,24.0584619
10309605004,9605,3,4,حي المروج,Al Muruj Dist.,24.057006,38.194553,38.1826191,24.047962,38.208952,24.0677605
10309605005,9605,3,5,حي المشيريف,Al Mushayrif Dist.,24.0389735,38.1730072,38.1664251,24.0290401,38.1853893,24.0453722
10309605006,9605,3,6,حي العيون,Al Oyoun Dist.,24.0131905,38.1752688,38.1666641,24.0018389,38.1850283,24.0211515
10309605007,9605,3,7,حي النخيل,Al Nakhil Dist.,24.0185299,38.1883525,38.1792712,24.0084993,38.1972319,24.0226668
10309605008,9605,3,8,حي الورود,Al Wurud Dist.,24.0459596,38.2137381,38.2041127,24.038779,38.2259592,24.0576449
10309605009,9605,3,9,حي البساتين,Al Basatin Dist.,24.0383824,38.2086315,38.1979259,24.030122,38.2184384,24.047962
10309605010,9605,3,10,حي العزيزية,Al Aziziyah Dist.,24.0272324,38.1862445,38.1775453,24.0211527,38.1979269,24.0406421
10309605011,9605,3,11,حي المهن,Al Mihan Dist.,24.0309554,38.2257569,38.2105938,24.019227,38.2405921,24.047061
10309605012,9605,3,12,حي النواة,Al Nawah Dist.,24.0088257,38.2195228,38.2068165,23.9833788,38.2352221,24.0196233
10309605013,9605,3,13,حي رضوى,Radwa Dist.,24.0051461,38.2002794,38.1972305,23.997529,38.2123123,24.0113185
10309605014,9605,3,14,حي عين النوى,Ayn Al Nawa Dist.,23.9929306,38.2044206,38.1986131,23.985575,38.2129216,23.9987527
10309605015,9605,3,15,حي الفهد,Al Fahd Dist.,23.9999116,38.1948807,38.1892508,23.9958379,38.1986164,24.0046699
10309605016,9605,3,16,منطقة الصناعات الخفيفة,Light Industrial Park,24.0076322,38.2488499,38.2352221,23.9910341,38.2767702,24.0274885
10309605017,9605,3,17,حي الصواري,Al Sawari Dist.,24.0219415,38.2343409,38.22531,24.0117231,38.2506365,24.0363658
10309605018,9605,3,18,حي السميري,Al Sumayri Dist.,24.0153966,38.2168778,38.20966,24.0113185,38.2247865,24.0266802
10309605019,9605,3,19,حي الفيصل,Al Faisal Dist.,24.029699,38.2040537,38.1953791,24.0226165,38.2154721,24.0354294
10309605020,9605,3,20,حي الخالد,Al Khalid Dist.,24.0050065,38.1903141,38.1746494,23.9971931,38.1978073,24.010092
10309605021,9605,3,21,حي الجار,Al Jar Dist.,24.0225717,38.1678312,38.1598145,24.0098213,38.1792722,24.0342253
10309605022,9605,3,22,حي البثنة,Al Bathnah Dist.,24.0032885,38.1659659,38.1587986,23.9974533,38.1772894,24.0125886
10309605023,9605,3,23,حي الصبح,Al Subh Dist.,23.991887,38.1961457,38.1920139,23.9850027,38.2028581,23.9975376
10309605024,9605,3,24,حي النهضة,Al Nahdah Dist.,23.9825967,38.1983952,38.1845283,23.9762428,38.2097789,23.9885562
10309605025,9605,3,25,المنطقة الصناعية,Industrial Area,23.9391222,38.2580582,38.1894358,23.892109,38.3515826,24.0117231
10309605026,9605,3,26,حي الروضة,Al Rawdah Dist.,24.0571706,38.1745628,38.1663908,24.0453723,38.1826191,24.0635276
10309605027,9605,3,27,حي النسيم,Al Naseem Dist.,24.062434,38.1795337,38.1704686,24.0584619,38.1909919,24.0752056
10309605028,9605,3,28,الواجهة البحرية,Sea Front,24.0067363,38.1620283,38.1344146,23.9848432,38.1937939,24.0339252
10309605029,9605,3,29,حي السلمانية,Al Salmaniyah Dist.,24.0352236,38.1664656,38.1509462,24.0222832,38.1741176,24.0473505
10400011001,11,4,1,حي اليرموك,Al Yarmouk Dist.,26.2315114,43.9969874,43.9699208,26.2105341,44.0331552,26.2471667
10400011002,11,4,2,حي الرمال,Ar Rimal Dist.,26.2353037,43.9625577,43.9302629,26.2061784,43.9881407,26.2591269
10400011003,11,4,3,حي المروة,Al Marwah Dist.,26.2326295,44.0542758,44.0226118,26.2154232,44.0784034,26.2616501
10400011004,11,4,4,حي الخضر,Al Khudar Dist.,26.2565928,43.9933127,43.9776786,26.2319539,44.0057647,26.2737814
10400011005,11,4,5,حي اللسيب,Al Lusayb Dist.,26.2640844,43.9395409,43.9192591,26.2418864,43.9529431,26.2765891
10400011006,11,4,6,حي النور,Al Nur Dist.,26.3460956,43.9685946,43.9574968,26.3358315,43.9779448,26.3593075
10400011007,11,4,7,حي رواق,Rawaq Dist.,26.2593335,44.0044584,43.9958657,26.2420822,44.0243054,26.2819009
10400011008,11,4,8,حي القصيعة,Al Qusayah Dist.,26.262745,43.9621806,43.9304566,26.2318652,43.9881262,26.2821331
10400011009,11,4,9,حي الغدير,Al Ghadir Dist.,26.2755484,44.0301457,44.0060685,26.252539,44.0698019,26.2859735
10400011010,11,4,10,حي المروج,Al Muruj Dist.,26.2743602,43.9798571,43.9666361,26.2592299,43.9926272,26.2914974
10400011011,11,4,11,حي السالمية,As Salmiya Dist.,26.281354,43.9897143,43.9788697,26.2709959,44.0058283,26.2965628
10400011012,11,4,12,حي الروابي,Al Rawabi Dist.,26.2934114,44.0422366,44.0287766,26.2841723,44.0655535,26.3008075
10400011013,11,4,13,حي حويلان,Huwailan Dist.,26.296763,43.9429275,43.9342811,26.2792277,43.9524981,26.3070034
10400011014,11,4,14,حي الصباخ,As Sabbakh Dist.,26.3027684,43.9805055,43.9734009,26.2942649,43.9890011,26.3159464
10400011015,11,4,15,حي واسط,Wasit Dist.,26.2961269,43.9589543,43.9433146,26.2763206,43.971623,26.3179627
10400011016,11,4,16,حي خضيراء,Khudayra Dist.,26.3008848,44.0162657,43.9967318,26.276045,44.0410454,26.3186625
10400011017,11,4,17,حي السلام,As Salam Dist.,26.3016771,43.9993366,43.9829966,26.2816285,44.0106843,26.3209471
10400011018,11,4,18,حي الجنوب,Al Janub Dist.,26.318237,43.9743023,43.9691803,26.3119202,43.9829966,26.3221117
10400011019,11,4,19,حي الخليج,Al Khalij Dist.,26.3020123,43.9718546,43.9639159,26.2877728,43.984478,26.3220764
10400011020,11,4,20,حي الضاحي,Ad Dahi Dist.,26.3089855,44.0359459,44.0219651,26.2959596,44.0629197,26.3243239
10400011021,11,4,21,حي خب البريدي,Khub Al Buraydi Dist.,26.3159069,43.935304,43.9260403,26.3048228,43.9492221,26.3245365
10400011022,11,4,22,حي السادة,As Sadah Dist.,26.3221067,43.9843187,43.9786872,26.3159464,43.9920123,26.3252178
10400011023,11,4,23,حي العريمضي,Al Uraymdi Dist.,26.298522,43.9184403,43.8977056,26.2729953,43.9355152,26.3270829
10400011024,11,4,24,حي الهلال,Al Hilal Dist.,26.3254765,43.9647057,43.9608282,26.3206007,43.968419,26.3289246
10400011025,11,4,25,حي العجيبة,Al Ujaybah Dist.,26.3268315,43.9678012,43.9660675,26.3232224,43.9714784,26.3296874
10400011026,11,4,26,حي البساتين,Al Basatin Dist.,26.3202226,44.0149812,44.0053601,26.3091396,44.0361282,26.3305294
10400011027,11,4,27,حي النسيم,Al Naseem Dist.,26.322315,44.0019865,43.9916808,26.3146392,44.0074081,26.3305885
10400011028,11,4,28,حي الموطا,Al Mawta Dist.,26.3131401,43.9631294,43.9523157,26.2959085,43.9703713,26.3303626
10400011029,11,4,29,حي التعليم,At Taalim Dist.,26.3254283,43.9792836,43.9745086,26.3221117,43.9835489,26.3305775
10400011030,11,4,30,حي الجردة,Al Jardah Dist.,26.3225932,43.9724709,43.9664371,26.3180925,43.9786872,26.3317842
10400011031,11,4,31,حي الصالحية,As Salhiyah Dist.,26.3254781,43.988221,43.9786442,26.3209471,43.9945045,26.3342701
10400011032,11,4,32,حي المريديسية,Al Muraydisiyyah Dist.,26.3116383,43.9278738,43.9063365,26.2779267,43.9410016,26.3341438
10400011033,11,4,33,حي الشروق,Al Shorouq Dist.,26.3310603,44.039138,44.0288231,26.3178307,44.0576412,26.3383912
10400011034,11,4,34,حي خب الثنيان,Khub Ath Thanyan Dist.,26.3280761,43.9306319,43.919278,26.3175995,43.948752,26.3382484
10400011035,11,4,35,حي الشماس,Ash Shammas Dist.,26.3334334,43.9611786,43.9526056,26.3260262,43.9704988,26.3399472
10400011036,11,4,36,حي القادسية,Al Qadisiyah Dist.,26.3346427,43.9530243,43.9452097,26.3263378,43.9595105,26.3429922
10400011037,11,4,37,حي الصفا,As Safa Dist.,26.3268399,43.9421084,43.9292143,26.3173968,43.9571715,26.3439659
10400011038,11,4,38,حي الخبيب,Al Khabib Dist.,26.3353135,43.9744415,43.9672468,26.3270612,43.9784683,26.3446461
10400011039,11,4,39,حي المرقب,Al Marqab Dist.,26.3404157,43.9560264,43.9447805,26.3353594,43.9654744,26.3487682
10400011040,11,4,40,حي الربيع,Ar Rabie Dist.,26.3406717,43.9807278,43.9738614,26.3304593,43.9933538,26.3522442
10400011041,11,4,41,حي الرفيعة,Ar Rafiah Dist.,26.3394036,43.9960345,43.9828898,26.3265771,44.0104952,26.3548344
10400011042,11,4,42,حي الزرقاء,Az Zarqa Dist.,26.3454144,43.9220507,43.910771,26.331664,43.9362194,26.3586461
10400011043,11,4,43,حي الحمر,Al Humar Dist.,26.3475253,43.8988762,43.8833118,26.3221146,43.9144396,26.364579
10400011044,11,4,44,حي الشفق,Ash Shafaq Dist.,26.3386542,43.8695472,43.8355103,26.3229211,43.8922279,26.364579
10400011045,11,4,45,حي القاع البارد,Al Qaa Al Barid Dist.,26.3495683,44.0256654,44.0001065,26.3310124,44.0401047,26.3701172
10400011046,11,4,46,حي المنار,Al Manar Dist.,26.3529061,43.931408,43.9178903,26.3407672,43.9447805,26.3700444
10400011047,11,4,47,حي الوسيطا,Al Wusayta Dist.,26.338908,44.0352289,44.0098588,26.3231407,44.0548274,26.3717694
10400011048,11,4,48,حي الربوة,Ar Rabwah Dist.,26.3611459,43.9829604,43.9684058,26.3458193,43.9886013,26.3717676
10400011049,11,4,49,حي المنتزه,Al Muntazah Dist.,26.3562846,43.9441259,43.9276813,26.3439659,43.9574968,26.3677605
10400011050,11,4,50,حي الصفراء,As Safra Dist.,26.3672679,43.9505153,43.929267,26.3487682,43.9684058,26.3823426
10400011051,11,4,51,حي النقع,An Naqa Dist.,26.3651603,43.9964571,43.9829123,26.3502914,44.015131,26.3835331
10400011052,11,4,52,حي الفايزية,Al Fayziyah Dist.,26.3741592,43.9742941,43.9601249,26.3593075,43.987918,26.3829752
10400011053,11,4,53,حي النخيل,Al Nakhil Dist.,26.366388,43.9007345,43.8832538,26.348267,43.924485,26.3878779
10400011054,11,4,54,حي الروضه,Ar Rawdah Dist.,26.379211,43.9205088,43.9035119,26.3678196,43.9316183,26.3932217
10400011055,11,4,55,حي النفل,An Nafl Dist.,26.373274,44.0180235,44.0011192,26.3609005,44.0422957,26.3997598
10400011056,11,4,56,حي الإسكان,Al Iskan Dist.,26.3849171,43.9453732,43.9265062,26.3693952,43.9565637,26.4007173
10400011057,11,4,57,حي الأخضر,Al Akhdar Dist.,26.3880068,43.9718659,43.9589114,26.3798495,43.985163,26.4017629
10400011058,11,4,58,حي الشقة,Ash Shiqah Dist.,26.3671361,43.8539661,43.7973134,26.3415272,43.8897047,26.4089061
10400011059,11,4,59,حي الرابية,Ar Rabiyah Dist.,26.3934807,43.9953036,43.9804856,26.3746744,44.0251753,26.4145237
10400011060,11,4,60,حي الريان,Ar Rayyan Dist.,26.3960683,43.9081345,43.8897047,26.3798613,43.9265062,26.4142248
10400011061,11,4,61,حي النهضة,An Nahdah Dist.,26.4066757,43.9383875,43.9155432,26.3932217,43.9490395,26.4224479
10400011062,11,4,62,حي الافق,Al Ufuq Dist.,26.3982386,43.9528749,43.938205,26.376225,43.9678385,26.4246018
10400011063,11,4,63,حي الورود,Al Wurud Dist.,26.4151988,43.9662376,43.9457405,26.3950855,43.9785545,26.4262802
10400011064,11,4,64,حي الخزامى,Al Khuzama Dist.,26.4057698,43.9854439,43.9759781,26.3939504,44.0158046,26.4271941
10400011065,11,4,65,حي الجزيرة,Al Jazirah Dist.,26.4143371,43.8732383,43.8464878,26.3878779,43.9017195,26.428972
10400011066,11,4,66,حي الرحاب,Al Rehab Dist.,26.4217299,43.894975,43.8767443,26.405,43.9155432,26.4392465
10400011067,11,4,67,حي الحزم,Al Hazm Dist.,26.4337948,43.9192939,43.9022722,26.4142248,43.9385511,26.4510272
10400011068,11,4,68,حي الفاروق,Al Farouq Dist.,26.4348659,43.9543913,43.9219432,26.4225717,43.9759834,26.4604131
10400011069,11,4,69,حي التشليح,At Tashlih Dist.,26.2964633,44.0709818,44.0604152,26.2831252,44.0862947,26.3111085
10400080001,80,4,1,حي حطين,Hiteen Dist.,26.0439825,44.0403473,44.0163397,26.0248549,44.0568861,26.0585528
10400080002,80,4,2,حي سنام,Snam Dist.,26.0316739,44.0172876,44.0037086,26.0165388,44.0333779,26.052672
10400080003,80,4,3,حي الروضة,Ar Rawdah Dist.,26.0310707,43.9883539,43.981131,26.0154445,44.014375,26.0454323
10400080004,80,4,4,حي الدوحة,Ad Dawhah Dist.,26.0377049,43.9807006,43.9693433,26.0281993,43.982852,26.0485378
10400080005,80,4,5,حي الحاجب,Al Hajeb Dist.,26.0390501,43.9582577,43.9490501,26.0277411,43.9694323,26.0467453
10400080006,80,4,6,حي الرمال,Ar Rimal Dist.,26.0587811,43.9443085,43.9301457,26.0411698,43.9554926,26.0693303
10400080007,80,4,7,حي الحفيرة,Al Hufayrah Dist.,26.0730393,43.930025,43.9034426,26.0579633,43.9407344,26.0920413
10400080008,80,4,8,حي الصفا,As Safa Dist.,26.0860694,44.0676228,44.0521692,26.0714742,44.0801596,26.1028083
10400080009,80,4,9,حي الملك خالد,King Khalid Dist.,26.0912213,44.0382745,44.0272229,26.0753163,44.0521846,26.0985901
10400080010,80,4,10,حي الملك فهد,King Fahd Dist.,26.1051306,44.0373602,44.022929,26.0931799,44.0550192,26.1181333
10400080011,80,4,11,حي الرياضى,Ar Riyadi Dist.,26.0948603,44.0609308,44.0450921,26.0821178,44.0692241,26.1084294
10400080012,80,4,12,حي القيروان,Al Qirawan Dist.,26.063775,44.0528706,44.0383415,26.0584868,44.061272,26.072551
10400080013,80,4,13,حي غرناطة,Ghirnatah Dist.,26.0618784,44.0291775,44.0240397,26.0544335,44.0426415,26.0679308
10400080014,80,4,14,حي قرطبة,Qurtubah Dist.,26.0604903,44.0166409,44.0079307,26.0513891,44.0277501,26.0646651
10400080015,80,4,15,حي العقيق,Al Aqiq Dist.,26.0589653,44.0057065,43.9961673,26.0487455,44.0163397,26.0635966
10400080016,80,4,16,حي الشفاء,Ash Shifa Dist.,26.0795419,44.0011722,43.9906004,26.0733091,44.0090943,26.0861479
10400080017,80,4,17,حي المطار,Al Matar Dist.,26.0884882,43.9947591,43.9875294,26.0820761,44.0026467,26.0922849
10400080018,80,4,18,حي السليمانية,As Sulimaniyah Dist.,26.0882073,44.0063056,43.997612,26.0802058,44.0181318,26.0932329
10400080019,80,4,19,حي الوسطى,Al Wusta Dist.,26.0790142,44.0137793,44.0063876,26.0731755,44.0182116,26.0834261
10400080020,80,4,20,المنطقة الصناعية الثانية,2nd Industrial Area,26.0789829,44.0212855,44.0180193,26.0731755,44.0263123,26.083987
10400080021,80,4,21,المنطقة الصناعية الاولى,1st Industrial Area,26.0876838,44.0205108,44.0160978,26.0834261,44.024937,26.0923046
10400080022,80,4,22,حي الخليج,Al Khalij Dist.,26.087077,44.0260272,44.02197,26.0828681,44.0314907,26.0931521
10400080023,80,4,23,حي المستودعات,Warehouse Dist.,26.0801363,44.0280123,44.024937,26.0742094,44.0350698,26.0837608
10400080024,80,4,24,حي الهداء,Al Hadaa Dist.,26.0958979,43.9925188,43.9850597,26.0907021,43.9977798,26.1010183
10400080025,80,4,25,حي الصالحية,As Salhiyah Dist.,26.102821,43.9913964,43.9831775,26.0974838,43.9982823,26.1063298
10400080026,80,4,26,حي المنتزة,Al Muntazah Dist.,26.110423,43.9932359,43.9833147,26.1054634,43.9984508,26.1192413
10400080027,80,4,27,حي اليرموك,Al Yarmuk Dist.,26.1153481,43.9744039,43.9687739,26.1065599,43.9841124,26.1215506
10400080028,80,4,28,حي النسيم,Al Naseem Dist.,26.1160306,43.9670511,43.9581915,26.1073671,43.9761251,26.1256257
10400080029,80,4,29,حي الرحمانية,Ar Rahmaniyah Dist.,26.1238478,43.9489185,43.9382949,26.1119952,43.9585259,26.141575
10400080030,80,4,30,حي دمشية,Damshiah Dist.,26.1192285,43.9333582,43.9022025,26.1119349,43.9450598,26.1356394
10400080031,80,4,31,حي المحمدية,Al Muhammadiyah Dist.,26.1081365,43.9337274,43.9219838,26.0902427,43.9441156,26.1162309
10400080032,80,4,32,حي العبسة,Al Absiah Dist.,26.1441458,43.9305767,43.8905713,26.12372,43.9572402,26.1568397
10400080033,80,4,33,حي بدر,Badr Dist.,26.1294069,43.8894218,43.8773783,26.1080605,43.9077235,26.1435449
10400080034,80,4,34,حي الوهلان,Al Wahlan Dist.,26.1096061,43.9145096,43.891074,26.0891866,43.9297538,26.1182629
10400080035,80,4,35,حي مليحة,Mlihah Dist.,26.0987488,43.9519097,43.9410881,26.0868647,43.9591149,26.1067088
10400080036,80,4,36,حي مربيدة,Marbidah Dist.,26.0932578,43.9665302,43.9587614,26.0865852,43.9776614,26.1021085
10400080037,80,4,37,حي العليا,Al Olaya Dist.,26.1054026,43.9622814,43.9585259,26.1002517,43.9653536,26.1119952
10400080038,80,4,38,وسط المدينة,City Center,26.0960194,43.9757498,43.962301,26.0846882,43.9893005,26.1090594
10400080039,80,4,39,حي الريان,Ar Rayan Dist.,26.0811613,43.983018,43.9750869,26.0752029,43.9916606,26.0866378
10400080040,80,4,40,حي الفاخرية,Al Fakhriyah Dist.,26.0706145,43.9825488,43.9726622,26.0610616,43.9961673,26.0791997
10400080041,80,4,41,حي النقيلية,An Nuqailiah Dist.,26.0602497,43.9761121,43.969159,26.0509887,43.9815278,26.0651449
10400080042,80,4,42,حي السحيمية,As Suhaymiyyah Dist.,26.0701515,43.9667124,43.9587471,26.0651449,43.9748192,26.0782014
10400080043,80,4,43,حي البديعة,Al Badiah Dist.,26.0812652,43.9677686,43.9591149,26.0747467,43.9760803,26.0868647
10400080044,80,4,44,حي السلام,As Salam Dist.,26.0829227,43.948032,43.9402153,26.0711298,43.9593612,26.0902427
10400080045,80,4,45,حي اشبيلية,Ishbiliyah Dist.,26.0754841,43.9402132,43.9289008,26.0683215,43.9487545,26.0834221
10400080046,80,4,46,حي العونية,Al Awniyah Dist.,26.0860841,43.9337024,43.9228742,26.0777983,43.9411649,26.0922259
10400080047,80,4,47,حي الحمراء,Al Hamra Dist.,26.0254801,43.9788205,43.9640898,26.0171323,43.9853255,26.0343487
10400080048,80,4,48,حي الفيحاء,Al Fayha Dist.,26.0488647,43.9933686,43.9753185,26.031397,44.0102044,26.0626244
10400080050,80,4,50,حي الجامعي,Al Jamie Dist.,26.1132293,44.0664206,44.0549001,26.0999358,44.0816809,26.1246888
10400080051,80,4,51,حي المروج,Al Muruj Dist.,26.1314629,44.0124205,43.9982783,26.1153131,44.026898,26.1424948
10400080052,80,4,52,حي اليمامة,Al Yamamah Dist.,26.1122558,44.018596,44.0064404,26.1061903,44.0235226,26.1170459
10400080053,80,4,53,حي القادسية,Al Qadisiyah Dist.,26.1115272,44.002444,43.9982823,26.1060748,44.0114965,26.1178407
10400080054,80,4,54,حي المنار,Al Manar Dist.,26.0959198,44.0204673,44.0114215,26.0919732,44.027388,26.1062776
10400080055,80,4,55,حي الاشرفية,Al Ashrafiyah Dist.,26.0974679,44.0019077,43.997238,26.0922849,44.0115028,26.1061897
10400080056,80,4,56,حي الخزامى,Al Khuzama Dist.,26.1311566,43.990625,43.9841124,26.1178574,44.0026966,26.1440317
10400080057,80,4,57,حي الروغاني,Ar Rawghani Dist.,26.1398862,43.9769071,43.9544144,26.1192413,43.9923864,26.162917
10400080058,80,4,58,حي الزهراء,Az Zahra Dist.,26.1651423,44.0207034,44.0054859,26.1549592,44.0353069,26.1721911
10400080059,80,4,59,حي الصفراء,As Safraa Dist.,26.2075783,44.0660301,44.0353078,26.1712964,44.0856914,26.2183514
10400080060,80,4,60,حي المباركية,Al Mubarkiah Dist.,26.1745788,43.8965105,43.8678061,26.144268,43.9279541,26.1944402
10400080061,80,4,61,حي المدوية,Al Mudwiah Dist.,26.1410684,43.8760578,43.8337148,26.1285069,43.8909756,26.1893743
10400080062,80,4,62,حي اليرموك,Al Yarmuk Dist.,26.1688395,44.0943046,44.0787726,26.1419708,44.1291481,26.2158768
10400080063,80,4,63,حي النظيم,An Nadheem Dist.,26.1306457,44.0869697,44.0653756,26.0991719,44.1296471,26.14659
10400080064,80,4,64,حي التحلية,At Tahliyah Dist.,26.0666062,44.0666267,44.0566661,26.0587083,44.0751509,26.0722826
10400080065,80,4,65,حي الجزيرة,Al Jazirah Dist.,26.0547999,44.0562839,44.0429449,26.0430978,44.0690773,26.0609598
10400080066,80,4,66,حي البستان,Al Bustan Dist.,26.0688931,44.0287027,44.0225187,26.0646651,44.0383415,26.0753163
10400080067,80,4,67,حي الوفاء,Al Wafa Dist.,26.0686344,44.0147349,44.0087578,26.0635966,44.0240397,26.0737469
10400080068,80,4,68,حي الزاهر,Az Zahir Dist.,26.0687036,44.0026473,43.9927621,26.0626244,44.0098068,26.0751967
10400080069,80,4,69,حي الواحة,Al Wahah Dist.,26.0566312,44.0853222,44.0570362,26.0051894,44.1303688,26.1180153
10400080070,80,4,70,حي سوق الماشية,Suq Al Mashiya Dist.,26.0155497,43.9633586,43.9226675,25.9940219,43.9721541,26.0277411
10400080071,80,4,71,حي الجلده,Al Jaldah Dist.,26.0140767,43.9940757,43.9640183,25.9943226,44.0284701,26.0218294
10400080072,80,4,72,حي الندى,An Nada Dist.,26.0304254,43.9201645,43.8862885,25.9937475,43.9490501,26.0673905
10400080073,80,4,73,حي ربوة الحاجب,Rabwat Al Hajeb Dist.,26.0230884,43.9341716,43.9173494,25.9939837,43.9640898,26.0411698
10400080074,80,4,74,حي الغضا,Al Kada Dist.,26.052474,43.8917031,43.8347216,25.9933499,43.9203576,26.089198
10400080075,80,4,75,حي الشعيب,Ash Shuaib Dist.,26.1179201,43.8661105,43.8337408,26.0774579,43.9033614,26.1737061
10400080076,80,4,76,حي البويطن,Al Buaiten Dist.,26.1635091,43.9982896,43.9870944,26.1559665,44.0069683,26.1721914
10400080077,80,4,77,حي النرجس,An Narjis Dist.,26.1505966,43.9925389,43.9877141,26.1424838,44.0051431,26.1564644
10400080078,80,4,78,حي عكاظ,Uqaz Dist.,26.1877866,44.0063137,43.9857799,26.1718157,44.0512621,26.2178588
10400080079,80,4,79,حي النفود,An Nofoad Dist.,26.1787766,43.9190732,43.8825062,26.1535065,43.9553,26.2061017
10400080080,80,4,80,حي الوادي,Al Wadi Dist.,26.1912867,43.987528,43.9425931,26.1527767,44.0326588,26.2154232
10400080081,80,4,81,حي القصور,Al Qusor Dist.,26.0698165,43.9497386,43.9418405,26.0603421,43.9593011,26.0761227
10400080082,80,4,82,حي الحديقة,Al Hadiqah Dist.,26.0482786,43.9597171,43.9519315,26.0344076,43.9763616,26.0592722
10400080083,80,4,83,حي المصيف,Al Masif Dist.,26.1090372,43.9496755,43.9440022,26.0990489,43.9588298,26.1150927
10400080084,80,4,84,حي الجوهرة,Al Jawharah Dist.,26.0629132,43.9659885,43.9548783,26.0541479,43.9739131,26.0677937
10400080086,80,4,86,حي الثقافة,Athaqafah Dist.,26.1242633,44.0442174,44.0235226,26.1086687,44.0654471,26.1390909
10400080087,80,4,87,حي المروة,Al Marwah Dist.,26.1420249,44.0493818,44.0267137,26.1247201,44.0827331,26.1543798
10400080088,80,4,88,حي الفخامة,Al Fakamah Dist.,26.1458751,44.0208309,44.0027944,26.1391178,44.0295931,26.1559993
10400080089,80,4,89,حي الفيصلية,Al Faisaliyah Dist.,26.1531485,44.0628164,44.0294507,26.1412827,44.0856922,26.1718157
10400080090,80,4,90,حي الزغيبة,Az Zugaibah Dist.,26.151087,44.1076991,44.0919279,26.1275614,44.1294322,26.1648442
10400080091,80,4,91,حي الاسكان,Al Iskan Dist.,26.0736584,44.0469932,44.0350698,26.0679308,44.0564105,26.0821117
10400080092,80,4,92,حي الحزم,Al Hazm Dist.,26.0212277,44.0651715,44.0156385,25.9947677,44.1305786,26.0432499
10400955001,955,4,1,حي البساتين,Al Basatin Dist.,27.3582644,44.325271,44.3123691,27.3509832,44.3308919,27.3769925
10400955002,955,4,2,حي المنتزة,Al Montazah Dist.,27.3601829,44.3335933,44.3287137,27.3509842,44.3400075,27.3703248
10400955003,955,4,3,حي الروضة,Al Rawdah Dist.,27.3776525,44.3255945,44.3128206,27.3703248,44.3287137,27.3841269
10400955004,955,4,4,حي الزهرة,Al Zahrah Dist.,27.3774153,44.3295462,44.3278812,27.3697689,44.3392239,27.3822257
10400955005,955,4,5,حي العليا,Al Olaya Dist.,27.3922798,44.3356587,44.328212,27.3807445,44.341975,27.3982359
10400955006,955,4,6,حي العزيزية,Al Aziziyah Dist.,27.3907722,44.3231187,44.3140775,27.3822257,44.330325,27.3946825
10400955007,955,4,7,حي الازهار,Al Azhar Dist.,27.3978459,44.3233552,44.3112082,27.3912887,44.331503,27.404011
10400955008,955,4,8,حي النزهة,Al Nuzhah Dist.,27.3997614,44.336501,44.3314047,27.3940035,44.3500292,27.4106814
10400955009,955,4,9,حي الجزيرة,Al Jazirah Dist.,27.4034466,44.3317853,44.3254329,27.3982359,44.3406189,27.4151669
10400955010,955,4,10,حي النهضة,Al Nahdah Dist.,27.4098792,44.3219995,44.3192017,27.4019215,44.3372633,27.4234226
10400955011,955,4,11,حي الاستراحات,Al Estrahat Dist.,27.4121214,44.3183587,44.3008929,27.404011,44.3244984,27.4292171
10400955012,955,4,12,حي الربوة,Ar Rabwah Dist.,27.4027515,44.3120483,44.3016471,27.3940683,44.3200484,27.4181417
10401986001,1986,4,1,حي السلام,As Salam Dist.,26.8024991,44.1990991,44.1884339,26.7896704,44.209127,26.8112069
10401986002,1986,4,2,حي خصيبة,Khusayyibah Dist.,26.8898575,44.1424762,44.1222963,26.8710575,44.167148,26.9339011
10401986003,1986,4,3,حي البرود,Al Burud Dist.,26.8703487,44.155494,44.1460833,26.8594704,44.1677139,26.8775894
10401986004,1986,4,4,حي الفهيد,Al Fuhaid Dist.,26.7677529,44.1976399,44.1937109,26.7611601,44.208989,26.7747608
10401999001,1999,4,1,حي الخزان,Al Khazzan Dist.,26.5054342,43.6330302,43.6296988,26.5019944,43.6383132,26.5097124
10401999002,1999,4,2,حي المرقب,Al Marqab Dist.,26.5015868,43.6316818,43.628218,26.4963537,43.6367507,26.5037321
10401999003,1999,4,3,حي التعليم,At Talim Dist.,26.4948518,43.6316135,43.6258962,26.4877459,43.6358488,26.4979275
10401999004,1999,4,4,حي الجردة,Al Jardah Dist.,26.4794063,43.619186,43.6047594,26.4727089,43.6263287,26.4874074
10401999005,1999,4,5,حي النهضة,An Nahdah Dist.,26.4892712,43.6250059,43.6165846,26.4811827,43.6313687,26.4937357
10401999006,1999,4,6,حي النزهة,An Nuzhah Dist.,26.4821731,43.631923,43.627578,26.4749059,43.6409027,26.4865969
10401999007,1999,4,7,حي المنتزة,Al Montazah Dist.,26.4978943,43.650782,43.6354519,26.4844959,43.6572728,26.5024285
10402421001,2421,4,1,حي اليرموك,Al Yarmuk Dist.,25.8618735,43.4788487,43.4644707,25.8567448,43.4921357,25.8670325
10402421002,2421,4,2,حي الروضة,Ar Rawdah Dist.,25.8600421,43.4895202,43.4821351,25.8548848,43.4961561,25.8641008
10402421003,2421,4,3,حي الملك عبدالعزيز,King Abdulaziz Dist.,25.8631914,43.4968837,43.4894633,25.8545951,43.5076575,25.8695756
10402421004,2421,4,4,حي الاحتفالات,Al Ihtifalat Dist.,25.8499936,43.476498,43.4651767,25.8434639,43.4868941,25.8610144
10402421005,2421,4,5,حي الصناعية,As Sinaiyah Dist.,25.8504755,43.4591541,43.4500234,25.842636,43.4674671,25.8606133
10402421006,2421,4,6,حي الملك فهد,King Fahd Dist.,25.870808,43.5084148,43.4985913,25.8596878,43.515266,25.8771796
10402421007,2421,4,7,حي الحزم,Al Hazm Dist.,25.8751429,43.5148465,43.5098026,25.8654489,43.5287312,25.8790847
10402421008,2421,4,8,حي التعليم,At Talim Dist.,25.9025418,43.5447289,43.5297846,25.8749676,43.5658226,25.9139984
10402421009,2421,4,9,حي الربوة,Ar Rabwah Dist.,25.8855871,43.5311149,43.5246688,25.8755749,43.5362848,25.8982366
10402421010,2421,4,10,حي القادسية,Al Qadisiyah Dist.,25.8820682,43.5052966,43.4932951,25.8769362,43.5127995,25.8931793
10402421011,2421,4,11,حي الشفاء,Ash Shifa Dist.,25.8839173,43.5176749,43.5089222,25.877702,43.5274386,25.8921717
10402421012,2421,4,12,حي الجندل,Al Jandal Dist.,25.9013252,43.5184696,43.5064204,25.8889495,43.532003,25.9145838
10402421013,2421,4,13,حي وادي الرمة,Wadi Ar Rimma Dist.,25.906154,43.4965678,43.4854998,25.8874205,43.5191327,25.9157973
10402421014,2421,4,14,حي الملك فيصل,King Faisal Dist.,25.8831857,43.4998644,43.4864268,25.8754987,43.5026566,25.8900489
10402421015,2421,4,15,حي المطار,Al Matar Dist.,25.8785505,43.503664,43.4930855,25.8695756,43.5094523,25.8827006
10402421016,2421,4,16,حي الزهرة,Az Zahrah Dist.,25.8699982,43.4919538,43.4864061,25.8670325,43.4985913,25.8754987
10402421017,2421,4,17,حي الملك خالد,King Khalid Dist.,25.8786957,43.4757542,43.4655956,25.8703603,43.4930855,25.8922107
10402421018,2421,4,18,حي السعادة,As Saadah Dist.,25.8660159,43.4747115,43.4637431,25.8605518,43.4894633,25.8688063
10402421019,2421,4,19,حي قصر بن عقيل,Qasr Ibn Aqil Dist.,25.8510179,43.3655833,43.3443281,25.8220467,43.3957231,25.8648128
10402421020,2421,4,20,حي الحوطة,Al Hutah Dist.,25.8516165,43.5204948,43.5115852,25.8478499,43.5295116,25.8655153
10402421021,2421,4,21,حي المدينة,Al Madinah Dist.,25.8601647,43.4505149,43.4386796,25.8550873,43.4642288,25.8664101
10402421022,2421,4,22,حي النخيل,Al Nakhil Dist.,25.8374812,43.5080324,43.5002033,25.8332708,43.5133107,25.8450126
10402421023,2421,4,23,حي الروابي,Ar Rawabi Dist.,25.8499271,43.5054554,43.5007963,25.8430133,43.510354,25.8596878
10402421024,2421,4,24,حي الجريف,Al Juraif Dist.,25.8577122,43.529727,43.515266,25.8506894,43.5393744,25.8769533
10402421025,2421,4,25,حي الربيع,Ar Rabie Dist.,25.8566005,43.5478825,43.5354829,25.8492071,43.5698679,25.8839506
10402421026,2421,4,26,حي السلام,As Salam Dist.,25.8885152,43.5925847,43.5593375,25.8646457,43.6182792,25.9064289
10402421027,2421,4,27,حي المنار,Al Manar Dist.,25.840455,43.4941045,43.480352,25.832338,43.5042528,25.8545951
10402421028,2421,4,28,حي بهجة,Bahjah Dist.,25.8526329,43.4917051,43.4837992,25.8441585,43.5007963,25.8596883
10402421029,2421,4,29,حي النهضة,An Nahdah Dist.,25.8183416,43.470376,43.4586494,25.8136906,43.480352,25.8349224
10402421030,2421,4,30,حي الشنانة الشمالية,Al Shinanah Ash Shamaliyyah Dist.,25.8267243,43.4565494,43.4485196,25.8139184,43.4679541,25.8433986
10402421031,2421,4,31,حي الحمراء,Al Hamra Dist.,25.8379262,43.4746015,43.4674576,25.832424,43.4842219,25.8438392
10402421032,2421,4,32,حي الالغربي,Al Gharbi Dist.,25.8798777,43.4647922,43.4586413,25.8656277,43.4878337,25.8862628
10402421033,2421,4,33,حي الريان,Ar Rayyan  Dist.,25.8695825,43.4500177,43.4369531,25.8600988,43.4637431,25.8782841
10402421034,2421,4,34,حي الواحة,Al Wahah Dist.,25.8798697,43.4333617,43.4211515,25.851875,43.4509348,25.8966664
10402421035,2421,4,35,حي سوق الماشيه الجديد,Suq Mashiya Al Jadid Dist.,25.8849876,43.6120655,43.6015817,25.8759414,43.6278098,25.8910561
10402421036,2421,4,36,حي الخليج,Al Khalij Dist.,25.8313332,43.5226862,43.5113234,25.8199011,43.5357445,25.8383518
10402421037,2421,4,37,حي المصيف,Al Masif Dist.,25.8263985,43.5048679,43.4890638,25.8157403,43.5134058,25.8350512
10402421038,2421,4,38,حي الاندلس,Al Andalus Dist.,25.8458252,43.5211856,43.5076575,25.8350512,43.5324425,25.8627173
10402421039,2421,4,39,حي المروج,Al Muruj Dist.,25.8382657,43.4389429,43.4228699,25.8188284,43.4579294,25.8571838
10402421040,2421,4,40,حي الورود,Al Wurud Dist.,25.8893341,43.4539385,43.4418317,25.8725206,43.4775345,25.9062739
10402421041,2421,4,41,حي الفيصلية,Al Faisaliyah Dist.,25.9053673,43.4793412,43.4663565,25.8827275,43.4960963,25.9143032
10402421042,2421,4,42,حي الشنانة الجنوبية,Al Shinanah Al Janubiyah Dist.,25.808388,43.4449044,43.4366256,25.7941878,43.4586494,25.818819
10402448001,2448,4,1,حي النخيل,Al Nakhil Dist.,25.8541804,44.2206124,44.2131992,25.8452303,44.2273428,25.8591606
10402448002,2448,4,2,حي الورود,Al Wurud Dist.,25.8494966,44.2260151,44.2232361,25.8389652,44.2355826,25.8522797
10402448003,2448,4,3,حي المنتزه,Al Muntazah Dist.,25.8442579,44.2226916,44.2169109,25.8362694,44.227994,25.8485769
10402448004,2448,4,4,حي الصفراء,As Safra Dist.,25.8478243,44.2116283,44.2073769,25.8335287,44.2213426,25.8527609
10402448005,2448,4,5,حي البستان,Al Bustan Dist.,25.832783,44.2322744,44.2145978,25.8241857,44.2405482,25.842044
10402448006,2448,4,6,حي الجديدة,Al Jadidah Dist.,25.8561769,44.2339664,44.2209506,25.8462535,44.2500467,25.8728726
10402448007,2448,4,7,حي الخزامى,Al Khuzama Dist.,25.8482185,44.2034074,44.1914495,25.8394059,44.2157366,25.8643231
10402448008,2448,4,8,حي الخالدية,Al Khalidiyah Dist.,25.8803895,44.2009794,44.1954054,25.8635442,44.2137051,25.8851627
10402448009,2448,4,9,حي الروضة,Ar Rawdah Dist.,25.8855466,44.2031348,44.1971671,25.8775217,44.2133644,25.893962
10402448010,2448,4,10,حي الحزم,Al Hazm Dist.,25.8672684,44.2231188,44.2104131,25.8591606,44.2273987,25.876345
10402448011,2448,4,11,حي الصناعية,As Sinaiyah Dist.,25.8872646,44.1980599,44.1942755,25.8840906,44.2017609,25.8912401
10402448012,2448,4,12,حي قرطبة,Qurtubah Dist.,25.8826576,44.1884258,44.177298,25.877491,44.1897006,25.89126
10402448013,2448,4,13,حي السلام,As Salam Dist.,25.8599695,44.2168901,44.2079096,25.8551683,44.2209506,25.8678526
10402448014,2448,4,14,حي القادسية,Al Qadisiyah Dist.,25.8738566,44.1887434,44.185855,25.8515711,44.2071247,25.8886072
10402448015,2448,4,15,حي القفيفة,Al Qifayfah Dist.,25.8283622,44.2313151,44.2192015,25.8207005,44.2419437,25.8341226
10402448016,2448,4,16,حي ام عشيرة,Umm Ushayrah Dist.,25.84575,44.2417344,44.2324839,25.8341226,44.2547045,25.8503347
10402448017,2448,4,17,حي الصالحية,As Salhiyah Dist.,25.8799758,44.2135488,44.2052975,25.8719347,44.2167456,25.8844317
10402467005,2467,4,5,حي الخزان,Al Khazzan Dist.,26.0607798,43.5622261,43.558883,26.0555959,43.5670309,26.0689929
10402467006,2467,4,6,حي النزهة,An Nuzhah Dist.,26.0711828,43.5528247,43.5429184,26.064626,43.5598209,26.0806452
10402467007,2467,4,7,حي القادسية,Al Qadisiyah Dist.,26.0602109,43.553413,43.5458966,26.055638,43.5591353,26.0650696
10402467008,2467,4,8,حي النهضة,An Nahdah Dist.,26.0510404,43.5541926,43.548359,26.0445423,43.558959,26.0560363
10402467009,2467,4,9,حي التعاون,At Taawun Dist.,26.0537399,43.563249,43.5585431,26.0461436,43.5671258,26.0593506
10402467010,2467,4,10,حي الافراح,Al Afrah Dist.,26.0541194,43.5713143,43.5670309,26.0490115,43.575966,26.059121
10402467011,2467,4,11,حي القدس,Al Quds Dist.,26.0622566,43.5704848,43.5669045,26.0581301,43.5744474,26.0670496
10402467013,2467,4,13,حي الحزم,Al Hazm Dist.,26.0361166,43.5513722,43.5426883,26.0295138,43.564913,26.0459114
10402467022,2467,4,22,حي زبيدة,Zubaiydah Dist.,26.0432515,43.5687774,43.5578342,26.0359335,43.5742391,26.0490115
10402467023,2467,4,23,حي النفل,An Nafl Dist.,26.0616442,43.5410398,43.5225814,26.0587343,43.5475695,26.0652924
10402481001,2481,4,1,حي ام ثلعة,Umm Thalaah Dist.,26.0236534,43.758143,43.7556069,26.0203126,43.7620178,26.0254875
10402481002,2481,4,2,حي العبيلة,Al Ubaylah Dist.,26.0093371,43.7381202,43.7364147,26.0063082,43.7412967,26.0111154
10402481003,2481,4,3,حي العثمانية,Al Uthmaniyah Dist.,26.0045294,43.7336889,43.726609,25.9993365,43.7381968,26.0097675
10402481004,2481,4,4,حي الوسطى,Al Wusta Dist.,26.0021662,43.7232281,43.7152565,25.9955071,43.7297248,26.0084699
10402481005,2481,4,5,حي الشيرمي,Ash Shayrami Dist.,26.0005978,43.7365882,43.7310362,25.9939489,43.7416032,26.0063082
10402481006,2481,4,6,حي المستشفى,Al Mustashfa Dist.,25.9911873,43.7326837,43.7250992,25.9835318,43.7380738,26.0004183
10402481007,2481,4,7,حي البساتين,Al Basatin Dist.,25.9901353,43.7415538,43.7357892,25.9819009,43.7487061,25.9983325
10402481008,2481,4,8,حي الاندلس,Al Andalus Dist.,25.9790847,43.7513514,43.7397949,25.9747402,43.75595,25.9885032
10402481009,2481,4,9,حي النخيل,Al Nakhil Dist.,25.9741311,43.7412221,43.7326674,25.9642202,43.7487496,25.9835318
10402481010,2481,4,10,حي الرمة,Ar Rimmah Dist.,25.9854945,43.7301868,43.7187491,25.9792857,43.737941,25.9955071
10402481011,2481,4,11,حي الصناعية,As Sinaiyah Dist.,25.9818496,43.7218528,43.7126053,25.9748866,43.7293046,25.9903174
10402481012,2481,4,12,حي الاصفر,Al Asfar Dist.,25.9744013,43.7120314,43.7024129,25.9652802,43.7224234,25.9851481
10402481013,2481,4,13,حي رامات,Ramat Dist.,25.9604556,43.6978319,43.6911854,25.9540637,43.7115711,25.9679866
10402481014,2481,4,14,حي العليا,Al Olaya Dist.,25.965164,43.6966956,43.6925399,25.9601734,43.7012931,25.9696129
10402481015,2481,4,15,حي التعليم,At Taalim Dist.,25.9962912,43.7212808,43.7185182,25.9924797,43.7250992,25.9990117
10402481016,2481,4,16,حي السلام,As Salam Dist.,25.996317,43.7466455,43.73974,25.9824351,43.7573621,26.008602
10402481017,2481,4,17,حي العبدلية,Al Abdaliyah Dist.,25.9177093,43.6679657,43.6628064,25.9077292,43.6789997,25.9232804
10402481018,2481,4,18,حي الدحلة,Ad Dahlah Dist.,25.9263535,43.6780403,43.6649912,25.9171346,43.6842388,25.9351068
10402486001,2486,4,1,حي السحابين الشمالي,As Sahabin Ash Shamali Dist.,26.0657881,43.6027021,43.59586,26.0538861,43.6104241,26.0721127
10402486002,2486,4,2,حي الخبراء القديمة,Al Khabra Al Qadima Dist.,26.0613207,43.6497253,43.6433043,26.0536026,43.6619321,26.0678972
10402486003,2486,4,3,حي الياسمين,Al Yasmin Dist.,26.0698356,43.6161221,43.6102559,26.0639026,43.621334,26.0751312
10402486004,2486,4,4,حي النسيم,Al Naseem Dist.,26.0757903,43.6285654,43.6193502,26.0699429,43.6372883,26.0859975
10402486005,2486,4,5,حي الورود,Al Wurud Dist.,26.0894251,43.647665,43.6418468,26.0840638,43.6504333,26.0966616
10402486006,2486,4,6,حي الأندلس,Al Andalus Dist.,26.0829165,43.5989869,43.594329,26.0762283,43.6036944,26.085977
10402486007,2486,4,7,حي السحابين الجنوبي,As Sahabin Al Janubi Dist.,26.0522879,43.6021181,43.5977462,26.050768,43.6085639,26.0553169
10402486008,2486,4,8,حي الربوة,Ar Rabwah Dist.,26.0864225,43.6215805,43.6133247,26.0825783,43.6239473,26.0906759
10402486009,2486,4,9,حي القدس,Al Quds Dist.,26.066463,43.6279255,43.6187289,26.0610719,43.6339487,26.0727924
10402486010,2486,4,10,حي الملاح,Al Mallah Dist.,26.0767666,43.6427553,43.6352934,26.0686307,43.6480716,26.0882106
10402486011,2486,4,11,حى الرفيعة,Ar Rafiah Dist.,26.0653168,43.6371147,43.6315181,26.0580389,43.6449174,26.0717704
10402486012,2486,4,12,حي الريان,Ar Rayan Dist.,26.0754137,43.6056026,43.6002605,26.0705226,43.6133247,26.0859764
10402486013,2486,4,13,حي الروضة,Ar Rawdah Dist.,26.0551309,43.6259389,43.612822,26.0517997,43.6364468,26.0639026
10402486014,2486,4,14,حي الربيع,Ar Rabie Dist.,26.078443,43.6182393,43.6113768,26.0737617,43.621794,26.084192
10402486015,2486,4,15,حي الصناعية,As Sinaiyah Dist.,26.0594201,43.6127304,43.6085638,26.0531334,43.6187289,26.0657751
10402629001,2629,4,1,حي البيضاء,Al Baida Dist.,26.1150909,43.6545713,43.6431204,26.1027515,43.6614273,26.1258296
10402629003,2629,4,3,حي السلاح,As Silah Dist.,26.0996478,43.667558,43.6570738,26.0901512,43.6743586,26.111316
10402630002,2630,4,2,حي الزهرة,Az Zahrah Dist.,26.1345462,43.6608759,43.6556171,26.1283242,43.6655072,26.1394568
10402630003,2630,4,3,حي العزيزية,Al Aziziyah Dist.,26.1404783,43.6557024,43.6496883,26.1346026,43.6605454,26.1475317
10402630004,2630,4,4,حي الهلالية,Al Halaliyah Dist.,26.1250898,43.6739933,43.6698532,26.1177884,43.6835514,26.131956
10402630005,2630,4,5,حي الخليج,Al Khalij Dist.,26.1281553,43.6677041,43.6614309,26.1233107,43.6715854,26.1356518
10402630006,2630,4,6,حي الملك عبدالله,King Abdullah Dist.,26.1479392,43.6472516,43.6392612,26.1396876,43.6532737,26.1534013
10402630007,2630,4,7,حي النهضة,An Nahdah Dist.,26.1414319,43.663119,43.6579588,26.1356374,43.6689991,26.1467921
10402630008,2630,4,8,حي النخيل,Al Nakhil Dist.,26.1592403,43.6444757,43.6351057,26.1488726,43.6537783,26.1697979
10402630009,2630,4,9,حي الاسكان,Al Iskan Dist.,26.1798526,43.6168917,43.5977668,26.1736548,43.6235659,26.1951924
10402630010,2630,4,10,حي الخالدية,Al Khalidiyah Dist.,26.1492569,43.656275,43.6528213,26.1420241,43.6615291,26.1527218
10402630011,2630,4,11,حي المحمدية,Al Muhammadiyah Dist.,26.1309586,43.6384677,43.6264563,26.1242858,43.6475536,26.1373827
10402630012,2630,4,12,حي القادسية,Al Qadisiyah Dist.,26.1243053,43.6065612,43.5957415,26.1109605,43.6259175,26.1356665
10402630013,2630,4,13,حي الصناعية,As Sinaiyah Dist.,26.1499333,43.7009021,43.6933719,26.1404089,43.7128694,26.1577538
10402630014,2630,4,14,حي الريان,Ar Rayyan Dist.,26.1737471,43.6373301,43.6181239,26.1649442,43.6528608,26.1849682
10402630015,2630,4,15,حي الامل,Al Amal Dist.,26.1493242,43.5949074,43.581153,26.1356206,43.6072702,26.1663984
10402630016,2630,4,16,حي الرياض,Ar Riyadh Dist.,26.1375701,43.6181159,43.6008833,26.1289934,43.6291863,26.1494875
10402630017,2630,4,17,حي الديرة,Al Dirah Dist.,26.1524615,43.6606742,43.6532563,26.1408543,43.6801868,26.1624245
10402630018,2630,4,18,حي المجد,Al Majd Dist.,26.1312094,43.6800573,43.6655251,26.1227622,43.6858283,26.1445742
10402630019,2630,4,19,حي الربوة,Ar Rabwah Dist.,26.170072,43.598065,43.5862204,26.158448,43.6141992,26.1819984
10402630020,2630,4,20,حي الحمراء,Al Hamra Dist.,26.1313129,43.6534425,43.6463503,26.1256691,43.6621254,26.1369963
10402630021,2630,4,21,حي الروابي,Ar Rawabi Dist.,26.1663247,43.6273989,43.6069994,26.1513553,43.6393305,26.1769746
10402630022,2630,4,22,حي التقنية,Al Taqniyah Dist.,26.1763326,43.6987885,43.6952987,26.1690707,43.7064789,26.1826423
10402630023,2630,4,23,حي المنتزة,Al Montazah Dist.,26.1660505,43.6585699,43.6508074,26.1593306,43.6820485,26.1796448
10402777001,2777,4,1,حي الخبيب,Al Khabib Dist.,26.3083991,44.2443209,44.2337543,26.299633,44.2512934,26.3133633
10402777002,2777,4,2,حي المتحف,Al Mathaf Dist.,26.3275465,44.248312,44.2437484,26.3203505,44.2556544,26.3377854
10402777003,2777,4,3,حي النخيل,Al Nakhil Dist.,26.3264774,44.2370099,44.2239186,26.3190206,44.2447648,26.3325551
10402777004,2777,4,4,حي الشفاء,Ash Shifa Dist.,26.3262591,44.2456267,44.2394321,26.3190528,44.2500682,26.3350807
10402777005,2777,4,5,حي الشماس,Al Shamas Dist.,26.3244353,44.2631979,44.2537534,26.3188157,44.2720918,26.3324938
10402777006,2777,4,6,حي البلاد,Al Bilad Dist.,26.3351328,44.2589956,44.2495637,26.3275529,44.2673734,26.340197
10402777008,2777,4,8,حي الفاروق,Al Farouq Dist.,26.3068797,44.26245,44.2586468,26.303635,44.2657555,26.3105464
10402777009,2777,4,9,حي برزة,Barzah Dist.,26.311537,44.2611371,44.2585986,26.3089467,44.2633171,26.3140866
10402777010,2777,4,10,حي الواسط,Al Wasit Dist.,26.3137525,44.2681952,44.2623609,26.3099179,44.2724095,26.3168915
10402777011,2777,4,11,حي البدع,Al Bada Dist.,26.3193144,44.2611339,44.2557512,26.3127945,44.2659551,26.3218576
10402777012,2777,4,12,حي الجال,Al Jal Dist.,26.3168671,44.2701648,44.2647326,26.313707,44.2718762,26.3220653
10402777013,2777,4,13,حي الاندلس,Al Andalus Dist.,26.3130305,44.2567553,44.2528687,26.310077,44.2588783,26.3218527
10402777014,2777,4,14,حي الميدان,Al Midan Dist.,26.3124483,44.2529128,44.2460892,26.3079478,44.2563205,26.321121
10402777015,2777,4,15,حي السلام,As Salam Dist.,26.3055865,44.2553239,44.2506923,26.2877025,44.2616363,26.3106377
10402777016,2777,4,16,حي الصفاء,Al Safa Dist.,26.3057865,44.2672133,44.2655083,26.3034504,44.2704999,26.3071539
10402777017,2777,4,17,حي القادسية,Al Qadisiyah Dist.,26.3136775,44.2405235,44.2298936,26.3096126,44.248341,26.319258
10402777018,2777,4,18,حي الصناعية,As Sinaiyah Dist.,26.3382897,44.2446764,44.2413127,26.3350906,44.2495637,26.3448455
10402777019,2777,4,19,حي المتوكل,Al Mutawakil Dist.,26.3085573,44.26963,44.265174,26.3053978,44.2730088,26.3122057
10402988001,2988,4,1,حي العزيزية,Al Aziziyah Dist.,25.8260379,42.2104786,42.2068874,25.8219302,42.2164288,25.8302504
10402988002,2988,4,2,حي الاندلس,Al Andalus Dist.,25.8326446,42.191765,42.1872568,25.8310856,42.1964409,25.8356112
10402988003,2988,4,3,حي المصيف,Al Masif Dist.,25.8196872,42.1960307,42.1904339,25.8176159,42.2008408,25.8214248
10402988004,2988,4,4,حي اليرموك,Al Yarmuk Dist.,25.8191565,42.2040102,42.2007195,25.8171886,42.206961,25.8219401
10402988005,2988,4,5,حي الروضة,Ar Rawdah Dist.,25.8268118,42.1927603,42.1902097,25.8248337,42.197665,25.8283552
10402988006,2988,4,6,حي الخليج,Al Khalij Dist.,25.8301634,42.2048218,42.201054,25.8286163,42.2101385,25.8328182
10402988007,2988,4,7,حي الفيحاء,Al Fayha Dist.,25.8251839,42.183977,42.1788261,25.8212265,42.1874024,25.8275377
10402988008,2988,4,8,حي الوادي,Al Wadi Dist.,25.8264855,42.2151282,42.2101385,25.8203083,42.2210313,25.8310917
10402988009,2988,4,9,حي الربوة,Ar Rabwah Dist.,25.8249666,42.1890259,42.1864602,25.8210831,42.1905167,25.8278264
10402988010,2988,4,10,حي المروج,Al Muruj Dist.,25.8205446,42.1860878,42.1802885,25.8190886,42.1905611,25.8216659
10402988011,2988,4,11,حي الملك فهد,King Fahd Dist.,25.8251025,42.2000104,42.1967688,25.8212878,42.2011823,25.8286255
10402988012,2988,4,12,حي الازدهار,Al Izdihar Dist.,25.8227042,42.1933285,42.1902682,25.8210795,42.197273,25.8250302
10402988013,2988,4,13,حي القدس,Al Quds Dist.,25.8237604,42.1757724,42.1689362,25.8204142,42.1803585,25.8265546
10402988014,2988,4,14,حي السعادة,As Saadah Dist.,25.8303103,42.1922937,42.190212,25.827821,42.1962943,25.8315727
10402988015,2988,4,15,حي الشفاء,Ash Shifa Dist.,25.8293803,42.1854221,42.1782439,25.8266327,42.1902486,25.8312341
10402988016,2988,4,16,حي الياسمين,Al Yasmin Dist.,25.8370687,42.1755967,42.1718794,25.8310166,42.1799242,25.8404013
10402988017,2988,4,17,حي الملك عبدالله,King Abdullah Dist.,25.827067,42.1751024,42.1686307,25.8243917,42.1792868,25.8310488
10402988018,2988,4,18,حي التعاون,At Taawun Dist.,25.8214116,42.212369,42.2065907,25.8177585,42.2172954,25.8224689
10402988019,2988,4,19,حي السلام,As Salam Dist.,25.8260995,42.2046312,42.2005354,25.8214248,42.20793,25.8294894
10402988020,2988,4,20,حي المنار,Al Manar Dist.,25.8408612,42.2404616,42.2262856,25.8347681,42.2595906,25.851116
10402988021,2988,4,21,حي الريان,Ar Rayan Dist.,25.8334906,42.1834088,42.1772759,25.831041,42.1888662,25.8386439
10402988022,2988,4,22,حي النهضة,An Nahdah Dist.,25.8324131,42.1983306,42.1949668,25.8282532,42.2020753,25.8359996
10403030001,3030,4,1,فيضة ابان الاحمر,Faidat Aban Alahmar,25.4451396,42.8555821,42.8534657,25.44252,42.8576987,25.4477592
10403030002,3030,4,2,النويصفة,Al Nuwaisifah,25.423142,42.886217,42.8731226,25.4161057,42.889901,25.4262355
10403030003,3030,4,3,مشرفة عمودان,Mishrifat Amudan,25.4093329,42.9223764,42.9115697,25.3995895,42.9256539,25.4114466
10403030004,3030,4,4,كفت,Kofat,25.4126851,42.9230447,42.9066572,25.4086475,42.925495,25.4184356
10403151001,3151,4,1,حي الرابية,Ar Rabiyah Dist.,24.709656,42.9273407,42.9253398,24.7066929,42.930929,24.711771
10403151002,3151,4,2,حي السلام,As Salam Dist.,24.7083502,42.9223545,42.9192146,24.7066019,42.9254208,24.7116938
10403151003,3151,4,3,حي النخيل,Al Nakhil Dist.,24.7044565,42.9225,42.919771,24.700057,42.9255412,24.7066929
10403151004,3151,4,4,حي الربوة,Ar Rabwah Dist.,24.7255229,42.925847,42.9202317,24.7214587,42.9291757,24.7288024
10403151005,3151,4,5,حي المنتزه,Al Muntazah Dist.,24.7069424,42.9431204,42.9336247,24.7017391,42.9535926,24.7125296
10403151006,3151,4,6,حي الجزيرة,Al Jazirah Dist.,24.7209625,42.9291557,42.9280729,24.7117316,42.930929,24.7275495
10403151007,3151,4,7,حي الملك عبدالله,King Abdullah Dist.,24.7182171,42.917023,42.9110421,24.7115354,42.9202317,24.7229944
10403151008,3151,4,8,حي غرناطة,Ghirnatah Dist.,24.7025735,42.9338305,42.9307069,24.6963133,42.9384095,24.7068302
10403151009,3151,4,9,حي ج1,C1 Dist.,24.7036025,42.9577226,42.9559715,24.7019574,42.9601894,24.7061223
10403151010,3151,4,10,حي المحمدية,Al Muhammadiyah Dist.,24.719769,42.9211453,42.9172806,24.7156282,42.9286713,24.7222419
10403151011,3151,4,11,حي الريان,Ar Rayan Dist.,24.7039211,42.9285591,42.9254163,24.7000955,42.9308309,24.7067696
10403151012,3151,4,12,حي الرمثية,Ar Ramthyah Dist.,24.7416838,42.9552245,42.9507569,24.7383035,42.958392,24.7458696
10403151013,3151,4,13,حي الغربية,Al Gharbiyyah Dist.,24.7155424,42.9216755,42.9169171,24.7115663,42.9284347,24.7185766
10403151014,3151,4,14,حي الصفا,As Safa Dist.,24.7248905,42.9179162,42.9149223,24.7222419,42.9211236,24.7288295
10403151015,3151,4,15,حي القادسية,Al Qadisiyah Dist.,24.7096178,42.9153209,42.9110499,24.7065055,42.9193132,24.7117521
10403151016,3151,4,16,حي حطين,Hiteen Dist.,24.704431,42.9153267,42.9112885,24.7000027,42.9197959,24.7066084
10403151017,3151,4,17,حي الوادي,Al Wadi Dist.,24.7121687,42.9358123,42.9308309,24.7067696,42.9451258,24.7244331
10403151018,3151,4,18,حي اليرموك,Al Yarmuk Dist.,24.7088439,42.9080912,42.9039933,24.7063775,42.9112885,24.7123476
10410872001,10872,4,1,فيضة السلمات,Faidat Al Salamat,25.5898902,42.8197069,42.8107884,25.5745213,42.8287818,25.5971648
10410872002,10872,4,2,المرموثة الشمالية,Al Marmuthah Ash Shamaliyah,25.5722417,42.8308469,42.8217867,25.5603401,42.8381847,25.5768777
10410872003,10872,4,3,الخريشاء,Al Kharisha,25.5923626,42.8272444,42.8211695,25.5813768,42.8409817,25.5993335
10410872004,10872,4,4,المديري,Al Mudairy,25.5771573,42.8357403,42.8268144,25.572601,42.8447996,25.5878586
10500012001,12,5,1,حي الزهرة,Az Zahrah Dist.,25.3261718,49.5863812,49.5775677,25.3198064,49.5908057,25.332314
10500012002,12,5,2,حي المربدية,Al Marbidia Dist.,25.3547685,49.581776,49.5797963,25.3519601,49.5853407,25.357342
10500012003,12,5,3,حي القدس,Al Quds Dist.,25.3060614,49.5365785,49.5196891,25.2972357,49.5446753,25.3134795
10500012004,12,5,4,حي الجوهرة,Al Jawharah Dist.,25.3174103,49.5483751,49.543661,25.3134795,49.555641,25.3239364
10500012005,12,5,5,حي الورود الثاني,Al Wurud 2nd Dist.,25.2816945,49.5679383,49.561932,25.272353,49.5965087,25.2831663
10500012006,12,5,6,حي المهندسين,Al Muhandisin Dist.,25.3259483,49.5382278,49.5305156,25.3122583,49.5444856,25.3313987
10500012007,12,5,7,حي عين موسى,Ayn Musa Dist.,25.367214,49.6014839,49.597752,25.3622716,49.604968,25.3733464
10500012008,12,5,8,حي الصقور,As Suqur Dist.,25.2922388,49.5439956,49.5293113,25.2831937,49.5572419,25.2990328
10500012009,12,5,9,حي الواحة,Al Wahah Dist.,25.3254879,49.6191446,49.6142885,25.3183349,49.6233487,25.3353506
10500012010,12,5,10,حي الهدا,Al Hada Dist.,25.291416,49.5569089,49.552507,25.2832684,49.5619121,25.2995077
10500012011,12,5,11,حي الثليثية,Al Thulaythiyah Dist.,25.360292,49.5876046,49.5847104,25.3574339,49.591249,25.3649557
10500012012,12,5,12,حي المعلمين,Al Muallimeen Dist.,25.3661898,49.5750567,49.5666226,25.3637209,49.5793622,25.368618
10500012013,12,5,13,حي العاصمة,Al Asimah Dist.,25.3070569,49.5466146,49.5426828,25.2981106,49.5574051,25.314665
10500012014,12,5,14,حي الأمراء,Al Omaraa Dist.,25.2974484,49.5724257,49.557396,25.2846675,49.5861264,25.3052475
10500012015,12,5,15,حي النخيل,Al Nakhil Dist.,25.359502,49.6482078,49.6387578,25.3549125,49.6515436,25.3652074
10500012016,12,5,16,حي العزيزية الثاني,Al Aziziyah 2nd Dist.,25.3421217,49.5661671,49.5579371,25.3355275,49.569953,25.3484875
10500012017,12,5,17,حي الحمراء الثالث,Al Hamra 3rd Dist.,25.3073712,49.5638114,49.5556482,25.2995086,49.5738891,25.3162337
10500012018,12,5,18,حي المرقاب,Al Mirqab Dist.,25.3496909,49.5835152,49.5798572,25.3484033,49.5875455,25.3525922
10500012019,12,5,19,حي الرابية,Ar Rabiyah Dist.,25.2949651,49.588472,49.5820469,25.2887854,49.5949365,25.3070369
10500012020,12,5,20,حي الحزام الأخضر,Al Hizam Al Akhdar Dist.,25.3158619,49.638806,49.6273181,25.3095983,49.6476396,25.3234882
10500012021,12,5,21,حي الجامعيين,Al Jamiyin Dist.,25.3144082,49.5863189,49.5775051,25.3063198,49.5952029,25.3229205
10500012022,12,5,22,حي الروضة,Ar Rawdah Dist.,25.355235,49.6062086,49.5992056,25.3445555,49.6145249,25.3629544
10500012023,12,5,23,حي غرناطة,Ghirnatah Dist.,25.331296,49.5444225,49.5387587,25.3198294,49.5531382,25.33915
10500012024,12,5,24,حي الصحافة,As Sahafah Dist.,25.3523801,49.6469338,49.6396586,25.3484598,49.6526424,25.3554497
10500012026,12,5,26,حي ام خريسان,Um Khraisan Dist.,25.3871111,49.5856029,49.5810045,25.3794991,49.5888088,25.3937688
10500012027,12,5,27,حي العليا,Al Olaya Dist.,25.3588809,49.5944273,49.5896121,25.3533765,49.6003406,25.3622716
10500012028,12,5,28,حي الحمراء الثاني,Al Hamra 2nd Dist.,25.312469,49.5682211,49.5597884,25.302012,49.5774084,25.3220234
10500012029,12,5,29,حي البدرية,Al Badriyah Dist.,25.3153791,49.5201668,49.5059514,25.3069283,49.5316293,25.3249936
10500012030,12,5,30,حي السنيدية,As Sunaidah Dist.,25.3570244,49.576697,49.5731751,25.3530908,49.5798446,25.3611634
10500012031,12,5,31,حي المحمدية,Al Muhammadiyah Dist.,25.3709783,49.5638333,49.5581584,25.3632481,49.5673306,25.3814545
10500012032,12,5,32,حي لذه,Ladhah Dist.,25.3487835,49.5884259,49.5865036,25.3441995,49.591727,25.3526147
10500012033,12,5,33,حي مجمع الدوائر الحكومية الثاني,Government Departments Complex 2nd  Dist.,25.3228271,49.5646107,49.5531382,25.3146074,49.5689724,25.3270417
10500012034,12,5,34,حي المزروع الثاني,Al Mazrooa 2nd Dist.,25.3374247,49.6178225,49.6141454,25.326803,49.6228887,25.3445555
10500012035,12,5,35,حي الورود الثالث,Al Wurud 3rd Dist.,25.2787144,49.5449019,49.5270936,25.2725215,49.5619932,25.2833559
10500012036,12,5,36,حي الربوه,Ar Rabwah Dist.,25.3380248,49.5333632,49.5169846,25.3299625,49.5413056,25.3540914
10500012037,12,5,37,حي الرويضة,Ar Ruwaida Dist.,25.3573593,49.6212127,49.6085433,25.3486286,49.6264479,25.3609445
10500012038,12,5,38,حي الرفيعة,Ar Rafiah Dist.,25.3609666,49.5763977,49.5726497,25.3588072,49.5796674,25.3646629
10500012039,12,5,39,حي الحوراء,Al Hawra Dist.,25.3481543,49.6186971,49.6130772,25.3445555,49.6277068,25.3546105
10500012040,12,5,40,حي الرقيقة,Ar Ruqaiqah Dist.,25.3566902,49.5709616,49.5665085,25.3483976,49.5736451,25.364141
10500012041,12,5,41,حي المزروع الاول,Al Mazrooa 1st Dist.,25.3383847,49.6102818,49.6034416,25.3340706,49.6145249,25.3493161
10500012042,12,5,42,حي جوبا,Juba Dist.,25.3467431,49.5834855,49.579271,25.3442738,49.5882795,25.3492008
10500012043,12,5,43,حي البصيرة,Al Busairah Dist.,25.3714374,49.6074613,49.6029988,25.3675642,49.6115688,25.3741504
10500012044,12,5,44,حي المروج الجنوبي,Al Muruj Southern Dist.,25.3610112,49.6583144,49.6501875,25.3554497,49.6702494,25.3659311
10500012045,12,5,45,حي السليمانية,As Sulaimaniyah Dist.,25.3779872,49.5986869,49.5963908,25.3727891,49.6029988,25.3858359
10500012046,12,5,46,حي الحمراء الأول,Al Hamra 1st Dist.,25.3171838,49.573513,49.5686232,25.3034091,49.5850028,25.3253752
10500012047,12,5,47,حي الشهابية,Ash Shihabiyah Dist.,25.3625244,49.6121061,49.6045895,25.356639,49.6242417,25.3650089
10500012048,12,5,48,حي العزيزية الأول,Al Aziziyah 1st Dist.,25.3327731,49.5688567,49.5629173,25.3229205,49.5801258,25.3369511
10500012049,12,5,49,حي جامعة الملك فيصل الأول,King Faisal University 1st Dist.,25.3421265,49.597272,49.5904672,25.3286799,49.6059803,25.3533765
10500012050,12,5,50,حي المطار,Al Matar Dist.,25.2838517,49.5207433,49.5062002,25.2765251,49.5300696,25.2983881
10500012051,12,5,51,حي هجر,Hajr Dist.,25.3161141,49.6247782,49.616746,25.3064626,49.6324214,25.3216691
10500012052,12,5,52,حي منسوبي التعليم الأول,Mansubi Al Taleem 1st Dist.,25.3089348,49.6013916,49.5867601,25.2988708,49.6087379,25.3144992
10500012053,12,5,53,حي منيفة,Munifah Dist.,25.3497491,49.5759584,49.569381,25.3452151,49.5799149,25.3532427
10500012054,12,5,54,حي البندرية,Al Bandariyah Dist.,25.3409373,49.5761531,49.5677533,25.3322979,49.5828332,25.3486502
10500012055,12,5,55,حي العويمرية,Al Uwaimiriyah Dist.,25.3551094,49.589107,49.5848154,25.3514625,49.5932744,25.3577272
10500012056,12,5,56,حي النايفية,An Nayfiyah Dist.,25.3329619,49.5594354,49.5477459,25.3239364,49.5647305,25.3425497
10500012057,12,5,57,حي النسيم,Al Naseem Dist.,25.3305047,49.6102887,49.6032838,25.3217289,49.6149621,25.3392559
10500012058,12,5,58,حي الدوحة,Al Doha Dist.,25.3051278,49.6335091,49.6182112,25.291781,49.6541756,25.3162707
10500012059,12,5,59,حي المثلث,Al Muthalath Dist.,25.3505123,49.5996992,49.5932744,25.3457218,49.6079895,25.354343
10500012060,12,5,60,حي الريان,Ar Rayyan Dist.,25.3282985,49.6295378,49.620406,25.3198554,49.6410917,25.3388504
10500012061,12,5,61,منطقة الغويبة الزراعية,Alghawbia Agricultural Area,25.3151059,49.6456598,49.6088351,25.271977,49.6969842,25.352299
10500012062,12,5,62,حي الوسيطة,Al Wasitah Dist.,25.36077,49.5824121,49.579391,25.3572913,49.5851852,25.3648998
10500012063,12,5,63,حي السلمانية الثاني,Al Salmaniyah 2nd Dist.,25.3591786,49.5427303,49.5350458,25.3542869,49.5467016,25.3715537
10500012064,12,5,64,حي الشغيبية,Al Shagaibiyah Dist.,25.3702536,49.5805822,49.5782222,25.3646608,49.5827523,25.3740788
10500012065,12,5,65,حي جامعة الملك فيصل الثالث,King Faisal University 3rd Dist.,25.3152821,49.6099299,49.6053058,25.3076153,49.6184768,25.3217289
10500012066,12,5,66,حي الإسكان الأول,Al Iskan 1st Dist.,25.3200736,49.598403,49.5874319,25.3104274,49.6053058,25.3310498
10500012067,12,5,67,حي صويدرة,As Suwaidirah Dist.,25.3699753,49.6288984,49.6195047,25.3647021,49.637871,25.3772466
10500012068,12,5,68,حي الخالدية,Al Khalidiyah Dist.,25.3393313,49.5848414,49.5792316,25.3269595,49.5965735,25.3452151
10500012069,12,5,69,حي السلمانية الرابع,Al Salmaniyah 4th Dist.,25.3498736,49.5405393,49.5290035,25.338433,49.5477459,25.3584204
10500012070,12,5,70,حي منسوبي التعليم الثاني,Mansubi Al Taleem 2nd Dist.,25.2975129,49.6022299,49.5905639,25.2897077,49.6129069,25.3061085
10500012071,12,5,71,حي الورود الأول,Al Wurud 1st Dist.,25.2819549,49.6156598,49.5963806,25.2721721,49.624221,25.2851178
10500012072,12,5,72,حي الفيصلية الثاني,Al Faisaliyah 2nd Dist.,25.3906872,49.602478,49.5980396,25.3860335,49.6085181,25.3949427
10500012073,12,5,73,حي الناصرية,An Nasriyah Dist.,25.3754116,49.593665,49.5913276,25.372305,49.5974049,25.3806854
10500012074,12,5,74,حي اللويمي,Al Luwaymi Dist.,25.3837006,49.6301833,49.619896,25.3763927,49.6427317,25.3922341
10500012075,12,5,75,حي الخدود,Al Khudud Dist.,25.384411,49.6137684,49.6001108,25.3733464,49.6247393,25.3931976
10500012076,12,5,76,حي السلمانية الثالث,Al Salmaniyah 3rd Dist.,25.3557421,49.5531078,49.5468029,25.338876,49.5601834,25.3629253
10500012077,12,5,77,حي المزروعية,Al Mazruiyah Dist.,25.3732731,49.5727001,49.5649284,25.3669419,49.5790597,25.3749814
10500012078,12,5,78,حي المجيدية,Al Majidiyah Dist.,25.3251179,49.5248889,49.5124873,25.3185984,49.5344593,25.333176
10500012079,12,5,79,حي الملك فهد,King Fahd Dist.,25.3563853,49.6310845,49.6239148,25.3465837,49.6409041,25.365421
10500012080,12,5,80,حي التعاون,At Taawun Dist.,25.383467,49.595009,49.5893942,25.378875,49.6002715,25.3883912
10500012081,12,5,81,حي الدانة,Al Danah Dist.,25.2869934,49.6057052,49.5939061,25.2827667,49.6212425,25.2969998
10500012082,12,5,82,حي الفردوس,Al Fardus Dist.,25.3736992,49.6458614,49.6359691,25.3646099,49.6515993,25.38056
10500012083,12,5,83,حي السيفة,As Saifa Dist.,25.3768972,49.5733027,49.5640838,25.3735106,49.5853804,25.3933811
10500012084,12,5,84,حي الحفيرة,Al Hufayrah Dist.,25.3561517,49.5635252,49.5592238,25.3432834,49.567493,25.3636581
10500012085,12,5,85,حي السلمانية الأول,Al Salmaniyah 1st Dist.,25.3656496,49.5535614,49.5462114,25.3583726,49.561826,25.3781418
10500012086,12,5,86,حي الصالحية,As Salhiyah Dist.,25.3690948,49.5930809,49.5877036,25.3610649,49.5992056,25.3728125
10500012087,12,5,87,حي المباركية,Al Mubarakiyah Dist.,25.3675662,49.6111008,49.603604,25.3631134,49.6210895,25.3764347
10500012088,12,5,88,جامعة الامام محمد بن سعود الاسلامية,Imam Muhammed Ibn Saud Islamic University,25.3002809,49.5085004,49.5009911,25.2924852,49.5290116,25.3133112
10500012089,12,5,89,حي الفيصلية الأول,Al Faisaliyah 1st Dist.,25.3875588,49.5930159,49.5864084,25.3800864,49.5992997,25.3952071
10500012090,12,5,90,حي الرفعة الجنوبية,Ar Refah Southern Dist.,25.3718591,49.5908605,49.5865261,25.3681316,49.5933138,25.3749946
10500012091,12,5,91,حي جامعة الملك فيصل الثاني,King Faisal University 2nd Dist.,25.321405,49.6069115,49.5977441,25.3144992,49.6142885,25.3313505
10500012092,12,5,92,حي الإسكان الثاني,Al Iskan 2nd Dist.,25.2880152,49.5900925,49.561571,25.2829821,49.5952019,25.289958
10500012093,12,5,93,المدينة الرياضية,Sports City,25.3053957,49.6142783,49.608012,25.3021852,49.62151,25.3165639
10500012094,12,5,94,حي المروج الشمالي,Al Muruj Northern Dist.,25.3714878,49.6593938,49.6496875,25.3645736,49.6696907,25.3743709
10500012095,12,5,95,مطار الأحساء,Al Ahsa Airport,25.2769123,49.4925637,49.4744477,25.2622853,49.4972695,25.3150465
10500012096,12,5,96,حي الطالعية,Al Talayah Dist.,25.3662092,49.5854007,49.5821569,25.3648039,49.5877205,25.3687163
10500012097,12,5,97,حي النعاثل,Al Naathel Dist.,25.3721697,49.5839502,49.5820576,25.368493,49.5886279,25.3749946
10500012098,12,5,98,حي الكوت,Al Koot Dist.,25.3775056,49.58561,49.581586,25.3741707,49.5888922,25.3800622
10500012099,12,5,99,حي الرفعة الشمالية,Ar Refah Northern Dist.,25.3776667,49.5912287,49.5886279,25.3745424,49.5933138,25.3806316
10500012100,12,5,100,حي الزهراء,Az Zahra Dist.,25.3550891,49.6618562,49.6515436,25.3494578,49.6698551,25.3591967
10500012101,12,5,101,حي العسيلة,Al Aseelah Dist.,25.366761,49.5896441,49.5864637,25.3649614,49.5915528,25.3687577
10500013001,13,5,1,حي الخالدية الشمالية,Al Khalidiyah Ash Shamaliyah Dist.,26.4129634,50.1465066,50.1312793,26.3960647,50.1615575,26.4315715
10500013002,13,5,2,حي الناصرية,An Nasriyah Dist.,26.4240035,50.1218987,50.1150811,26.4142216,50.1300383,26.4303873
10500013003,13,5,3,حي الصناعية الاولى,1st Industrial Dist.,26.3970819,50.1429913,50.1291447,26.3843171,50.1518329,26.4124673
10500013004,13,5,4,حي الفنار,Al Fanar Dist.,26.4054834,50.1920283,50.1810283,26.3957265,50.2203919,26.4223894
10500013005,13,5,5,حي الأثير,Al Athir Dist.,26.4344134,50.0603497,50.0502748,26.4219745,50.0703079,26.4409391
10500013006,13,5,6,حي الجلوية,Al Jalawiyah Dist.,26.4364639,50.0753983,50.0646809,26.4266725,50.0851646,26.4423144
10500013007,13,5,7,حي النخيل,Al Nakhil Dist.,26.4383191,50.0876861,50.0817108,26.4340263,50.0965706,26.4433991
10500013008,13,5,8,حي القزاز,Al Qazaz Dist.,26.4356289,50.0911222,50.0851646,26.4329517,50.0965644,26.4385737
10500013009,13,5,9,حي البادية,Al Badiyah Dist.,26.4283907,50.0893398,50.0854117,26.4208404,50.0965572,26.4329882
10500013010,13,5,10,حي الدواسر,Ad Dawasir Dist.,26.4446071,50.1031834,50.0965496,26.4422766,50.108234,26.4486928
10500013011,13,5,11,حي العنود,Al Anud Dist.,26.4472229,50.0725801,50.0625831,26.4409391,50.0816931,26.4535335
10500013012,13,5,12,حي الشاطئ الغربي,Ash Shati Al Gharbi Dist.,26.4775101,50.1207527,50.1116789,26.453556,50.1300587,26.4983469
10500013013,13,5,13,حي الضباب,Ad Dabab Dist.,26.4255174,50.0531102,50.0404721,26.4064548,50.0677432,26.4377318
10500013014,13,5,14,حي المنار,Al Manar Dist.,26.3720815,50.0417247,50.0215508,26.354898,50.0620974,26.3974942
10500013015,13,5,15,حي النور,An Nur Dist.,26.4282782,50.0234136,50.0109741,26.4162148,50.0404721,26.4431418
10500013016,13,5,16,حي السلام,As Salam Dist.,26.4547145,50.102671,50.0965496,26.4465464,50.1086721,26.4588636
10500013017,13,5,17,حي الزهور,Az Zuhur Dist.,26.4548085,50.0841979,50.0807518,26.4486928,50.0973599,26.4591715
10500013018,13,5,18,حي المريكبات,Al Muraikabat Dist.,26.4131801,50.1020973,50.0901741,26.4037155,50.1103187,26.4205
10500013019,13,5,19,حي النهضة,An Nahdah Dist.,26.3752187,50.1444942,50.1317245,26.3648666,50.1496756,26.3911114
10500013020,13,5,20,حي ضاحية الملك فهد,Dahiyat Al Malik Fahd Dist.,26.431131,49.9989094,49.967751,26.3712692,50.0215508,26.4700622
10500013021,13,5,21,حي السيف,As Saif Dist.,26.3846086,50.199534,50.1891594,26.3751981,50.2342362,26.4059341
10500013022,13,5,22,حي الصناعية,As Sinaiyah Dist.,26.4504878,50.018148,50.008227,26.4329644,50.0397965,26.4680791
10500013023,13,5,23,حي احد,Uhud Dist.,26.4152552,50.0375833,50.0259218,26.3974942,50.0605301,26.4297177
10500013024,13,5,24,حي بدر,Badr Dist.,26.4039216,50.0286224,50.0121392,26.3845312,50.0428255,26.4214492
10500013025,13,5,25,حي الخليج,Al Khalij Dist.,26.4469823,50.0827719,50.0805478,26.4422769,50.0965706,26.4502049
10500013026,13,5,26,حي الروضة,Ar Rawdah Dist.,26.3960912,50.0851089,50.0677432,26.3870186,50.0949176,26.4150165
10500013027,13,5,27,حي طيبة,Taibah Dist.,26.3627203,50.0477242,50.0302512,26.3392421,50.0718549,26.3748161
10500013028,13,5,28,حي الجامعيين,Al Jamiyin Dist.,26.3917445,50.0995943,50.0891297,26.3823853,50.1047117,26.4037153
10500013029,13,5,29,حي الريان,Ar Rayyan Dist.,26.4071544,50.097072,50.0826458,26.3963727,50.1037491,26.413933
10500013030,13,5,30,حي القادسية,Al Qadisiyah Dist.,26.418489,50.0710544,50.0613181,26.4101486,50.077494,26.4266725
10500013031,13,5,31,حي غرناطة,Ghirnatah Dist.,26.4259774,50.0794795,50.0703079,26.4150165,50.0888969,26.4340263
10500013032,13,5,32,حي العدامة,Al Adamah Dist.,26.430059,50.1042235,50.0965465,26.4247005,50.1078349,26.4385737
10500013033,13,5,33,حي الامير محمد بن سعود,Prince Muhammed Ibn Saud Dist.,26.4312143,50.1137927,50.1077827,26.4251038,50.1180342,26.4385011
10500013034,13,5,34,حي الطبيشي,At Tubayshi Dist.,26.43409,50.1217637,50.1179852,26.4247348,50.1306276,26.4408964
10500013035,13,5,35,حي المزروعية,Al Mazruiyah Dist.,26.4433616,50.1237364,50.1179867,26.4327885,50.131917,26.453556
10500013036,13,5,36,حي الصفا,As Safa Dist.,26.3892618,50.1811081,50.175468,26.3734229,50.1950536,26.4026661
10500013037,13,5,37,حي المنتزه,Al Muntazah Dist.,26.3750654,50.1307698,50.1214744,26.3688689,50.1393111,26.3853379
10500013038,13,5,38,حي النزهة,An Nuzhah Dist.,26.3919977,50.1090539,50.1037493,26.3751011,50.1190691,26.4112698
10500013039,13,5,39,حي الفردوس,Al Firdaws Dist.,26.380727,50.1151137,50.1103265,26.3732621,50.1243395,26.3911081
10500013040,13,5,40,حي قصر الخليج,Qasr Al Khalij Dist.,26.3643258,50.1349409,50.1243392,26.3535868,50.1464985,26.3732622
10500013041,13,5,41,المدينة الصناعية الثانية,2nd Industrial City,26.2487313,49.982362,49.9654676,26.2280164,50.0027023,26.2684237
10500013042,13,5,42,مطار الملك فهد الدولي,King Fahd International Airport,26.4704326,49.8149249,49.7476274,26.4235051,49.9216938,26.5273168
10500013043,13,5,43,حي الخضرية,Al Kuthriah Dist.,26.4474702,50.0495061,50.0297447,26.4377318,50.0581196,26.4654836
10500013044,13,5,44,حي مدينة العمال,Madinat Al Ummal Dist.,26.4241241,50.1081377,50.1005005,26.4159357,50.1150811,26.4286554
10500013045,13,5,45,حي العمامرة,Al Amamrah Dist.,26.4444356,50.1134768,50.1077467,26.4422642,50.1180642,26.4465464
10500013046,13,5,46,حي البديع,Al Badi Dist.,26.4510446,50.1156924,50.108234,26.446187,50.1197216,26.456235
10500013047,13,5,47,حي الشاطئ الشرقي,Ash Shati Ash Sharqi Dist.,26.4752389,50.1291693,50.1197216,26.4512466,50.1342351,26.4974784
10500013048,13,5,48,حي الفيحاء,Al Fayha Dist.,26.4397568,50.0422221,50.0289087,26.4297177,50.0502748,26.4505726
10500013049,13,5,49,حي الشفاء,Ash Shifa Dist.,26.4137888,50.1158604,50.1092707,26.3932416,50.1290431,26.4251038
10500013050,13,5,50,حي الراكة الشمالية,Ar Rakah Ash Shamaliyah Dist.,26.3685098,50.1934799,50.1781334,26.3588316,50.2054877,26.3801816
10500013051,13,5,51,حي النورس,An Nawras Dist.,26.4154776,50.1838456,50.1747168,26.4026661,50.2140659,26.444844
10500013052,13,5,52,حي الفيصلية,Al Faisaliyah Dist.,26.3884291,50.0667693,50.0428255,26.3748161,50.0816283,26.4101486
10500013053,13,5,53,حي الاتصالات,Al Itisalat Dist.,26.415417,50.0920803,50.077494,26.4067635,50.0958439,26.4208404
10500013054,13,5,54,حي ابن خلدون,Ibn Khaldun Dist.,26.4224052,50.0964458,50.0888969,26.4188876,50.1049145,26.4267006
10500013055,13,5,55,حي السوق,As Suq Dist.,26.4411717,50.1026711,50.0965644,26.4385011,50.1078098,26.4433991
10500013056,13,5,56,حي الربيع,Ar Rabie Dist.,26.4401699,50.1151176,50.1077467,26.4384986,50.1180343,26.4422766
10500013057,13,5,57,حي الحمراء,Al Hamra Dist.,26.4738908,50.094555,50.085489,26.4588636,50.0974955,26.4809331
10500013058,13,5,58,حي البحيرة,Al Buhayrah Dist.,26.4647892,50.0655019,50.0584359,26.4626885,50.0726888,26.4741962
10500013059,13,5,59,حي الجوهرة,Al Jawharah Dist.,26.4654878,50.0767125,50.0668836,26.4590047,50.0859166,26.4751281
10500013060,13,5,60,حي الرابية,Ar Rabiyah Dist.,26.4627761,50.0308043,50.02636,26.4596528,50.0398475,26.4665787
10500013061,13,5,61,حي الدانة,Ad Danah Dist.,26.4668714,50.0419986,50.0382696,26.462899,50.0476419,26.4691256
10500013062,13,5,62,حي المحمدية,Al Muhammadiyah Dist.,26.455939,50.0591263,50.0468307,26.4403702,50.0646809,26.4713537
10500013063,13,5,63,حي العزيزية,Al Aziziyah Dist.,26.4604094,50.0698397,50.0612556,26.4502049,50.0811369,26.4641498
10500013064,13,5,64,حي الواحة,Al Wahah Dist.,26.3828564,50.0969386,50.0817734,26.3709806,50.1044934,26.3886092
10500013065,13,5,65,حي البساتين,Al Basatin Dist.,26.403577,50.1264632,50.1184417,26.3829301,50.1311568,26.4144312
10500013066,13,5,66,حي الاسكان,Al Iskan Dist.,26.4156303,50.1249551,50.1185957,26.4109717,50.126783,26.4190553
10500013068,13,5,68,مدينة الملك فيصل الجامعية,King Faisal University,26.3944519,50.191897,50.1853219,26.3895937,50.2224329,26.4122405
10500013069,13,5,69,حي الحسام,Al Hussam Dist.,26.3927296,50.1731507,50.1645726,26.3706801,50.1810283,26.412024
10500013070,13,5,70,حي ميناء الملك عبدالعزيز,King Abdul Aziz Seaport Dist.,26.4734326,50.1935796,50.1615755,26.412024,50.2196958,26.5254152
10500013071,13,5,71,حي النسيم,Al Naseem Dist.,26.4740738,50.1526059,50.1326004,26.4200575,50.1930097,26.5044028
10500013072,13,5,72,حي الخالدية الجنوبية,Al Khalidiyah Al Janubiyah Dist.,26.4041174,50.1663924,50.1496375,26.3828172,50.1747168,26.4200575
10500013073,13,5,73,حي الشعلة,Ash Shulah Dist.,26.3291843,50.0658078,50.0334937,26.305812,50.1081502,26.3749546
10500013074,13,5,74,حي الأنوار,Al Anwar Dist.,26.3578104,50.0077216,49.9879668,26.3464681,50.0302512,26.3845312
10500013075,13,5,75,حي الأمل,Al Amal Dist.,26.3432016,50.0156673,50.0090074,26.3329286,50.0334937,26.354898
10500013076,13,5,76,حي الشرق,Ash Sharq Dist.,26.3656346,49.9685012,49.9642695,26.3591017,49.9728657,26.370293
10500013077,13,5,77,حي الهضبة,Al Hadabah Dist.,26.3341623,49.9300093,49.9186289,26.3277643,49.9570402,26.3628803
10500013078,13,5,78,حي المطار,Al Matar Dist.,26.3805934,49.9385016,49.9266613,26.354832,49.9556164,26.4121941
10500013079,13,5,79,حي الأمانة,Al Amanah Dist.,26.3782802,49.9695037,49.9572806,26.3713502,49.9780901,26.3949212
10500013080,13,5,80,حي الفرسان,Al Fursan Dist.,26.3529347,49.9608592,49.9551714,26.3366268,49.9721568,26.3764488
10500013081,13,5,81,حي المها,Al Maha Dist.,26.4851586,49.933347,49.9194309,26.4639762,49.9476499,26.5069817
10500013082,13,5,82,حي الندى,An Nada Dist.,26.3770444,50.071643,50.0620974,26.363158,50.0905181,26.3887001
10500013083,13,5,83,المدينة الصناعية الثالثة,3rd Industrial City,25.9295264,49.9496364,49.8985235,25.9049924,50.0198078,25.9663396
10500013084,13,5,84,مدينة الملك سلمان للطاقة,King Salman Energy Park,25.9401149,49.8623076,49.83019,25.9091499,49.8897107,25.9962353
10500013085,13,5,85,حي الإسكان الجنوبي,Al Iskan Al Janubi Dist.,26.330796,49.983875,49.9725663,26.3123406,50.0079085,26.343868
10500013086,13,5,86,حي العروبة,Al Urubah Dist.,26.3389405,49.9986286,49.9805138,26.3245632,50.0173527,26.3654102
10500013087,13,5,87,حي الاسكان الشمالي,Al Iskan Northren Dist.,26.349094,49.9785304,49.9671644,26.3413765,49.9943002,26.3650889
10500013088,13,5,88,حي الجود,Al Jud Dist.,26.3106534,50.0256291,49.9773389,26.2630455,50.0448913,26.3392421
10500031001,31,5,1,حي التحلية,At Tahliyah Dist.,26.1777994,50.193485,50.1769693,26.1512662,50.2164259,26.2015292
10500031002,31,5,2,حي ابن سيناء,Ibn Sina Dist.,26.2408736,50.2016203,50.1945143,26.2339025,50.2141861,26.2507773
10500031003,31,5,3,حي الحزام الاخضر,Al Hizam Al Akhdar Dist.,26.3050853,50.2032672,50.1900387,26.3026553,50.2111222,26.3131423
10500031004,31,5,4,حي صناعية الثقبة,Sinaiyah Ath Thuqbah Dist.,26.2539168,50.1963532,50.191305,26.2494081,50.2048382,26.2633652
10500031005,31,5,5,حي التعاون,At Taawun Dist.,26.2262532,50.185984,50.1719603,26.2140309,50.1965875,26.2424898
10500031006,31,5,6,حي الراكة الجنوبية,Ar Rakah Al Janubiyah Dist.,26.3508387,50.2037842,50.1880668,26.3366605,50.2116506,26.3667133
10500031007,31,5,7,حي الخبر الشمالية,Al Khubar Ash Shamaliyah Dist.,26.2941421,50.214081,50.2048361,26.2791334,50.2221798,26.3026553
10500031008,31,5,8,حي مدينة العمال,Madinat Al Ummal Dist.,26.2944111,50.2054984,50.1975799,26.2816905,50.2097572,26.3039375
10500031009,31,5,9,حي العقربية,Al Aqrabiyah Dist.,26.2980906,50.1896746,50.1835189,26.2838482,50.2017135,26.3066596
10500031010,31,5,10,حي الخبر الجنوبية,Al Khubar Al Janubiyah Dist.,26.2733315,50.2060055,50.1970765,26.2633792,50.2178362,26.2838482
10500031011,31,5,11,حي الروابي,Ar Rawabi Dist.,26.333384,50.2069118,50.1998653,26.3251162,50.2147491,26.3389198
10500031012,31,5,12,حي اليرموك,Al Yarmok Dist.,26.3128176,50.2195788,50.2156787,26.3005814,50.2239176,26.3230307
10500031013,31,5,13,حي قرطبة,Qurtubah Dist.,26.3410292,50.1880324,50.1787879,26.3326464,50.1998653,26.3542608
10500031014,31,5,14,حي الجوهرة,Al Jawharah Dist.,26.3301458,50.1958189,50.188186,26.3217766,50.2059926,26.3366605
10500031015,31,5,15,حي الحزام الذهبي,Al Hizam Adh Dhahabi Dist.,26.318423,50.2038536,50.1895172,26.3098914,50.2115956,26.3251162
10500031016,31,5,16,حي الاندلس,Al Andalus Dist.,26.3258378,50.1832553,50.1791458,26.3131423,50.1915108,26.3343018
10500031017,31,5,17,حي الهدا,Al Hada Dist.,26.3096195,50.1822614,50.1758232,26.3058767,50.191455,26.3150374
10500031018,31,5,18,حي البندرية,Al Bandariyah Dist.,26.3080812,50.2137004,50.2097572,26.3014117,50.2176391,26.3177092
10500031019,31,5,19,حي البستان,Al Bustan Dist.,26.3221805,50.2131284,50.2059926,26.3171063,50.2166782,26.3268359
10500031020,31,5,20,حي الثقبة,Ath Thuqbah Dist.,26.2729904,50.1914694,50.1763342,26.2586588,50.2048353,26.2902564
10500031021,31,5,21,حي العليا,Al Olaya Dist.,26.2987199,50.1790447,50.1651752,26.2862618,50.1893833,26.3082272
10500031022,31,5,22,حي الاسكان,Al Iskan Dist.,26.2571143,50.2089222,50.2028866,26.2499698,50.2154002,26.2663365
10500031023,31,5,23,حي الحمراء,Al Hamra Dist.,26.2272481,50.2072221,50.1945515,26.2178617,50.213885,26.2356066
10500031024,31,5,24,حي الجسر,Al Jisr Dist.,26.2075558,50.2033064,50.1957932,26.2010662,50.2133276,26.2193509
10500031025,31,5,25,حي الخزامى,Al Khuzama Dist.,26.2085103,50.1911423,50.1720142,26.1953982,50.1974082,26.2178617
10500031026,31,5,26,المدينة الرياضية,Sports City,26.3597775,50.1838951,50.1782239,26.348646,50.1904825,26.3706801
10500031027,31,5,27,حي البحر,Al Bahar Dist.,26.35269,50.2255141,50.2064046,26.3381787,50.2407664,26.371364
10500031028,31,5,28,حي الكورنيش,Al Kurnaish Dist.,26.3031966,50.224028,50.2116506,26.2750611,50.2290638,26.3405441
10500031029,31,5,29,حي صناعية الفوازية,Sinaiyah Al Fawaziyah Dist.,26.2419807,50.2145948,50.2113902,26.2376749,50.2155243,26.2511579
10500031030,31,5,30,حي الساحل,As Sahil Dist.,26.2537612,50.2171759,50.2133141,26.2381795,50.2206224,26.2789933
10500031031,31,5,31,حي الخور,Al Khawr Dist.,26.229248,50.2149834,50.2133201,26.2193509,50.2207184,26.2363023
10500031032,31,5,32,حي اشبيليا,Ishbiliya Dist.,26.1918307,50.215346,50.212434,26.1807122,50.2207776,26.2199175
10500031033,31,5,33,حي البحيرة,Al Buhayrah Dist.,26.1989733,50.1712229,50.1628016,26.1819508,50.1918599,26.2126991
10500031034,31,5,34,حي الشراع,Ash Sheraa Dist.,26.16445,50.1479947,50.1325191,26.1515232,50.162853,26.1768265
10500031035,31,5,35,حي الكوثر,Al Kawthar Dist.,26.1521895,50.1245231,50.1010145,26.1395011,50.1325191,26.1591253
10500031036,31,5,36,حي الرجاء,Ar Raja Dist.,26.167097,50.1258943,50.1119483,26.15598,50.1364948,26.1795226
10500031037,31,5,37,حي الصواري,As Sawari Dist.,26.1832608,50.1536196,50.1364596,26.1728856,50.1660106,26.199501
10500031038,31,5,38,حي العقيق,Al Aqiq Dist.,26.0951348,50.1456263,50.1280204,26.0816316,50.1573095,26.1106573
10500031039,31,5,39,حي المها,Al Maha Dist.,26.1862338,50.1337342,50.1239249,26.1770118,50.1407466,26.2001017
10500031040,31,5,40,حي الامواج,Al Amwaj Dist.,26.1430438,50.1457019,50.1285143,26.1278716,50.1620802,26.15598
10500031041,31,5,41,حي اللؤلؤ,Al Lulu Dist.,26.1244472,50.1356022,50.1275758,26.1043035,50.1584199,26.1335846
10500031042,31,5,42,حي المرجان,Al Murjan Dist.,26.1161572,50.1224182,50.0973889,26.0882669,50.129656,26.1396769
10500031043,31,5,43,حي السفن,As Sufun Dist.,26.1341626,50.1634039,50.1560534,26.0907579,50.1773259,26.1801227
10500031044,31,5,44,حي الصدفة,As Sadafah Dist.,26.3688579,50.2100616,50.1983303,26.36379,50.2407728,26.3856862
10500047001,47,5,1,حي الربيع,Ar Rabie Dist.,28.4057071,46.0432145,46.0263607,28.381245,46.0686463,28.4264662
10500047002,47,5,2,حي الاسكان,Al Iskan Dist.,28.3360142,45.9676927,45.9516909,28.307311,45.9841634,28.346743
10500047003,47,5,3,حي الجامعة,Al Jamiah Dist.,28.2511773,45.9391677,45.9195062,28.2142623,45.9583993,28.263321
10500047004,47,5,4,حي الرابية,Ar Rabiyah Dist.,28.3827745,45.932497,45.9082596,28.3604727,45.946033,28.3964328
10500047005,47,5,5,حي التلال,At Talal Dist.,28.4408696,45.9377805,45.9238617,28.4256551,45.9510191,28.4560716
10500047006,47,5,6,حي الشفاء,Ash Shifa Dist.,28.2539227,45.9288181,45.9096939,28.2328645,45.9418973,28.2668654
10500047007,47,5,7,حي الوادي,Al Wadi Dist.,28.3637098,45.9698486,45.9619474,28.3452996,45.9846688,28.3784566
10500047008,47,5,8,حي البلدية,Al Baladiyah Dist.,28.4304707,45.9825401,45.9682078,28.409116,45.9953637,28.4380413
10500047009,47,5,9,حي الصناعية,As Sinaiyah Dist.,28.4351865,46.0392075,46.0162338,28.4208752,46.0626903,28.4426849
10500047010,47,5,10,حي العزيزية,Al Aziziyah Dist.,28.4469288,45.9602032,45.9440386,28.429852,45.973547,28.4608807
10500047011,47,5,11,حي الفيحاء,Al Fayha Dist.,28.4447344,46.0230822,46.003157,28.439133,46.034373,28.4644942
10500047012,47,5,12,حي الربوة,Ar Rabwah Dist.,28.4114175,45.9395178,45.9308202,28.4033029,45.9574808,28.429852
10500047013,47,5,13,حي الباطن,Al Batin Dist.,28.449205,45.9983817,45.9830655,28.4390204,46.0086093,28.4691031
10500047014,47,5,14,حي المحمدية,Al Muhammadiyah Dist.,28.3764665,45.9800942,45.9624666,28.36633,45.9916103,28.398915
10500047015,47,5,15,حي الخالدية,Al Khalidiyah Dist.,28.4273964,45.9647663,45.9510191,28.4068308,45.9744832,28.4345106
10500047016,47,5,16,حي النهضة,An Nahdah Dist.,28.4340829,45.9217577,45.9088767,28.4226908,45.9308202,28.4518163
10500047017,47,5,17,حي الصفاء,Al Safa Dist.,28.3659643,46.0019199,45.9875442,28.3584793,46.0139465,28.3860433
10500047018,47,5,18,حي فليج,Fulaij Dist.,28.4362996,46.0043522,45.9929106,28.4249312,46.0201026,28.44214
10500047019,47,5,19,حي قرطبة,Qurtubah Dist.,28.3019064,45.9512852,45.9480068,28.2874245,45.9677291,28.312933
10500047020,47,5,20,حي الروضة,Ar Rawdah Dist.,28.4456113,46.0519604,46.0323771,28.4393475,46.0602973,28.457958
10500047021,47,5,21,حي السليمانية,As Sulimaniyah Dist.,28.3982734,45.936462,45.9155378,28.3865942,45.9528498,28.4089355
10500047022,47,5,22,حي الفيصلية,Al Faisaliyah Dist.,28.3907271,45.9537338,45.9459969,28.3784566,45.9682078,28.409116
10500047023,47,5,23,حي النزهة,An Nuzhah Dist.,28.4116694,45.9303249,45.9156499,28.404447,45.9358481,28.4256551
10500047024,47,5,24,حي المنار,Al Manar Dist.,28.3328398,45.9571272,45.9486102,28.3207049,45.9625321,28.3382027
10500047025,47,5,25,حي اليرموك,Al Yarmuk Dist.,28.2755295,45.9487661,45.9421362,28.2628282,45.9592508,28.2907181
10500047026,47,5,26,حي الريان,Ar Rayan Dist.,28.3434698,45.9592707,45.938557,28.3362451,45.9644401,28.3578419
10500047027,47,5,27,حي النايفية,An Nayfiyah Dist.,28.3691131,45.95385,45.9428368,28.3545963,45.9633559,28.3790777
10500047028,47,5,28,حي المروج,Al Muruj Dist.,28.3910154,45.9893853,45.9831751,28.3827513,46.00298,28.4021813
10500047029,47,5,29,حي النخيل,Al Nakhil Dist.,28.3616792,45.9914663,45.9826922,28.3468214,45.9953902,28.3693519
10500047030,47,5,30,حي الواحة,Al Wahah Dist.,28.401451,45.9739638,45.9639314,28.3950804,45.9831751,28.41155
10500047031,47,5,31,حي المصيف,Al Masif Dist.,28.4068743,45.989187,45.9797083,28.398915,45.9985745,28.4148617
10500047032,47,5,32,حي غرناطة,Ghirnatah Dist.,28.2750469,45.9413199,45.9326542,28.2627672,45.9480629,28.2907181
10500047033,47,5,33,حي ابو موسى الاشعري,Abu Musa Al Ashari Dist.,28.4478467,45.9790319,45.9664375,28.4345106,45.989377,28.4635168
10500047034,47,5,34,حي الخليج,Al Khalij Dist.,28.4421499,46.0659552,46.0602894,28.4264662,46.089093,28.4518765
10500047035,47,5,35,حي الرائد,Ar Raid Dist.,28.3607736,45.998142,45.9925116,28.347615,46.0169658,28.3653075
10500047036,47,5,36,حي الورود,Al Wurud Dist.,28.3074277,45.9474829,45.9388656,28.2907113,45.9553216,28.3238053
10500055001,55,5,1,حي الروضة,Ar Rawdah Dist.,28.2924391,46.1268855,46.1145918,28.2820389,46.1445073,28.3002565
10500055002,55,5,2,حي الفيصلية,Al Faisaliyah Dist.,28.3000642,46.126786,46.1177402,28.2916174,46.1442685,28.3056745
10500055003,55,5,3,حي المحمدية,Al Muhammadiyah Dist.,28.302587,46.1127375,46.1077633,28.297486,46.1201765,28.3087637
10500055004,55,5,4,حي النسيم,Al Naseem Dist.,28.2856853,46.1286073,46.1228256,28.2785428,46.1319629,28.2888821
10500055005,55,5,5,حي الشفاء,Ash Shifa Dist.,28.2914626,46.1150041,46.1018814,28.2804039,46.1268173,28.3006331
10500055006,55,5,6,حي الأندلس,Al Andalus Dist.,28.2997577,46.1039524,46.0938122,28.2879703,46.11147,28.3116621
10500055007,55,5,7,حي العزيزية,Al Aziziyah Dist.,28.3109163,46.1174834,46.1114452,28.3056581,46.1252113,28.3180641
10500055008,55,5,8,حي الهداية,Al Hidaya Dist.,28.3115655,46.1078163,46.1033923,28.3087727,46.1132199,28.3155292
10500055009,55,5,9,حي الصناعية,As Sinaiyah Dist.,28.3152112,46.1439926,46.1406734,28.3096885,46.1527558,28.3181248
10500055010,55,5,10,حي الخالدية,Al Khalidiyah Dist.,28.3070977,46.1336948,46.1201838,28.2969727,46.1478321,28.3167972
10500067003,67,5,3,حي البديع,Al Badi Dist.,26.5478453,49.955985,49.953726,26.5355837,49.9588895,26.5595235
10500067004,67,5,4,منطقة المستودعات,Warehouse Area,26.544024,50.0175757,50.0097351,26.5331727,50.0275827,26.550717
10500067005,67,5,5,حي المجيدية,Al Majidiyah Dist.,26.5392961,50.0268803,50.0160117,26.5317293,50.0320066,26.5535382
10500067006,67,5,6,حي الشاطئ,Ash Shati Dist.,26.5635814,50.0475032,50.035796,26.5564338,50.0539418,26.5695522
10500067007,67,5,7,حي الفتح,Al Fath Dist.,26.570743,50.0427844,50.0350874,26.567588,50.0523194,26.5741228
10500067008,67,5,8,حي الواحة,Al Wahah Dist.,26.5773861,50.0268948,50.0219949,26.5707521,50.0317001,26.5813597
10500067009,67,5,9,حي المروج,Al Muruj Dist.,26.5883883,50.0458352,50.0444138,26.5821811,50.0512714,26.5912229
10500067010,67,5,10,حي الصناعية,As Sinaiyah Dist.,26.5870126,50.0368399,50.0293154,26.5803704,50.0456624,26.590578
10500067011,67,5,11,حي الروضة,Ar Rawdah Dist.,26.5771999,50.0435956,50.0304421,26.5717315,50.0526076,26.5828415
10500067012,67,5,12,حي الورود,Al Wurud Dist.,26.5816293,50.0287522,50.0240963,26.5796906,50.0305396,26.5860885
10500067013,67,5,13,حي الرضا,Ar Rida Dist.,26.5607377,50.0288909,50.0226937,26.5561359,50.0374404,26.5721405
10500067014,67,5,14,حي الجارودية,Al Jarudiyah Dist.,26.5398289,49.9894085,49.9800279,26.5365015,49.9943668,26.5478848
10500067015,67,5,15,حي حلة محيش,Halat Mahish Dist.,26.5386949,49.9982039,49.9921753,26.5350387,50.0026768,26.5422526
10500067016,67,5,16,حي الياقوت,Al Yaqut Dist.,26.5368591,49.9796444,49.9671912,26.5254268,49.9857842,26.5462132
10500067017,67,5,17,حي البديعة,Al Badiah Dist.,26.5332023,49.96957,49.9621462,26.5258973,49.9794336,26.5440111
10500067018,67,5,18,حي الدبابية,Ad Dababiyyah Dist.,26.551484,50.002382,49.9992589,26.5485056,50.0045329,26.5549836
10500067019,67,5,19,حي الخامسة,Al Khamisah Dist.,26.5575295,50.0195869,50.0128251,26.550717,50.02205,26.5612042
10500067020,67,5,20,حي ام الجزم,Umm Al Jazm Dist.,26.5523636,50.0000584,49.9986118,26.5512978,50.0011085,26.5536255
10500067021,67,5,21,حي بديعة البصري,Badiah Al Basri Dist.,26.5585209,50.0080286,50.0065919,26.5553678,50.0102614,26.5612417
10500067022,67,5,22,حي المشتل,Al Mashtal Dist.,26.5693996,49.9768759,49.9659538,26.5609051,49.9829203,26.5759016
10500067023,67,5,23,حي الزمرد,Az Zomorod Dist.,26.5466314,49.997918,49.9933644,26.543875,50.0033596,26.5512978
10500067024,67,5,24,حي الناصرة,An Nasirah Dist.,26.5760561,50.0081362,50.0017464,26.567606,50.0234536,26.5844638
10500067025,67,5,25,حي البحاري,Al Bahari Dist.,26.5677465,49.9947654,49.9928371,26.5647475,49.9980891,26.5712014
10500067026,67,5,26,حي مياس,Mayyas Dist.,26.5561955,50.0019235,50.0013107,26.5540627,50.0044296,26.5578662
10500067027,67,5,27,حي الجواهر,Al Jawahir Dist.,26.586829,50.0070349,50.0031409,26.582204,50.0101393,26.5904685
10500067028,67,5,28,حي الخزامى,Al Khuzama Dist.,26.5658494,50.0205492,50.0116363,26.5608336,50.0237629,26.5706368
10500067029,67,5,29,حي التوبي,At Tawbi Dist.,26.5543621,49.9942185,49.9901843,26.5499581,49.9992589,26.5591147
10500067030,67,5,30,حي الجراري,Al Jarrari Dist.,26.5590747,50.0031258,50.0012999,26.5578038,50.0040582,26.5595525
10500067031,67,5,31,حي الشهباء,Ash Shahba Dist.,26.5608912,49.9883643,49.9662537,26.5560438,49.9980845,26.5655555
10500067032,67,5,32,حي القديح,Al Qadih Dist.,26.5708103,49.9879487,49.9797549,26.5635812,49.9956623,26.5761871
10500067033,67,5,33,حي المدارس,Al Madaris Dist.,26.5563792,49.9997033,49.9982142,26.5554755,50.0015729,26.5578684
10500067034,67,5,34,حي الشماسيه,Ash Shamasiyyah Dist.,26.5614891,50.0055889,50.003927,26.5613203,50.0064755,26.5630607
10500067035,67,5,35,حي باب الساب,Bab As Sab Dist.,26.564476,49.9998974,49.9981127,26.5623634,50.0039636,26.5677958
10500067036,67,5,36,حي الجميمة,Al Jumaimah Dist.,26.5835863,49.9795846,49.9711388,26.5768795,49.9830673,26.5911275
10500067037,67,5,37,حي المسعودية,Al Masudiyah Dist.,26.5478696,50.0038581,50.0017535,26.5410038,50.0077024,26.5515258
10500067038,67,5,38,حي الخويلدية,Al Khuwaildiyah Dist.,26.551354,49.9902329,49.9852746,26.5470353,49.993962,26.5542072
10500067039,67,5,39,حي العوامية,Al Awamiyah Dist.,26.585515,49.9826321,49.9794018,26.5797922,49.9866151,26.5957787
10500067040,67,5,40,حي الدويج,Ad Doij Dist.,26.5552494,49.9997292,49.9983847,26.5535474,50.0016928,26.5559153
10500067041,67,5,41,حي الرابعة,Ar Rabiah Dist.,26.5593153,50.0101258,50.0090455,26.5558639,50.0137292,26.5664209
10500067042,67,5,42,حي البستان,Al Bustan Dist.,26.5625816,50.002012,50.0008943,26.5614694,50.0039908,26.5633833
10500067043,67,5,43,حي الجزيرة,Al Jazirah Dist.,26.5537041,50.0122239,50.0102614,26.5492788,50.0160117,26.5564432
10500067044,67,5,44,حي الشريعة,Ash Shariah Dist.,26.55693,50.0058788,50.0040612,26.5549836,50.0069895,26.5586959
10500067045,67,5,45,حي الوسادة,Al Wasadah Dist.,26.5645919,49.9992028,49.9963742,26.5611694,50.0013864,26.5662809
10500067046,67,5,46,حي القلعة,Al Qalah Dist.,26.5606798,50.0059354,50.0038934,26.557764,50.0099985,26.562792
10500067047,67,5,47,حي البوادي,Al Bawadi Dist.,26.5847412,49.9701296,49.9632225,26.5758277,49.9738561,26.5946953
10500067048,67,5,48,حي الحسين,Al Husain Dist.,26.5781945,49.9976193,49.9919392,26.5662718,50.0037923,26.5837208
10500067049,67,5,49,حي المدني,Al Madani Dist.,26.5593678,50.0008134,49.9978728,26.5577679,50.0019249,26.5614731
10500067050,67,5,50,حي الثريا,Ath Thuraiya Dist.,26.6000612,49.9827604,49.9794912,26.5950376,49.9875034,26.6082548
10500067051,67,5,51,حي الريف,Ar Rif Dist.,26.5979959,49.978038,49.9697375,26.5901866,49.981346,26.6085423
10500067052,67,5,52,حي باب الشمال,Bab Madinah Ash Shamal Dist.,26.5596152,50.0031164,50.0014243,26.5586788,50.0040111,26.5617081
10500067053,67,5,53,حي البحر,Al Bahr Dist.,26.5651143,50.0061019,50.0036362,26.562579,50.0120079,26.5689282
10500067054,67,5,54,حي الشويكة,Ash Shweikah Dist.,26.5500773,50.006804,50.004071,26.5459682,50.0130081,26.5514633
10500067055,67,5,55,حي الوديعه,Al Wadiah Dist.,26.5529507,50.0093628,50.0080351,26.5503731,50.011945,26.5558639
10500067056,67,5,56,حي الكويكب,Kuwaikib Dist.,26.5520267,50.0069592,50.0043457,26.5500247,50.0090668,26.5555218
10500067057,67,5,57,حي النرجس,An Narjis Dist.,26.590574,49.992213,49.9813849,26.5851545,49.9968461,26.595709
10500067058,67,5,58,حي الزهراء,Az Zahra Dist.,26.6021013,50.0145528,50.0048052,26.5828843,50.021234,26.6284327
10500067059,67,5,59,حي الزارة,Az Zarah Dist.,26.5847122,49.9945823,49.9895945,26.5824767,49.9974387,26.5860008
10500089001,89,5,1,حي الرفاع,Ar Rifaa Dist.,27.5597226,47.7122987,47.70772,27.5559821,47.7160809,27.5635427
10500089002,89,5,2,حي الربوة,Ar Rabwah Dist.,27.5654681,47.7080471,47.7039723,27.5615922,47.7125545,27.5699778
10500089003,89,5,3,حي الواحة,Al Wahah Dist.,27.555731,47.7097982,47.7061278,27.5527653,47.7135711,27.5592578
10500089004,89,5,4,حي غرناطة,Ghirnatah Dist.,27.5593634,47.7056109,47.7026926,27.5560874,47.7101528,27.5625065
10500089005,89,5,5,حي الزهور,Az Zuhur Dist.,27.5629595,47.7035865,47.6999962,27.5594514,47.7068661,27.5656125
10500089006,89,5,6,حي الروضة,Ar Rawdah Dist.,27.565911,47.7004288,47.6966971,27.5612189,47.7039723,27.5706628
10500089007,89,5,7,حي الربيع,Ar Rabie Dist.,27.5692472,47.7038457,47.7015024,27.5656125,47.7078178,27.572495
10500089008,89,5,8,حي قصر عالي,Qasr Aali Dist.,27.5548999,47.7001008,47.694585,27.5528267,47.7061529,27.5623611
10500089009,89,5,9,حي قرطبة,Qurtubah Dist.,27.5528985,47.7008194,47.6931067,27.544977,47.7096103,27.5560621
10500089010,89,5,10,حي الاندلس,Al Andalus Dist.,27.5624067,47.6916111,47.6854189,27.5558186,47.6984118,27.5656539
10500089011,89,5,11,حي الخالدية,Al Khalidiyah Dist.,27.5447002,47.6946375,47.6906288,27.541949,47.7001086,27.5522844
10500089012,89,5,12,حي الصناعية,As Sinaiyah Dist.,27.5575289,47.6795914,47.6706046,27.5529337,47.6898683,27.5626538
10500089013,89,5,13,حي السلام,As Salam Dist.,27.5522041,47.6883568,47.6837161,27.5476318,47.6931067,27.5558186
10500089014,89,5,14,حي النزهة,An Nuzhah Dist.,27.5807281,47.7088955,47.6997021,27.5699778,47.7220499,27.5898564
10500089015,89,5,15,حي المروج,Al Muruj Dist.,27.5550675,47.6961101,47.6898683,27.5522844,47.6978668,27.5587684
10500113001,113,5,1,حي المرقاب,Al Merqab Dist.,26.9999354,49.654924,49.6439025,26.9911031,49.6624265,27.0048218
10500113002,113,5,2,حي طيبة,Tebah Dist.,26.9807289,49.6565127,49.6455352,26.9720813,49.66907,26.9929411
10500113004,113,5,4,حي الروضة,Al Rawdah Dist.,26.9574896,49.6679001,49.6481102,26.9529558,49.6794601,26.9744148
10500113005,113,5,5,حي الضباب,Al Dabab Dist.,27.0199246,49.6336754,49.619005,27.0131722,49.6359156,27.0280876
10500113006,113,5,6,حي الواحة,Al Wahah Dist.,27.0188605,49.6351133,49.6327674,27.0130817,49.6428055,27.0274434
10500113007,113,5,7,حي الطوية,Al Tawyah Dist.,27.0103312,49.6352442,49.6282446,27.0012307,49.6439025,27.013217
10500113008,113,5,8,حي الدانة,Al Dana Dist.,27.0122433,49.6495805,49.6427877,27.0029741,49.655538,27.0202127
10500113009,113,5,9,حي الصفاة,Al Safat Dist.,27.0105533,49.6630247,49.6543034,26.9992337,49.6675474,27.0161555
10500113010,113,5,10,حي صناعية العريفي,Oraifi Industrial Dist.,26.9981903,49.6251886,49.6086477,26.9939048,49.6329082,27.0132201
10500113011,113,5,11,حي اليرموك,Al Yarmuk Dist.,26.994039,49.6236377,49.6086477,26.9879476,49.6332375,27.0017102
10500113012,113,5,12,حي البستان,Al Bustan Dist.,26.9942332,49.6347616,49.6325512,26.9897411,49.6455352,27.0029741
10500113013,113,5,13,حي التعاون,Al Taawun Dist.,26.9811213,49.6405988,49.6332375,26.971125,49.6480511,26.9911031
10500113014,113,5,14,حي ابو موسى الاشعري,Abu Musa Alashary Dist.,26.9838344,49.6230775,49.6170433,26.971125,49.6355714,26.9897411
10500113015,113,5,15,حي الجوهرة,Al Jawhara Dist.,26.966441,49.645677,49.6355714,26.9586356,49.6495321,26.972516
10500113016,113,5,16,حي غرناطة,Ghirnatah Dist.,26.9494835,49.6775626,49.6579328,26.9434831,49.6950277,26.9554128
10500113017,113,5,17,حي السلام,Al Salam Dist.,26.9299779,49.7048368,49.6778299,26.924043,49.7118594,26.9460824
10500113018,113,5,18,حي الربوة,Ar Rabwah Dist.,26.9226148,49.7327451,49.7125101,26.9137609,49.7518097,26.9349788
10500113019,113,5,19,حي البحر,Al Bahar Dist.,26.9215874,49.7249954,49.7117571,26.9052683,49.7523563,26.9277261
10500113020,113,5,20,حي اشبلية,Ishbiliyah Dist.,26.8503557,49.7863531,49.7809994,26.8440456,49.8035028,26.8629998
10500113021,113,5,21,حي الحمراء,Al Hamra Dist.,26.8816113,49.7538313,49.7450051,26.8600925,49.7758486,26.8905291
10500113022,113,5,22,حي الخزامى,Al Khuzama Dist.,26.9157581,49.6549059,49.645685,26.9059383,49.6644301,26.9255756
10500113023,113,5,23,حي العزيزية,Al Aziziyah Dist.,26.8445327,49.8020908,49.788937,26.832982,49.8197235,26.8555785
10500113024,113,5,24,حي قرطبة,Cordoba Dist.,26.8596764,49.7798451,49.7725462,26.8545918,49.7915284,26.8747355
10500113025,113,5,25,حي الحويلات,Al Huwaylat Dist.,27.0996286,49.5720352,49.5657147,27.0896932,49.578581,27.106148
10500113026,113,5,26,حي اللؤلؤ,Al Lualu Dist.,27.0881266,49.5786263,49.5714004,27.0824475,49.5826136,27.0955305
10500113027,113,5,27,المنطقة الصناعية الاولى,1st Industrial Area,27.08028,49.5584079,49.5405883,27.0645139,49.5721396,27.0928497
10500113028,113,5,28,المنطقة الصناعية,Industrial Area,27.0324198,49.5563116,49.5034449,26.9927578,49.6226424,27.0798474
10500113029,113,5,29,حي الشاطئ,Ash Shati Dist.,27.0806867,49.5846467,49.5788806,27.074281,49.5918573,27.085534
10500113030,113,5,30,حي الاحساء,Al Ahsa Dist.,27.1247232,49.5591136,49.549718,27.1039445,49.5745925,27.1372454
10500113031,113,5,31,المنطقة الصناعية الثانية,2nd Industrial Area,27.0610566,49.5335708,49.5158774,27.0440933,49.5531929,27.0768318
10500113032,113,5,32,المنطقة الصناعية الثالثة,3rd Industrial Area,27.038062,49.5046885,49.4886702,27.0232632,49.5285879,27.0566438
10500113033,113,5,33,حي ينبع,Yanbu Dist.,27.073291,49.5923058,49.5873121,27.0692211,49.5977885,27.0781163
10500113034,113,5,34,حي الفيحاء,Al Fayha Dist.,27.121038,49.5495326,49.539147,27.1095799,49.5589648,27.130041
10500113035,113,5,35,حي الخليج,Al Khalij Dist.,27.1150124,49.5672414,49.5611768,27.1109775,49.5725965,27.1168603
10500113036,113,5,36,حي نجد,Najd Dist.,27.144599,49.5464859,49.534795,27.130041,49.5575655,27.152392
10500113037,113,5,37,حي دارين,Darin Dist.,27.1743767,49.5774711,49.5557376,27.1556917,49.5858747,27.1837992
10500113038,113,5,38,حي سدير,Sudayr Dist.,27.1368406,49.5691241,49.5575704,27.1200851,49.5717971,27.156573
10500113039,113,5,39,حي مكة,Makkah Dist.,27.147594,49.5519946,49.5437874,27.1372372,49.5639454,27.1582182
10500113040,113,5,40,حي الحجاز,Al Hijaz Dist.,27.1615468,49.5674959,49.554173,27.1451718,49.5717587,27.1663915
10500113041,113,5,41,حي الفردوس,Al Firdaws Dist.,27.1123894,49.5407932,49.5297858,27.1030332,49.5483154,27.1211444
10500113042,113,5,42,حي الاندلس,Al Andalus Dist.,27.1398702,49.5358417,49.5229009,27.1303991,49.5472436,27.1474025
10500113043,113,5,43,حي الفاروق,Al Farouq Dist.,27.1265433,49.5224542,49.5098085,27.1141628,49.539147,27.1407582
10500113044,113,5,44,حي القدس,Al Quds Dist.,27.1304246,49.5408265,49.5307822,27.1211444,49.549718,27.1346187
10500113045,113,5,45,حي جلمودة,Jalmudah Dist.,27.1675773,49.5213495,49.4949933,27.1320455,49.5579955,27.1891137
10500113046,113,5,46,حي المطرفية,Al Matrafiyah Dist.,27.1001734,49.5164072,49.4817387,27.076817,49.5322129,27.1164171
10500115002,115,5,2,حي الصناعية,As Sinaiyah Dist.,27.4659005,48.486283,48.480265,27.4598914,48.497952,27.4705952
10500115003,115,5,3,حي التشاليح,At Tashalih Dist.,27.4597019,48.5014944,48.4958761,27.4568383,48.5062723,27.4643155
10500115004,115,5,4,حي الربيع,Ar Rabie Dist.,27.480328,48.5123399,48.4964697,27.468304,48.5244079,27.4902301
10500115005,115,5,5,حي العزيزية,Al Aziziyah Dist.,27.4703571,48.4956959,48.4853347,27.4624278,48.5061774,27.4787643
10500115006,115,5,6,حي ج4,C4 Dist.,27.4595363,48.5122145,48.5029887,27.4503656,48.5228738,27.4682031
10500115007,115,5,7,حي الخليج,Al Khalij Dist.,27.4706885,48.5168927,48.5060768,27.4570708,48.5370348,27.4817234
10500115008,115,5,8,حي المحمدية,Al Muhammadiyah Dist.,27.4722557,48.4819095,48.4759162,27.4653502,48.4921898,27.4813071
10500115009,115,5,9,حي الفيصلية,Al Faisaliyah Dist.,27.474215,48.4707383,48.4619319,27.4653556,48.4821937,27.4844313
10500227001,227,5,1,حي الدوحة الجنوبية,Ad Dawhah Al Janubiyah Dist.,26.3226214,50.1645666,50.1498347,26.298105,50.1795499,26.3346482
10500227002,227,5,2,حي الدانة الشمالية,Ad Danah Ash Shamaliyah Dist.,26.335044,50.1448379,50.1324323,26.3285323,50.1543845,26.3448392
10500227003,227,5,3,حي القصور,Al Qusur Dist.,26.3477323,50.1507956,50.1366638,26.3358725,50.1654516,26.3622635
10500227004,227,5,4,حي الدوحة الشمالية,Ad Dawhah Ash Shamaliyah Dist.,26.3351639,50.1660481,50.1534592,26.3295956,50.1791458,26.3446885
10500227005,227,5,5,حي الدانة الجنوبية,Ad Danah Al Janubiyah Dist.,26.3277645,50.1511759,50.1415739,26.3213463,50.1554162,26.3338169
10500227006,227,5,6,حي الجامعة,Al Jamiah Dist.,26.3426426,50.1266924,50.1140592,26.3340284,50.1455106,26.3535868
10500227007,227,5,7,حي الحرس الوطني,Al Haras Al Watani Dist.,26.3655585,50.1597663,50.1451103,26.3377187,50.1790563,26.3941568
10500227008,227,5,8,حي تهامة,Tihamah Dist.,26.3561267,50.1294091,50.1271947,26.3488919,50.1366638,26.3608577
10500227009,227,5,9,حي القشلة,Al Qashlah Dist.,26.3689719,50.1751121,50.1672662,26.3583966,50.1785516,26.3770615
10500227010,227,5,10,حي هجر,Hajr Dist.,26.362443,50.1147532,50.0930879,26.3370379,50.1294363,26.375468
10500227011,227,5,11,حي غرب الظهران,Gharb Adh Dhahran Dist.,26.2994224,50.1221469,50.0923746,26.2829831,50.1536007,26.3406758
10500227012,227,5,12,جامعة الملك فهد للبترول والمعادن,King Fahd University Of Petroleum And Minerals,26.3067424,50.1447339,50.1345634,26.2914835,50.1651359,26.3213463
10500227013,227,5,13,أجيال,Ajyal,26.2503257,50.0595005,50.0323404,26.2198073,50.0858656,26.2785029
10500243001,243,5,1,حي الربوة,Ar Rabwah Dist.,25.9224384,49.5907671,49.5867767,25.9160567,49.6019427,25.9276375
10500243002,243,5,2,حي قرطبة,Qurtubah Dist.,25.9334151,49.6151943,49.6083841,25.9280299,49.6230921,25.9418115
10500243003,243,5,3,حي الصناعية,As Sinaiyah Dist.,25.9211885,49.6544693,49.6502534,25.9174594,49.6574972,25.9258783
10500243004,243,5,4,حي النزهة,An Nuzhah Dist.,25.9197991,49.648359,49.6438003,25.9140119,49.6554839,25.9263501
10500243005,243,5,5,حي الاندلس,Al Andalus Dist.,25.9436311,49.6509451,49.6432238,25.9331684,49.657843,25.9491264
10500243006,243,5,6,حي الروضة,Ar Rawdah Dist.,25.9223404,49.6420485,49.6370037,25.916892,49.6460568,25.9274876
10500243007,243,5,7,حي غرناطة,Ghirnatah Dist.,25.9241145,49.6167793,49.6117222,25.9181694,49.6228141,25.9305791
10500243008,243,5,8,حي أشبيلية,Ishbiliyah Dist.,25.9104621,49.6048171,49.5923812,25.9058318,49.6117223,25.9181481
10500243009,243,5,9,حي المطار,Al Matar Dist.,25.9290597,49.6518214,49.6414087,25.9231592,49.6591233,25.9352437
10500243010,243,5,10,حي المدينة,Al Madinah  Dist.,25.9259564,49.6629152,49.6555468,25.9173624,49.6667553,25.9326996
10500243011,243,5,11,حي النخيل,Al Nakhil Dist.,25.9275436,49.6288414,49.6195372,25.9211887,49.6412349,25.9416459
10500243012,243,5,12,حي الفردوس,Al Fardus Dist.,25.938656,49.6437729,49.6399803,25.9309989,49.651397,25.9433952
10500243013,243,5,13,حي البساتين,Al Basatin Dist.,25.9163265,49.6167588,49.6114172,25.9074632,49.6270639,25.9224709
10500454001,454,5,1,حي النابية,An Nabiyah Dist.,26.4766567,50.0077663,49.9995609,26.4688015,50.0141178,26.4828167
10500454002,454,5,2,حي الديرة,Ad Dirah Dist.,26.4817296,50.0350124,50.0325885,26.4760925,50.0419242,26.4886403
10500454003,454,5,3,حي غرناطة,Ghirnatah Dist.,26.475347,50.048276,50.0454832,26.4674622,50.0584359,26.4833713
10500454004,454,5,4,حي الفردوس,Al Firdaws Dist.,26.4752432,50.0465949,50.0419242,26.4691302,50.0481287,26.4806955
10500454005,454,5,5,حي السلام,As Salam Dist.,26.4743525,50.0367074,50.0332813,26.4724416,50.04404,26.4795002
10500454006,454,5,6,حي قرطبة,Qurtubah Dist.,26.5016887,50.033741,50.0285704,26.4948143,50.0420812,26.508735
10500454007,454,5,7,حي الطف,At Tif Dist.,26.4929967,50.0300107,50.0244453,26.4881564,50.0347859,26.4980301
10500454008,454,5,8,حي الخصاب,Al Khisab Dist.,26.494316,50.033556,50.0310718,26.4883518,50.0400808,26.4988358
10500454009,454,5,9,حي الغدير,Al Ghadir Dist.,26.492134,50.0485274,50.0422455,26.486529,50.0548089,26.4990356
10500454010,454,5,10,حي النقى,An Naqa Dist.,26.4834467,50.0313591,50.0280137,26.4751164,50.0335077,26.490871
10500454011,454,5,11,حي المنتزة,Al Muntazah Dist.,26.4900419,50.0440921,50.0341876,26.4806955,50.0534507,26.4966483
10500454012,454,5,12,حي الكوثر,Al Kawthar Dist.,26.4856403,50.0576145,50.0497219,26.4713537,50.0668146,26.4898144
10500454013,454,5,13,حي النسيم,Al Naseem Dist.,26.5032394,50.0410409,50.0353898,26.4963786,50.049736,26.5090672
10500454014,454,5,14,حي الخليج,Al Khalij Dist.,26.4720399,50.0317564,50.0204374,26.4653116,50.0377883,26.4760925
10500454015,454,5,15,حي الزهور,Az Zuhur Dist.,26.4682242,50.0350355,50.0235036,26.4627219,50.046152,26.4743073
10500454016,454,5,16,حي النور,An Nur Dist.,26.4857831,50.0416624,50.0380692,26.4795002,50.0454832,26.4897327
10500454017,454,5,17,حي غرب النابية,Gharb An Nabiyah Dist.,26.4786461,49.9951051,49.9886653,26.4647403,50.008576,26.4919965
10500454018,454,5,18,حي الصناعية,As Sinaiyah Dist.,26.4633695,50.0088413,50.0052421,26.4592492,50.0204363,26.4738579
10500456003,456,5,3,حي الزمرد,Az Zomorod Dist.,26.5693884,50.0663827,50.0651864,26.568006,50.0695889,26.5706564
10500456004,456,5,4,حي الصدفة,As Sadafah Dist.,26.5669005,50.0713333,50.0605248,26.5572682,50.083195,26.5707713
10500456005,456,5,5,حي المناخ,Al Manakh Dist.,26.5623783,50.0618542,50.051653,26.5565932,50.0716947,26.5761619
10500456006,456,5,6,حي النرجس,An Narjis Dist.,26.5867357,50.074831,50.069723,26.582416,50.0806768,26.5943579
10500456007,456,5,7,حي الربيعية,Ar Rabeiyah Dist.,26.5705863,50.0797762,50.0728846,26.5620103,50.0842633,26.5771834
10500456008,456,5,8,حي النخيل,Al Nakhil Dist.,26.5756248,50.0629366,50.0596997,26.5724911,50.0673768,26.5802281
10500456009,456,5,9,حي اللؤلؤ,Al Lulu Dist.,26.5783844,50.0581387,50.0512714,26.5742104,50.0599826,26.5832896
10500456010,456,5,10,حي الجامعيين,Al Jamiyin Dist.,26.5886857,50.0576493,50.0500497,26.5815281,50.0632047,26.5983311
10500456011,456,5,11,حي سنابس,Sanabis Dist.,26.5829924,50.0829089,50.0789329,26.577577,50.0875378,26.5878778
10500456012,456,5,12,حي الديرة,Ad Dirah Dist.,26.5720977,50.0648438,50.0631306,26.5701162,50.0671497,26.5734596
10500456013,456,5,13,حي الزور,Az Zour Dist.,26.5951788,50.0768177,50.075027,26.5933628,50.0791042,26.5965517
10500456014,456,5,14,حي اليمامة,Al Yamamah Dist.,26.5743892,50.0710677,50.0665428,26.5691676,50.0768291,26.5783021
10500456015,456,5,15,حي الصواري,As Sawari Dist.,26.5728178,50.0846105,50.0822315,26.5610463,50.0890157,26.5786999
10500456016,456,5,16,حي الجوهرة,Al Jawharah Dist.,26.5810232,50.0787101,50.0737135,26.5751798,50.0835029,26.5867767
10500456017,456,5,17,حي الجبل,Al Jabal Dist.,26.5733153,50.0624558,50.0582541,26.5698165,50.0652434,26.5766939
10502038001,2038,5,1,بلدة المطيرفي,Al Mutayrifi,25.478928,49.5577733,49.5512834,25.4722713,49.5607045,25.4839867
10502038002,2038,5,2,بلدة الشقيق الغربية,Ash Shaqiq Western,25.4847191,49.5712434,49.5675152,25.477103,49.5764272,25.491053
10502038003,2038,5,3,بلدة الوزية,Al Wazyah,25.5155865,49.5555203,49.5516672,25.5120573,49.5602232,25.519881
10502038004,2038,5,4,الحي الرابع,Al Rabea Dist.,25.5128444,49.5511229,49.5428192,25.5082956,49.5544291,25.5217218
10502038005,2038,5,5,الحي الاول,"Al Awal Dist.
Al Awal Dist.",25.4864107,49.5558336,49.5486583,25.4827123,49.5631859,25.4935552
10502038006,2038,5,6,الحي الثاني,Al Thani Dist.,25.4982459,49.5549094,49.5474397,25.4932228,49.5617661,25.501409
10502038007,2038,5,7,الحي الثالث,Al Thalith Dist.,25.5066886,49.5547107,49.5454316,25.4989216,49.5600105,25.5124851
10502038008,2038,5,8,حي البساتين,Al Basatin Dist.,25.4800145,49.5967662,49.5937688,25.4771744,49.598008,25.4812099
10502038009,2038,5,9,بلدة القرين,Al Qaren,25.4823908,49.5966067,49.5942682,25.4800967,49.6011018,25.4848294
10502038010,2038,5,10,حي اشبيلية,Ishbiliyah Dist.,25.4849735,49.5979939,49.5953208,25.4842197,49.6002612,25.4885901
10502038011,2038,5,11,بلدة جليجلة,Julijlah,25.5038785,49.5993535,49.5955945,25.5008138,49.6023637,25.5068842
10502038012,2038,5,12,حي القادسية,Al Qadisiyah Dist.,25.4990198,49.5998558,49.5975035,25.4956354,49.602279,25.5022519
10502038013,2038,5,13,حي اليرموك,Al Yarmuk Dist.,25.5067006,49.6005641,49.5964828,25.5053929,49.6035087,25.5107092
10502038014,2038,5,14,حي الصفا الرابع,As Safa 4th Dist.,25.4985216,49.6247104,49.6126394,25.4877666,49.6331279,25.5124508
10502038015,2038,5,15,حي الندى,An Nada Dist.,25.5256129,49.6154723,49.6073712,25.5169333,49.6236116,25.531704
10502038016,2038,5,16,حي الاسكان,Al Iskan Dist.,25.5261398,49.6043578,49.600981,25.520918,49.6101204,25.5355603
10502038017,2038,5,17,حي الصفا الثاني,As Safa 2nd Dist.,25.5078794,49.6248122,49.6129548,25.4993673,49.6292327,25.5169333
10502038018,2038,5,18,حي الصفا الثالث,As Safa 3rd Dist.,25.5069596,49.6370588,49.6282068,25.4993673,49.6427801,25.5123481
10502038019,2038,5,19,حي الصفا الاول,As Safa 1st Dist.,25.5150972,49.6251703,49.6164035,25.5074468,49.6324944,25.5254008
10502038020,2038,5,20,بلدة الجرن,Al Jarn,25.5197031,49.6069979,49.603445,25.512041,49.6164035,25.5219744
10502038021,2038,5,21,حي الصناعية,As Sinaiyah Dist.,25.6239043,49.5452798,49.5411666,25.6170534,49.5537084,25.6395413
10502038022,2038,5,22,حي الرابية,Ar Rabiyah Dist.,25.5734543,49.5531919,49.5476617,25.5575921,49.5648002,25.5880817
10502038023,2038,5,23,حي ضاحية الامير سلطان الجنوبية,Dahiyat Prince Sultan Southern Dist.,25.5957575,49.5507476,49.546504,25.5870445,49.5618223,25.6058709
10502038024,2038,5,24,مجمع الدوائر الحكومية,Government Departments Complex,25.6155931,49.5559567,49.549084,25.6048792,49.5636148,25.6241078
10502038025,2038,5,25,حي العيون الشمالية,Al Oyon Southern Dist.,25.6322582,49.5627658,49.5527755,25.6240461,49.573265,25.6387242
10502038026,2038,5,26,بلدة العوضية,Al Awadhyah,25.5840051,49.5925325,49.5881874,25.5774353,49.5990507,25.5890503
10502038027,2038,5,27,وسط العيون,Wassat Al Oyon,25.6032248,49.565289,49.5588007,25.5903076,49.5718208,25.6160753
10502038028,2038,5,28,بلدة المراح,Al Marah,25.5914455,49.5831789,49.5790447,25.5853612,49.5901931,25.5978217
10502038029,2038,5,29,حي ضاحية الامير سلطان الشمالية,Dahiyat Prince Sultan Northern Dist.,25.6124647,49.5455625,49.5429703,25.6030666,49.5544518,25.6183678
10502038030,2038,5,30,حي العيون الجنوبية,Al Oyon Southern Dist.,25.6190069,49.5713617,49.5568827,25.6139643,49.5773323,25.6279257
10502038031,2038,5,31,بلدة الشقيق الشرقية,Ash Shaqiq Eastern,25.4809944,49.5779604,49.5725165,25.4745284,49.5830918,25.4894757
10502167001,2167,5,1,حي التلال,At Talal Dist.,26.5466947,49.9211147,49.8966586,26.5129667,49.9484903,26.5646457
10502167002,2167,5,2,حي النهضة,An Nahdah Dist.,26.5414463,49.8990387,49.8868356,26.5333145,49.913317,26.554876
10502167003,2167,5,3,حي الروابي,Ar Rawabi Dist.,26.5556107,49.8852023,49.8755767,26.5481437,49.8966586,26.5670709
10502167004,2167,5,4,حي الاوجام,Al Aujam Dist.,26.5613593,49.9461324,49.9286774,26.5474483,49.9556557,26.5769824
10502167005,2167,5,5,حي الفيحاء,Al Fayha Dist.,26.5705128,49.911584,49.8816314,26.554876,49.93565,26.5952726
10502167006,2167,5,6,حي الريحان,Ar Raihan Dist.,26.5060385,49.940776,49.9315387,26.5001086,49.9452506,26.5168436
10502167007,2167,5,7,حي الدريدي,Ad Duraydi Dist.,26.6570193,49.8950721,49.8871548,26.6520711,49.9016677,26.6615187
10502167008,2167,5,8,حي المروة,Al Marwah Dist.,26.6518989,49.9606671,49.9551455,26.6427023,49.965142,26.6558033
10502167009,2167,5,9,حي الرويحة,Ar Ruwaihah Dist.,26.6449466,49.8203848,49.8104516,26.637583,49.8286117,26.6546436
10502167010,2167,5,10,حي الرحاب,Al Rehab Dist.,26.6598663,49.9147662,49.9059709,26.6538637,49.9270708,26.6747923
10502167011,2167,5,11,حي ابو معن,Abu Main Dist.,26.6618532,49.8073662,49.7940311,26.6561997,49.8197768,26.6733438
10502167012,2167,5,12,حي الربوة,Ar Rabwah Dist.,26.6566867,49.9594908,49.9516886,26.6527402,49.9633214,26.6608021
10502167013,2167,5,13,حي المصيف,Al Masif Dist.,26.6617034,49.8288836,49.8187313,26.6561073,49.8472825,26.6646202
10502167014,2167,5,14,حي البدور,Al Budur Dist.,26.6503819,49.9335383,49.9166581,26.6379141,49.9529298,26.6685632
10502167015,2167,5,15,حي العروبة,Al Urubah Dist.,26.6472196,49.9453638,49.9402705,26.6373958,49.9547946,26.6571762
10502167016,2167,5,16,حي الصفاء,Al Safa Dist.,26.6413036,49.960125,49.9556531,26.6388612,49.9648657,26.6452803
10502167017,2167,5,17,حي الخترشية,Al Khatrashiyah Dist.,26.6223957,49.9268715,49.9240819,26.6178075,49.9305401,26.6251864
10502167018,2167,5,18,حي ام الساهك,Umm As Sahik Dist.,26.6521027,49.9133427,49.9106635,26.6472457,49.9176472,26.6562673
10502167019,2167,5,19,حي العمل,Al Amal Dist.,26.6369777,49.9594337,49.9517049,26.6308835,49.9674617,26.6439154
10502167020,2167,5,20,حي الحزم,Al Hazm Dist.,26.6398188,49.9111506,49.9000028,26.6282593,49.9240048,26.6490922
10502167021,2167,5,21,حي حزم,Hazm Dist.,26.651717,49.9533136,49.9467417,26.6429963,49.9605695,26.6576743
10502167022,2167,5,22,حي المنار,Al Manar Dist.,26.6614486,49.9509225,49.9469804,26.6571762,49.9539187,26.667099
10502167023,2167,5,23,حي الشورى,Ash Shura Dist.,26.6498227,49.9799304,49.970279,26.6455377,50.0093373,26.6654282
10502170001,2170,5,1,حي الاسكان,Al Iskan Dist.,26.5201327,49.9749241,49.9689439,26.5133209,49.9830126,26.5259835
10502170002,2170,5,2,حي الراية,Ar Rayah Dist.,26.5178787,49.9835043,49.9718527,26.5081983,49.9870894,26.5263577
10502170003,2170,5,3,حي الرمال,Ar Rimal Dist.,26.4984776,49.9878601,49.9856238,26.4939043,49.9906718,26.5050114
10502171001,2171,5,1,حي العقيق,Al Aqiq Dist.,26.5289426,50.0205045,50.0126902,26.5266015,50.028969,26.5335909
10502171002,2171,5,2,حي البدر,Al Badr Dist.,26.5118772,50.0325353,50.0242949,26.5084292,50.0355683,26.514661
10502171003,2171,5,3,حي البستان,Al Bustan Dist.,26.5169828,50.0313684,50.0296342,26.5136184,50.0352321,26.5199956
10502171004,2171,5,4,حي المحار,Al Mahar Dist.,26.5252829,50.0292504,50.0249245,26.5190581,50.0337459,26.5320716
10502171005,2171,5,5,حي عنك,Anak Dist.,26.5226177,50.0237296,50.0161641,26.5127245,50.0302672,26.5299254
10502176001,2176,5,1,حي الساحل,As Sahil Dist.,26.5496798,50.0458883,50.0374386,26.5466523,50.054393,26.5583928
10502176002,2176,5,2,حي المرجان,Al Murjan Dist.,26.5541252,50.0656999,50.0539418,26.5441998,50.074613,26.5592087
10502176003,2176,5,3,حي الاندلس,Al Andalus Dist.,26.5549631,50.0801653,50.0716947,26.5487589,50.086329,26.5611763
10502176004,2176,5,4,حي دارين,Darin Dist.,26.5455064,50.0748693,50.0705236,26.5419463,50.0804546,26.5489088
10502464001,2464,5,1,حي السلام,As Salam Dist.,28.3921939,48.4500223,48.4449994,28.379154,48.4644452,28.3999283
10502464002,2464,5,2,حي الجوهرة,Al Jawharah Dist.,28.42666,48.4891654,48.4781722,28.4201813,48.4956914,28.4337705
10502464003,2464,5,3,حي التعاون,At Taawun Dist.,28.412185,48.4902425,48.4834746,28.4034809,48.4967758,28.4164813
10502464004,2464,5,4,حي الفيصلية,Al Faisaliyah Dist.,28.4842147,48.4889293,48.4832122,28.4799843,48.4997186,28.4911932
10502464005,2464,5,5,حي الشاطئ,Ash Shati Dist.,28.4712523,48.4904787,48.4844058,28.4626188,48.5036219,28.4806736
10502464006,2464,5,6,حي الروضة,Ar Rawdah Dist.,28.4006029,48.4601582,48.4545191,28.3909711,48.4704272,28.4050256
10502464007,2464,5,7,حي الفيحاء,Al Fayha Dist.,28.462763,48.4811598,48.4771459,28.4588239,48.4874163,28.4655211
10502464008,2464,5,8,حي الخزامى,Al Khuzama Dist.,28.4573747,48.4830235,48.477473,28.4527687,48.488884,28.4614242
10502464009,2464,5,9,حي الياسمين,Al Yasmin Dist.,28.4473941,48.4866056,48.4807997,28.4416119,48.4917586,28.4552017
10502464010,2464,5,10,حي العزيزية,Al Aziziyah Dist.,28.454433,48.4913125,48.4855557,28.4329863,48.4993436,28.4654781
10502464011,2464,5,11,حي الدوائر الحكومية,Goverment Departments Dist.,28.4479398,48.5007287,48.4961005,28.4334015,48.503824,28.4631681
10502464012,2464,5,12,حي المحمدية,Al Muhammadiyah Dist.,28.4248574,48.4999311,48.4952617,28.4164813,48.507738,28.4334014
10502464013,2464,5,13,المنطقة الصناعية الاولى,1st Industrial Area,28.4097891,48.5089317,48.495908,28.4010494,48.5164737,28.4205747
10502464014,2464,5,14,المنطقة الصناعية الثانية,2nd Industrial Area,28.3942119,48.5042202,48.4968289,28.3895112,48.5088327,28.4043199
10502464015,2464,5,15,حي الحمراء,Al Hamra Dist.,28.4170593,48.4798102,48.4753315,28.4157729,48.486892,28.4206097
10502464016,2464,5,16,حي اللؤلؤة,Al Luluah Dist.,28.4183906,48.4916939,48.4865707,28.4159896,48.4959076,28.4210899
10502464017,2464,5,17,حي الريان,Ar Rayyan Dist.,28.43884,48.4894753,48.4779933,28.4277231,48.4945806,28.4462006
10502464018,2464,5,18,حي اليرموك,Al Yarmuk Dist.,28.4087775,48.461754,48.4511813,28.4046888,48.4684762,28.4199221
10502464019,2464,5,19,حي الخالدية,Al Khalidiyah Dist.,28.4196169,48.4687506,48.4596894,28.4119159,48.4756399,28.4263501
10502464020,2464,5,20,حي الامل,Al Amal Dist.,28.4063999,48.4625644,48.4604538,28.4030463,48.4661074,28.4080198
10502464021,2464,5,21,حي الملك فهد,King Fahd Dist.,28.4121689,48.4774477,48.4639449,28.4032713,48.4853162,28.4178265
10502464022,2464,5,22,حي الامير نايف,Prince Naif Dist.,28.4018066,48.4698061,48.4626292,28.3959367,48.4786054,28.4060469
10502464023,2464,5,23,حي الزهور,Az Zuhur Dist.,28.4308559,48.4728047,48.4670014,28.4249091,48.4796099,28.4357954
10502464024,2464,5,24,حي الامير فهد بن سلمان,Prince Fahd Ibn Salman Dist.,28.4226241,48.477609,48.4686069,28.4180962,48.4868784,28.4343542
10502464025,2464,5,25,حي النهضة,An Nahdah Dist.,28.4095494,48.4853859,48.4819502,28.4078853,48.4915924,28.4131777
10502464026,2464,5,26,حي ارامكو,Aramco Dist.,28.4207121,48.5161151,48.4993433,28.4113163,48.5295511,28.4345805
10502464027,2464,5,27,حي النزهة,An Nuzhah Dist.,28.4729873,48.4836044,48.4746721,28.4649981,48.4856493,28.4799843
10502464028,2464,5,28,حي المروج,Al Muruj Dist.,28.4864435,48.4813344,48.4716671,28.4793582,48.4844058,28.4925502
10502590001,2590,5,1,حي الزهور,Az Zuhur Dist.,26.7092897,50.0494534,50.0434297,26.7038164,50.0527904,26.7123136
10502590002,2590,5,2,حي النعيم,An Naim Dist.,26.7185353,50.0428484,50.0350896,26.715182,50.0461968,26.7242563
10502590003,2590,5,3,حي قرطبة,Qurtubah Dist.,26.7123143,50.0449233,50.0382723,26.7089529,50.0498001,26.7181549
10502590004,2590,5,4,حي المنتزة,Al Montazah Dist.,26.6993122,50.0494678,50.0400582,26.6943472,50.0563634,26.7064173
10502590005,2590,5,5,حي الاندلس,Al Andalus Dist.,26.7048688,50.0706562,50.0629039,26.6985481,50.0760619,26.7067451
10502590006,2590,5,6,حي الصناعية,As Sinaiyah Dist.,26.698339,50.0556905,50.045472,26.6949067,50.0684613,26.7020347
10502590007,2590,5,7,حي الفيحاء,Al Fayha Dist.,26.713868,50.0567795,50.0497999,26.7064173,50.0688157,26.7177848
10502590008,2590,5,8,حي الدانة,Ad Danah Dist.,26.7031143,50.0585812,50.0527904,26.6993668,50.067989,26.7111753
10502590009,2590,5,9,حي الروضة,Ar Rawdah Dist.,26.7077588,50.0729647,50.0644006,26.7041624,50.0776483,26.7137898
10502590010,2590,5,10,حي نجمة,Najmah Dist.,26.718451,50.0751806,50.0489772,26.6992522,50.1006572,26.7470939
10502643001,2643,5,1,حي الشروق,Ash Shuruq Dist.,23.3112461,48.9714042,48.9678039,23.3082118,48.9791679,23.3135052
10502643002,2643,5,2,حي يبرين,Yebrin Dist.,23.2963691,48.9747593,48.9659369,23.2924751,48.9795813,23.3005722
10502643003,2643,5,3,حي الياسمين,Al Yasmin Dist.,23.304505,48.9775776,48.9719052,23.29945,48.9805979,23.308839
10502643004,2643,5,4,حي الدوائر الحكوميه,Government Departments Dist.,23.2960461,48.9642782,48.9611762,23.2893624,48.9666371,23.3009145
10502643005,2643,5,5,حي الربيع,Ar Rabie Dist.,23.3081992,48.9660518,48.9619479,23.3005722,48.9679892,23.3130567
10502643006,2643,5,6,حي المروج,Al Muruj Dist.,23.3048596,48.9699617,48.9666371,23.300117,48.9734061,23.3094849
10502643007,2643,5,7,حي الاخاء,Al Akha Dist.,23.3055629,48.9816063,48.9785432,23.3007557,48.9867343,23.3123895
10502653001,2653,5,1,بلدة البطالية,Al Battaliyah,25.4318687,49.6297627,49.6270837,25.4256299,49.6345317,25.4378372
10502653002,2653,5,2,بلدة الجبيل,Al Jubail,25.4072617,49.6641843,49.6577533,25.4039705,49.6681748,25.4112215
10502653003,2653,5,3,حي الشروق,Ash Shuruq Dist.,25.4292523,49.6804274,49.6753665,25.4250705,49.6897079,25.4325641
10502653004,2653,5,4,حي السلام,As Salam Dist.,25.4346115,49.6256806,49.6213611,25.4301477,49.6293251,25.4408267
10502653005,2653,5,5,حي التمور,At Tamor Dist.,25.4382875,49.6333817,49.6291952,25.4335643,49.635932,25.4416878
10502653006,2653,5,6,بلدة القارة,Al Qarah,25.4131603,49.6803977,49.6679276,25.4072045,49.6837159,25.4202553
10502653007,2653,5,7,حي المنتزه,Al Muntazah Dist.,25.4234709,49.6758647,49.6723316,25.4181222,49.6821831,25.4274129
10502653008,2653,5,8,بلدة بني معن,Bani Maan,25.3877444,49.6379104,49.6346694,25.3847329,49.6404558,25.3907617
10502653009,2653,5,9,حي القارة,Al Qarah Dist.,25.4322252,49.685807,49.6795985,25.4255895,49.6917562,25.4374256
10502653010,2653,5,10,بلدة الطريبيل,At Tarbil,25.3999857,49.6730117,49.6699044,25.3971116,49.6744871,25.4018586
10502653011,2653,5,11,حي التويثير,Al Tuwaythir Dist.,25.4160323,49.6923752,49.6804038,25.4012675,49.7053585,25.43142
10502653012,2653,5,12,قرية العمران الغربية,Al Umran Western,25.4240982,49.7121083,49.7086739,25.4196755,49.7152529,25.4291299
10502653013,2653,5,13,قرية الحوطة,Al Hotah,25.4172422,49.7215515,49.7143617,25.411225,49.7278093,25.4204103
10502653014,2653,5,14,قرية السيايرة,As Syayrah,25.4090494,49.7267669,49.721196,25.4045702,49.7302607,25.4112782
10502653015,2653,5,15,بلدة أبو ثور,Abu Ath Thoor,25.4157093,49.7068941,49.7038878,25.412789,49.7098025,25.4201966
10502653016,2653,5,16,حي الروابي,Ar Rawabi Dist.,25.413434,49.7327193,49.7300084,25.4112453,49.734424,25.4184623
10502653017,2653,5,17,حي النرجس,An Narjis Dist.,25.4228963,49.7055211,49.703552,25.4198047,49.7105465,25.4255417
10502653018,2653,5,18,قرية الرميلة,Ar Rumaylah,25.41269,49.7275394,49.7236439,25.4085702,49.7319613,25.4178746
10502653019,2653,5,19,بلدة غمسي,Gamsy,25.4032743,49.7114645,49.7060243,25.3979494,49.7170105,25.4074693
10502653020,2653,5,20,قرية العرامية,Al Aramiyah,25.4111467,49.7072156,49.7036284,25.4069813,49.7103917,25.4133066
10502653021,2653,5,21,حي المحار,Al Mahar Dist.,25.4040515,49.7285277,49.7206159,25.4000634,49.7306998,25.4085702
10502653022,2653,5,22,قرية العمران الشرقية,Al Umran Eastern,25.4242317,49.7153824,49.7132429,25.4205143,49.718179,25.4278897
10502653023,2653,5,23,بلدة الصبايخ,As Sabaiykh,25.4102132,49.7128153,49.7098025,25.4051444,49.7151472,25.4136165
10502653024,2653,5,24,حي العقيق,Al Aqiq  Dist.,25.4069566,49.7334459,49.7302464,25.4024957,49.7389247,25.4117505
10502653025,2653,5,25,قرية العمران الجنوبي,Al Umran Southern,25.41867,49.7151836,49.7089952,25.4133066,49.7221773,25.4211335
10502653026,2653,5,26,بلدة التويثير,Al Tuwaythir,25.4198678,49.6888398,49.6799977,25.4158246,49.6937331,25.4257172
10502653027,2653,5,27,حي الثريا,Ath Thuraiya Dist.,25.4021029,49.6490643,49.6444653,25.3981784,49.653651,25.4064236
10502653028,2653,5,28,حي الزهراء,Az Zahra Dist.,25.4062216,49.6548584,49.6504664,25.401499,49.658959,25.4085741
10502653029,2653,5,29,بلدة أبو الحصى,Abu Al Hasa,25.4219315,49.7214301,49.7175824,25.4185304,49.7287684,25.4251047
10502653030,2653,5,30,بلدة التهيمية,At Tahemah,25.4026254,49.6914007,49.687901,25.4002166,49.6949515,25.4064911
10502653031,2653,5,31,حي البدور,Al Budur Dist.,25.3898256,49.6434082,49.6401248,25.3874104,49.6468977,25.3926555
10502653032,2653,5,32,بلدة الدالوة,Al Dalwah,25.401704,49.6841323,49.6804333,25.3962086,49.6880751,25.4034307
10502748001,2748,5,1,حي الصناعية,As Sinaiyah Dist.,25.4077753,49.4772773,49.4574381,25.4002069,49.4850312,25.4180041
10502748002,2748,5,2,حي الفيصل,Al Faisal Dist.,25.4421199,49.5748093,49.5677667,25.4352315,49.5824661,25.4487729
10502748003,2748,5,3,حي الضباب,Al Dabab Dist.,25.4715557,49.552042,49.5413282,25.4648381,49.5592342,25.4786385
10502748004,2748,5,4,حي الفنار,Al Fanar Dist.,25.450599,49.5493019,49.5450422,25.4469563,49.5544113,25.4577833
10502748005,2748,5,5,حي أحد,Ahad Dist.,25.4694096,49.5392725,49.5310785,25.4549673,49.5452312,25.4860693
10502748006,2748,5,6,حي محاسن الثاني,Mahasin 2nd Dist.,25.4172927,49.5524199,49.5455023,25.4115795,49.5607128,25.4238095
10502748007,2748,5,7,حي الراشدية الثاني,Ar Rashidyah 2nd Dist.,25.4414747,49.5889666,49.5818063,25.4365562,49.5937291,25.4465846
10502748008,2748,5,8,الحي الأكاديمي,Academic Quarter Dist.,25.4807653,49.5474341,49.5385666,25.4736298,49.5538423,25.4861562
10502748009,2748,5,9,حي محاسن ارامكو الخامس,Mahasin Aramco 5th  Dist.,25.3745677,49.5365757,49.5245949,25.3632919,49.5461325,25.3810341
10502748010,2748,5,10,حي قرطبة,Qurtubah Dist.,25.450685,49.5623809,49.5511684,25.4401366,49.569927,25.4618743
10502748011,2748,5,11,حي الراشدية الأول,Ar Rashidyah 1st Dist.,25.4515821,49.5866665,49.5788482,25.4445651,49.5937309,25.4606675
10502748012,2748,5,12,حي المطيرفي الغربي,Al Mutayrifi Al Garbi Dist.,25.4639651,49.5571914,49.5434687,25.4561198,49.5630657,25.4706578
10502748013,2748,5,13,حي محيرس,Mahairis Dist.,25.4534101,49.572439,49.5631246,25.4470517,49.5819558,25.4641739
10502748014,2748,5,14,حي الفتح,Al Fath Dist.,25.4310307,49.5769677,49.5718725,25.4257584,49.583154,25.4366103
10502748015,2748,5,15,حي اليمامة,Al Yamamah Dist.,25.4443096,49.5530675,49.5473728,25.4371932,49.5607524,25.4498541
10502748016,2748,5,16,حي الأمانة,Al Amanah Dist.,25.3616907,49.5334121,49.5245579,25.3533313,49.5462114,25.3741475
10502748017,2748,5,17,حي عين نجم,Ayn Najm Dist.,25.379865,49.550027,49.5456959,25.3715537,49.554907,25.3907809
10502748018,2748,5,18,حي محاسن الأول,Mahasin 1st Dist.,25.4118426,49.5631516,49.5604512,25.402423,49.5666735,25.4204264
10502748019,2748,5,19,حي الحزام الذهبي,Al Hizam Adh Dhahabi Dist.,25.4082242,49.5524467,49.5462784,25.402423,49.5609516,25.4119597
10502748020,2748,5,20,حي مجمع الدوائر الحكومية الأول,Government Departments Complex 1st  Dist.,25.3848229,49.5633491,49.554159,25.3762265,49.5739288,25.3913357
10502748021,2748,5,21,حي عين مرجان,Ayn Marjan Dist.,25.4008816,49.5871816,49.5816898,25.393695,49.5899712,25.4090773
10502748022,2748,5,22,حي الشروفية,Al Shurofiyah Dist.,25.4234817,49.5772107,49.5733282,25.4202551,49.5842816,25.4271047
10502748023,2748,5,23,حي الديوان,Ad Daywan Dist.,25.429951,49.5510768,49.5455515,25.4207534,49.5551961,25.4383977
10502748024,2748,5,24,حي اليرموك,Al Yarmuk Dist.,25.4275725,49.5669599,49.5533893,25.4202551,49.5743025,25.4354025
10502748025,2748,5,25,حي السلام الأول,As Salam 1st Dist.,25.3955506,49.552159,49.5456984,25.3899048,49.5610306,25.4049743
10502748026,2748,5,26,حي محاسن ارامكو الأول,Mahasin Aramco 1st Dist.,25.4170647,49.5370595,49.5273642,25.4106411,49.5462784,25.4280908
10502748027,2748,5,27,حي الأندلس,Al Andalus Dist.,25.402617,49.6059077,49.5953342,25.3931976,49.6134818,25.410567
10502748028,2748,5,28,حي الحزم الجنوبي,Al Hazm Southern Dist.,25.4135262,49.577666,49.5733351,25.4075397,49.5833852,25.4202689
10502748029,2748,5,29,حي المسعودي,Al Masudi Dist.,25.406494,49.5909219,49.5887737,25.3937996,49.5980396,25.409916
10502748030,2748,5,30,حي أم سبعة,Umm Sabah Dist.,25.4696269,49.5750636,49.5581708,25.4605809,49.583292,25.4796364
10502748031,2748,5,31,حي القادسية,Al Qadisiyah Dist.,25.4131165,49.5712809,49.5661886,25.4042401,49.5751269,25.4203571
10502748032,2748,5,32,حي الياسمين,Al Yasmin Dist.,25.4369494,49.5646452,49.552097,25.4317567,49.5718725,25.4422168
10502748033,2748,5,33,حي الإتصالات,Al Itsalat Dist.,25.4388291,49.5382721,49.5273514,25.4238095,49.5483018,25.456087
10502748034,2748,5,34,حي النزهة,An Nuzhah Dist.,25.4553507,49.5995393,49.5795383,25.4478977,49.6112637,25.4630211
10502748035,2748,5,35,حي السلام الثاني,As Salam 2nd Dist.,25.396959,49.5715435,49.5601359,25.3900304,49.5757959,25.4075397
10502748036,2748,5,36,حي المقابل,Al Muqabil Dist.,25.4143376,49.5995008,49.5916099,25.4087022,49.6067874,25.4227991
10502748037,2748,5,37,حي الشعبة,Al Shuaba Dist.,25.478154,49.6183326,49.6062663,25.4610401,49.6264937,25.4911581
10502748038,2748,5,38,حي السحيمية,As Suhaimiyah Dist.,25.4676711,49.5887604,49.5783228,25.4610673,49.6112168,25.4785682
10502748039,2748,5,39,حي بو سحبل الأول,Abu Sahbal 1st Dist.,25.4552996,49.6148479,49.6040613,25.4479292,49.6205878,25.467629
10502748040,2748,5,40,حي وسط المبرز التاريخي,Historical Center Al Mubarraz  Dist.,25.41174,49.5901822,49.5827551,25.4079683,49.5954154,25.4227879
10502748041,2748,5,41,حي محاسن ارامكو الثاني,Mahasin Aramco 2nd Dist.,25.4063954,49.5402382,49.5292438,25.4008554,49.5482222,25.4115795
10502748042,2748,5,42,حي الراشدية الثالث,Ar Rashidyah 3rd Dist.,25.4286876,49.592682,49.5824661,25.4219473,49.5988265,25.4366216
10502748043,2748,5,43,حي بو سحبل الثاني,Abu Sahbal 3rd Dist.,25.4555859,49.6234596,49.6176942,25.4487748,49.6330346,25.4708136
10502748044,2748,5,44,حي محاسن ارامكو الرابع,Mahasin Aramco 4th  Dist.,25.3896964,49.5353888,49.5254773,25.3776992,49.5459569,25.3951599
10502748045,2748,5,45,حي البستان,Al Bustan Dist.,25.3989411,49.5787556,49.5735185,25.3898543,49.5864512,25.4082538
10502748046,2748,5,46,حي الشراع الجنوبي,Ash Shara Southern Dist.,25.4236139,49.6171115,49.5968699,25.4073923,49.6347486,25.4423975
10502748047,2748,5,47,حي الشراع الشمالي,Ash Shara Northern Dist.,25.4394175,49.6107267,49.5965758,25.4265746,49.6312649,25.4506135
10502748048,2748,5,48,حي مشرفة,Mishrifah Dist.,25.4461663,49.5949177,49.5920183,25.4364901,49.5984488,25.4551548
10502748049,2748,5,49,حي البساتين,Al Basatin Dist.,25.4039953,49.6284434,49.6067874,25.3888673,49.6468509,25.412885
10502748050,2748,5,50,مدينة الملك عبدالله العسكرية,King Abdullah Military City,25.4525123,49.5224405,49.4966257,25.4279006,49.5379577,25.4860693
10502748051,2748,5,51,حي الحزم الشمالي,Al Hazm Northern Dist.,25.4171408,49.5806272,49.5743025,25.4135701,49.5847395,25.4226041
10502748052,2748,5,52,حي محاسن ارامكو الثالث,Mahasin Aramco 3rd Dist.,25.397705,49.538145,49.5307686,25.3911308,49.5469385,25.4026841
10502748053,2748,5,53,حي العليا,Al Olaya Dist.,25.4797269,49.6288995,49.6219641,25.4537799,49.6379443,25.493928
10502764002,2764,5,2,حي قباء,Quba Dist.,25.3755279,49.658167,49.6494246,25.3730134,49.6656139,25.3831392
10502764003,2764,5,3,حي المدينة المنورة,Al Madinah Al Munawwarah Dist.,25.3766759,49.6711593,49.6622809,25.3730632,49.6790773,25.3844893
10502764004,2764,5,4,حي مثلث الشرقية,Muthalath Asharqiyah Dist.,25.3874079,49.6631778,49.6559131,25.3819544,49.6718086,25.3922706
10502764005,2764,5,5,بلدة المنيزلة,Al Munaizlah,25.3821629,49.6747572,49.6696771,25.3766524,49.6790773,25.3861139
10502764006,2764,5,6,بلدة المنصورة,Al Mansurah,25.3938248,49.6675289,49.6608676,25.3900519,49.6738765,25.3963258
10502764007,2764,5,7,حي بدر,Badr Dist.,25.3889925,49.6726552,49.6664432,25.385896,49.6777368,25.3953875
10502764008,2764,5,8,بلدة الشهارين,Ash Shaharin,25.3888988,49.6571803,49.6537385,25.382482,49.663351,25.3947915
10502764009,2764,5,9,بلدة المركز,Al Markaz,25.3942058,49.7286311,49.724823,25.3869058,49.7318372,25.3967851
10502764010,2764,5,10,حي الاسكان,Al Iskan Dist.,25.3568653,49.7420229,49.7371598,25.3515966,49.7476843,25.3604926
10502764011,2764,5,11,حي الرياض الثاني,Ar Riyadh 2nd Dist.,25.3310437,49.6843094,49.680565,25.3269277,49.6997211,25.336345
10502764012,2764,5,12,بلدة الفضول,Al Fudul,25.3720259,49.6804227,49.6755475,25.3690146,49.6865305,25.3766524
10502764013,2764,5,13,بلدة الطرف,At Tarf,25.3589175,49.7244618,49.7174766,25.353146,49.7292248,25.3689848
10502764014,2764,5,14,بلدة العقار,Al Aqar,25.3824565,49.7024412,49.7002565,25.379034,49.706149,25.386242
10502764015,2764,5,15,بلدة الجفر,Al Jafr,25.3786014,49.7204214,49.7083027,25.3744493,49.7288401,25.3816075
10502764016,2764,5,16,حي النزهة,An Nuzhah Dist.,25.3666771,49.7459737,49.740572,25.3574358,49.7547881,25.3721822
10502764017,2764,5,17,حي هجر الأول,Hajr 1st Dist.,25.3638148,49.7604768,49.7458291,25.3472165,49.7682477,25.3723743
10502764018,2764,5,18,حي مدينة الحجاج,Madina Al Hojaj Dist.,25.2855136,49.7241056,49.7120857,25.2779142,49.7391831,25.2925766
10502764019,2764,5,19,حي هجر الثاني,Hajr 2nd Dist.,25.3459353,49.7506988,49.7466395,25.3398573,49.7641367,25.3543927
10502764020,2764,5,20,حي الزهور,Az Zuhur Dist.,25.3224541,49.7201144,49.7121263,25.3148867,49.7257068,25.3274568
10502764021,2764,5,21,حي هجر الثامن,Hajr 8th Dist.,25.3161246,49.7392899,49.7289105,25.3045059,49.7473415,25.3210051
10502764022,2764,5,22,حي هجر الحادي عشر,Hajr 11th Dist.,25.3004375,49.7326004,49.7257522,25.2844424,49.7445578,25.3147764
10502764023,2764,5,23,حي الجبل,Al Jabal Dist.,25.3065482,49.6905219,49.6828362,25.2919528,49.7121366,25.3148867
10502764024,2764,5,24,حي الركاز,Ar Rekaz Dist.,25.398712,49.7314407,49.7292043,25.3933782,49.7364125,25.4023872
10502764025,2764,5,25,بلدة الجشة,Al Jishah,25.3862188,49.7464411,49.7405994,25.3818455,49.7566346,25.393834
10502764026,2764,5,26,حي هجر الثالث,Hajr 3rd Dist.,25.3496433,49.7396668,49.7286979,25.3410122,49.7514199,25.3564189
10502764027,2764,5,27,حي هجر التاسع,Hajr 9th Dist.,25.3110061,49.7564594,49.7487739,25.3025928,49.7667611,25.3184488
10502764028,2764,5,28,حي الوادي,Al Wadi Dist.,25.3708476,49.674693,49.6691796,25.3659311,49.6786271,25.3741759
10502764029,2764,5,29,حي أحد,Ahad Dist.,25.356582,49.6912904,49.6813103,25.347181,49.6993503,25.3625892
10502764030,2764,5,30,حي هجر الرابع,Hajr 4th Dist.,25.3346556,49.7522167,49.7436382,25.3276098,49.7622654,25.3417752
10502764031,2764,5,31,حي الخزامى,Al Khuzama Dist.,25.3799597,49.7668375,49.7592817,25.3723723,49.7734311,25.3899115
10502764032,2764,5,32,حي الديرة,Ad Dirah Dist.,25.3735535,49.7217947,49.7179947,25.3710294,49.7293231,25.3767336
10502764033,2764,5,33,حي المجصة,Al Magassah Dist.,25.3686919,49.7334955,49.723022,25.3604926,49.7450953,25.3717153
10502764034,2764,5,34,حي النور,An Noor Dist.,25.388051,49.7206992,49.717291,25.3862329,49.7252681,25.3925381
10502764035,2764,5,35,حي التلال,At Talal Dist.,25.3786044,49.7570153,49.7539384,25.3722547,49.7621607,25.3820918
10502764036,2764,5,36,حي هجر السادس,Hajr 6th Dist.,25.3209811,49.7487394,49.7419577,25.3132777,49.7588583,25.3289845
10502764037,2764,5,37,حي الرياض الاول,Ar Riyadh 1st Dist.,25.3443956,49.682922,49.6770903,25.3359875,49.6995457,25.3520632
10502764038,2764,5,38,حي الواحة الطبية,Al Wahah Medical  Dist.,25.3626287,49.794616,49.7825922,25.3362628,49.8202348,25.3780637
10502764039,2764,5,39,حي الربيع,Ar Rabie Dist.,25.3235752,49.6923851,49.6822407,25.3146496,49.7139936,25.3273785
10502764040,2764,5,40,حي النخيل,Al Nakheel Dist.,25.394077,49.7668596,49.7626485,25.3800286,49.776898,25.3998588
10502764041,2764,5,41,حي هجر السابع,Hajr 7th Dist.,25.3196965,49.7316435,49.7241838,25.3118312,49.7425379,25.3282142
10502764042,2764,5,42,حي هجر الخامس,Hajr 5th Dist.,25.3398802,49.7282986,49.7235913,25.326857,49.7448514,25.3514193
10502764043,2764,5,43,بلدة المزاوي,Al Mazawi,25.3877099,49.7027372,49.6992533,25.3851463,49.7074494,25.3902074
10502764044,2764,5,44,حي برزان,Barzan Dist.,25.3765226,49.7306677,49.7239094,25.3737166,49.7344089,25.3818321
10502764045,2764,5,45,حي الرياض الرابع,Ar Riyadh 4th Dist.,25.3388923,49.7083958,49.6958288,25.3328913,49.7185868,25.3470235
10502764046,2764,5,46,حي الخيام,Al Khyam Dist.,25.281122,49.6930159,49.6796064,25.2763645,49.7124367,25.2924022
10502764047,2764,5,47,حي العدوة,Al Adwah Dist.,25.3393449,49.7227963,49.7184903,25.3274483,49.7241086,25.3470635
10502764048,2764,5,48,حي المستشفى الجا,Al Ja Hospital Dist.,25.378094,49.7890191,49.7828818,25.37233,49.8001517,25.3930152
10502764049,2764,5,49,بلدة السباط,As Sabat,25.381733,49.7186038,49.7143562,25.3764617,49.7237576,25.3848319
10502764050,2764,5,50,حي الروضة,Ar Rawdah Dist.,25.3899634,49.7598898,49.7519281,25.3785262,49.7664777,25.3941943
10502764051,2764,5,51,حي البساتين,Al Basatin Dist.,25.3509274,49.7085095,49.6972298,25.3466229,49.7177201,25.353146
10502764052,2764,5,52,حي هجر العاشر,Hajr 10th Dist.,25.3039077,49.7497074,49.73659,25.2965116,49.7555767,25.3144462
10502764053,2764,5,53,حي السهلة,As Sahlah Dist.,25.3575788,49.7293501,49.7269475,25.3505121,49.740572,25.3669358
10502764054,2764,5,54,حي نادي الفروسية,Nadi Al Forosiyah Dist.,25.3032867,49.7200406,49.7120591,25.2924022,49.7280967,25.3150114
10502764055,2764,5,55,حي ابوحريف,Abu Hareef Dist.,25.3609895,49.6740502,49.6671027,25.3517303,49.6832402,25.3669941
10502764056,2764,5,56,حي الجفر الشمالي,Al Jafer Northern Dist.,25.3844279,49.7229076,49.7184562,25.381595,49.7250513,25.387072
10502764057,2764,5,57,حي الرياض الثالث,Ar Riyadh 3rd Dist.,25.333622,49.711312,49.6996407,25.327272,49.7230032,25.3396972
10502764058,2764,5,58,حي المعامرة,Al Maamrah Dist.,25.352081,49.7219507,49.7174116,25.347004,49.7277516,25.3540301
10502764059,2764,5,59,حي هجر الثاني عشر,Hajr 12th Dist.,25.2892156,49.7658054,49.7391003,25.27738,49.7824344,25.3154134
10502764060,2764,5,60,حي مدينة التمور,Madina At Tomor Dist.,25.3787956,49.7765781,49.7640272,25.3722536,49.7830328,25.3836539
10502764061,2764,5,61,حي مجمع الدوائر الحكومية,Government Departments Complex Dist.,25.3455708,49.7714656,49.7534373,25.3122031,49.7828818,25.3723754
10502764096,2764,5,96,حي المنيزله,Al Munaizilah Dist.,25.3853862,49.6880614,49.6721274,25.3754405,49.7025681,25.3906095
10503700001,3700,5,1,حي الدوائر الحكومية,Goverment Departments Dist.,25.4436689,49.6569228,49.6490644,25.4406572,49.6660125,25.4523661
10503700002,3700,5,2,حي اسكان الكلابية,Al Kilabiyah Housing Dist.,25.4527313,49.6401703,49.6365225,25.4458505,49.6462997,25.4610612
10503700003,3700,5,3,بلدة الكلابية,Al Kilabiyah,25.4427019,49.6541098,49.6402589,25.4359727,49.6654828,25.4475788
10503700004,3700,5,4,حي جواثا,Juwatha Dist.,25.468977,49.661361,49.6495412,25.4550439,49.6704146,25.472351
10503700005,3700,5,5,حي الكلابية,Al Kilabiyah Dist.,25.434005,49.6619892,49.6568373,25.43165,49.6656857,25.4373264
10503700006,3700,5,6,حي الواحة,Al Wahah Dist.,25.4221385,49.6460709,49.6400023,25.4131301,49.6500485,25.4297639
10503700007,3700,5,7,بلدة الحليلة,Al Halilah,25.4305032,49.6661168,49.6576043,25.424984,49.6737202,25.435942
10503700008,3700,5,8,بلدة المقدام,Al Miqdam,25.4354721,49.674046,49.6652534,25.4267088,49.6817023,25.4446493
10503700009,3700,5,9,حي البستان,Al Bustan Dist.,25.4338661,49.6518715,49.6426823,25.427769,49.6592611,25.4395448
10503700010,3700,5,10,حي الرفاع,Ar Rifaa Dist.,25.4550547,49.6454185,49.6373622,25.4432117,49.6496444,25.463036
10503700011,3700,5,11,حي الفيصلية,Al Faisaliyah Dist.,25.4557004,49.6577607,49.6495412,25.450468,49.6657147,25.4618489
10503700012,3700,5,12,حي الروضة,Ar Rawdah Dist.,25.4499445,49.6710235,49.6641135,25.4441259,49.6747004,25.4641963
10511075001,11075,5,1,حي الانوار,Al Anwar Dist.,26.5241241,50.0024959,49.9990714,26.5171952,50.0173887,26.5325587
10511075002,11075,5,2,حي ام الحمام,Um Al Hamam Dist.,26.5230751,49.9985384,49.9945656,26.5153708,50.0003313,26.5278916
10600015001,15,6,1,حي المنهل,Al Manhal Dist.,18.2218262,42.5136735,42.5059242,18.2184391,42.5232544,18.2303391
10600015002,15,6,2,حي النصب,An Nasb Dist.,18.2200952,42.5063061,42.4998054,18.2150154,42.5142555,18.2254849
10600015003,15,6,3,وسط المدينة,City Center,18.2161346,42.5004346,42.496933,18.2128925,42.5036163,18.2218952
10600015004,15,6,4,حي النزهة,An Nuzhah Dist.,18.2122915,42.5132149,42.5073624,18.2031136,42.5171776,18.2182446
10600015005,15,6,5,حي ذرة,Dhurah Dist.,18.2063161,42.5059663,42.5014496,18.2004986,42.5148277,18.2121773
10600015006,15,6,6,حي شمسان,Shamsan Dist.,18.2268245,42.5045606,42.5001068,18.2217083,42.5160027,18.233984
10600015007,15,6,7,حي القرى,Al Qura Dist.,18.2424954,42.4921386,42.4833283,18.2308884,42.5016174,18.2554745
10600015008,15,6,8,حي الوردتين,Al Wardatain Dist.,18.2293202,42.4958015,42.4884605,18.2249165,42.5016594,18.2325268
10600015009,15,6,9,حي الربوة,Ar Rabwah Dist.,18.2057544,42.5263551,42.5172325,18.1908512,42.5361786,18.2191906
10600015010,15,6,10,حي النسيم,Al Naseem Dist.,18.2039068,42.5424827,42.5324516,18.1888847,42.5514412,18.2135792
10600015011,15,6,11,حي الاندلس,Al Andalus Dist.,18.2134968,42.5171211,42.5144806,18.2043266,42.5227089,18.2201386
10600015013,15,6,13,حي الضباب,Ad Dabab Dist.,18.1961552,42.5108288,42.4999381,18.1902551,42.5212775,18.2043675
10600015014,15,6,14,حي الوصايف,Al Wasaif Dist.,18.2416467,42.4811057,42.475544,18.2264137,42.4918861,18.2593861
10600015015,15,6,15,حي الشرفية,Ash Sharafiyah Dist.,18.2411816,42.5127848,42.496418,18.2300243,42.5295259,18.2507815
10600015016,15,6,16,حي العزيزية,Al Aziziyah Dist.,18.2121167,42.5009762,42.4989395,18.207653,42.5031471,18.214056
10600015017,15,6,17,حي الشفاء,Ash Shifa Dist.,18.2058013,42.4990206,42.4909325,18.1995964,42.5051804,18.2128925
10600015018,15,6,18,حي المفتاحة,Al Muftahah Dist.,18.2117868,42.49413,42.4896126,18.2072258,42.4989395,18.2152042
10600015019,15,6,19,حي السروات,As Sarawat Dist.,18.1991287,42.4874215,42.4765515,18.1895063,42.5002166,18.2072258
10600015020,15,6,20,حي المروج,Al Muruj Dist.,18.2163159,42.5494967,42.5257187,18.2013798,42.5653408,18.232208
10600015021,15,6,21,حي السد,As Sadd Dist.,18.2168959,42.493702,42.4872513,18.2121296,42.4986038,18.2213669
10600015022,15,6,22,حي الخشع,Al Khasha Dist.,18.2141057,42.5049212,42.5005264,18.2107162,42.5101585,18.2168465
10600015023,15,6,23,حي القابل,Al Qabil Dist.,18.2238141,42.4978509,42.4947243,18.2202377,42.5001297,18.2276783
10600015024,15,6,24,حي الفيصلية,Al Faisaliyah Dist.,18.2205385,42.4942525,42.488884,18.2170563,42.4970627,18.2257309
10600015025,15,6,25,حي الخالدية,Al Khalidiyah Dist.,18.2263381,42.4788133,42.4674873,18.2182922,42.4893112,18.234375
10600015026,15,6,26,حي العرين,Al Arin Dist.,18.2375945,42.5362675,42.51614,18.2181625,42.5639821,18.2520876
10600015027,15,6,27,حي البديع,Al Badi Dist.,18.2205398,42.6054092,42.5854063,18.2064646,42.6141813,18.2413666
10600015028,15,6,28,حي الصفا,Al Safa Dist.,18.2237185,42.5734849,42.5561077,18.2036661,42.590772,18.2411968
10600015029,15,6,29,حي ج 35,C 35 Dist.,18.1821286,42.4624798,42.430965,18.1631276,42.4785963,18.2101465
10600015030,15,6,30,حي المقضى,Al Magda Dist.,18.241437,42.4386243,42.4139119,18.224,42.4562188,18.2575527
10600015031,15,6,31,حي التعاون,At Taawun Dist.,18.2615737,42.4498145,42.4267971,18.2394126,42.4762999,18.2862502
10600015032,15,6,32,حي الوادي,Al Wadi Dist.,18.288425,42.4257602,42.4003971,18.264026,42.4582855,18.3332168
10600015033,15,6,33,حي الروضة,Al Rawdah Dist.,18.2289521,42.6235246,42.6072812,18.2043169,42.6544144,18.2519234
10600015034,15,6,34,حي الفل,Al Fal Dist.,18.1682305,42.6537699,42.6339078,18.1511588,42.6866803,18.1885251
10600015035,15,6,35,حي الروابي,Ar Rawabi Dist.,18.2543581,42.5936913,42.5828492,18.2364792,42.6262616,18.292253
10600015036,15,6,36,حي المطار,Airport Dist.,18.2477241,42.6618521,42.6262616,18.2118848,42.6784792,18.2667853
10600015037,15,6,37,حي المصيف,Al Masif Dist.,18.271675,42.5237018,42.4946149,18.2414702,42.5533597,18.3130212
10600015038,15,6,38,حي سلطانة,Sultanah Dist.,18.2712122,42.6338161,42.609114,18.2519232,42.6530047,18.3050656
10600015039,15,6,39,حي الصناعية,As Sinaiyah Dist.,18.2731686,42.553678,42.5462444,18.2527001,42.579016,18.2930345
10600015040,15,6,40,حي البحيره,Al Bhira Dist.,18.2154837,42.477732,42.466816,18.2048296,42.4909325,18.228157
10600015041,15,6,41,حي العقيق,Al Aqiq  Dist.,18.1939054,42.6123884,42.5951735,18.1828824,42.6377432,18.2059213
10600015042,15,6,42,حي السلام,As Salam Dist.,18.2414948,42.4733084,42.4593344,18.2289049,42.4812167,18.2562811
10600015043,15,6,43,حي الزهور,Az Zuhur Dist.,18.3150031,42.6301038,42.5996762,18.2873173,42.6516352,18.3421288
10600015044,15,6,44,حي المسك,Al Misk Dist.,18.1725634,42.6283626,42.5848895,18.1600219,42.6479143,18.1855513
10600062001,62,6,1,حي الراقي,Al Raqi Dist.,18.3252859,42.7515661,42.7449336,18.3190234,42.7588212,18.3353542
10600062002,62,6,2,حي الأسواق,Al Aswaq Dist.,18.3391463,42.7360018,42.7292722,18.3316153,42.7446979,18.3454647
10600062003,62,6,3,حي الواحة,Al Wahah Dist.,18.3311983,42.6976539,42.6923688,18.3238255,42.7036736,18.3401667
10600062004,62,6,4,حي السد,As Sad Dist.,18.2916907,42.7165153,42.7071129,18.28619,42.7256569,18.2998189
10600062005,62,6,5,حي الجزيرة,Al Jazirah Dist.,18.3134266,42.7215655,42.7115759,18.3103948,42.7305919,18.3186861
10600062006,62,6,6,حي طيب الاسم,Tayib Al Ism Dist.,18.3158831,42.7037141,42.69568,18.30591,42.7106808,18.3263689
10600062007,62,6,7,حي الزهور,Az Zuhur Dist.,18.2937436,42.7376621,42.7325843,18.28498,42.7402356,18.3024514
10600062008,62,6,8,حي الروضة,Ar Rawdah Dist.,18.2980448,42.728444,42.7266039,18.2929611,42.7301194,18.3015305
10600062009,62,6,9,حي المنتزه,Al Muntazah Dist.,18.3042955,42.7214295,42.7147,18.2998189,42.726284,18.3067066
10600062010,62,6,10,حي ضمك,Damak Dist.,18.2870383,42.7292397,42.7223848,18.2819482,42.7324016,18.2932679
10600062011,62,6,11,حي الخزان,Al Khazzan Dist.,18.2971382,42.7234624,42.7179415,18.2923079,42.7270206,18.3003573
10600062012,62,6,12,حي الخالدية,Al Khalidiyah Dist.,18.3034598,42.7276863,42.7230003,18.3001653,42.7304058,18.3064153
10600062013,62,6,13,حي الفتح,Al Fath Dist.,18.32167,42.7369902,42.7322093,18.3160036,42.7446245,18.3318297
10600062014,62,6,14,حي النهضة,An Nahdah Dist.,18.3240434,42.7424936,42.7363993,18.3168752,42.7489923,18.3316855
10600062015,62,6,15,حي شباعة,Shubaah Dist.,18.317632,42.7235976,42.7041204,18.3114235,42.7351166,18.3253998
10600062016,62,6,16,حي المعزاب,Al Mizab Dist.,18.3115584,42.7101779,42.7034456,18.306517,42.71867,18.3187129
10600062017,62,6,17,حي المثناة,Al Mathnah Dist.,18.2910975,42.7321538,42.7295393,18.2820511,42.7368949,18.3017219
10600062018,62,6,18,حي المعمورة,Al Mamurah Dist.,18.3271473,42.7221855,42.7135793,18.3230811,42.7335073,18.331764
10600062019,62,6,19,حي النسيم,Al Naseem Dist.,18.292439,42.7614195,42.752343,18.2837108,42.7681052,18.3001843
10600062020,62,6,20,حي شكر,Shakar Dist.,18.2873955,42.7483157,42.7421184,18.2830804,42.755534,18.2943383
10600062021,62,6,21,حي النزهة,An Nuzhah Dist.,18.2790783,42.737334,42.7324016,18.2735484,42.7421974,18.2839237
10600062022,62,6,22,حي عتود,Atud Dist.,18.3023869,42.7072963,42.7024958,18.297406,42.7179415,18.3072357
10600062023,62,6,23,حي ال هميلة,Al Humaylah Dist.,18.308596,42.7166105,42.7110799,18.3059589,42.7203407,18.3104581
10600062024,62,6,24,حي العرق الجنوبي,Al Irq Al Janubi Dist.,18.3040095,42.7332995,42.730008,18.3014845,42.738395,18.3073952
10600062025,62,6,25,حي الصقور,As Suqur Dist.,18.3029117,42.7638763,42.7579186,18.2971535,42.7686951,18.3071692
10600062026,62,6,26,حي البوادي,Al Bawadi Dist.,18.3021702,42.7538484,42.7514422,18.2944655,42.7595249,18.3074056
10600062027,62,6,27,حي النخيل,Al Nakhil Dist.,18.2977138,42.7494458,42.74553,18.29183,42.7526029,18.3045982
10600062028,62,6,28,حي ام سرور,Umm Surur Dist.,18.2946799,42.7413044,42.7384015,18.2873042,42.7470186,18.3034079
10600062029,62,6,29,حي الشرفية,Ash Sharafiyah Dist.,18.3056044,42.7428884,42.7371948,18.3024514,42.7515628,18.3074803
10600062030,62,6,30,حي الربيع,Ar Rabie Dist.,18.3089407,42.6910549,42.6837924,18.3022868,42.6958015,18.3233952
10600062031,62,6,31,حي قمبر,Qambar Dist.,18.3098598,42.7248964,42.7193246,18.3085274,42.7290899,18.3125714
10600062032,62,6,32,حي السلام,As Salam Dist.,18.3078182,42.7243635,42.7202693,18.3057245,42.7296078,18.3096726
10600062033,62,6,33,حي العرق الشمالي,Al Irq Ash Shamali Dist.,18.3117365,42.7327609,42.7276806,18.3063336,42.7371948,18.3164686
10600062034,62,6,34,حي الدوحة,Ad Dawhah Dist.,18.3128117,42.7398141,42.7351166,18.3073952,42.7451818,18.3166291
10600062035,62,6,35,حي العزيزية,Al Aziziyah Dist.,18.3125079,42.7507973,42.744184,18.3071796,42.7575958,18.3199901
10600062036,62,6,36,حي القافلة,Al Qafilah Dist.,18.3133229,42.6962176,42.6903086,18.3048475,42.7006334,18.3247329
10600062037,62,6,37,مخطط الموسى,Al Musa Subdivision Plan,18.3227925,42.7669037,42.7498443,18.3064622,42.7813225,18.3419251
10600062038,62,6,38,سكن القاعدة الجوية,Airforce Housing,18.2651972,42.8074395,42.7792059,18.2514723,42.8384482,18.2963089
10600062039,62,6,39,حي الرونه,Ar Runah Dist.,18.2386662,42.8030069,42.7833885,18.2233079,42.8195504,18.2591064
10600062040,62,6,40,حي الشفاء,Ash Shifa Dist.,18.2620292,42.72224,42.7139538,18.2520813,42.745646,18.2820511
10600062041,62,6,41,حي ذلالة,Dhalalah Dist.,18.2467328,42.7459471,42.734783,18.2314674,42.7621268,18.2569367
10600062042,62,6,42,حي الرصراص 2,Ar Rasras 2 Dist.,18.2529198,42.7793607,42.7737189,18.2450392,42.7901662,18.2610517
10600062043,62,6,43,سكن المدينة العسكرية,Military City Housing,18.2239412,42.7823317,42.7615156,18.2170147,42.7978662,18.237011
10600062044,62,6,44,سكن مجموعة اللواء الرابع عشر,14th Brigade Housing,18.2491104,42.846974,42.8296134,18.229734,42.866204,18.27046
10600062046,62,6,46,حي الجامعيين,Al Jamiyin Dist.,18.3059473,42.6672695,42.6565983,18.2930754,42.6780696,18.3249611
10600062047,62,6,47,حي الوسام,Al Wasam Dist.,18.3448267,42.7715994,42.7537505,18.3315428,42.7828127,18.3598194
10600062048,62,6,48,حي اليرموك,Al Yarmuk Dist.,18.3392799,42.7547871,42.7493997,18.3283967,42.7686157,18.3531821
10600062049,62,6,49,حي الحرابى,Al Harabi Dist.,18.2502372,42.7417268,42.7270558,18.2422151,42.7498572,18.261345
10600062050,62,6,50,حي شكر,Shokor Dist.,18.232739,42.7351884,42.7217393,18.2154907,42.7481826,18.2428417
10600062051,62,6,51,حي الحمراء,Al Hamra Dist.,18.246816,42.7164005,42.7082255,18.2309639,42.7298448,18.2537071
10600062052,62,6,52,حي الهرير الغربى,Al Harir Western Dist.,18.2340393,42.7634902,42.7478227,18.2302087,42.7837249,18.2502288
10600062053,62,6,53,حي المراث,Al Marath Dist.,18.2303425,42.7690346,42.762602,18.2235104,42.7750683,18.2329869
10600062054,62,6,54,حي الظرفة,Al Dhurfah Dist.,18.2929284,42.6982828,42.682467,18.2784319,42.7121693,18.3063205
10600062055,62,6,55,حي تارة,Tara Dist.,18.2723903,42.6832143,42.664156,18.2521381,42.6916823,18.2930887
10600062056,62,6,56,حي النجاح,An Najah Dist.,18.2346675,42.696851,42.6779373,18.2209875,42.7082255,18.2525624
10600062057,62,6,57,حي الجبل,Al Jabal Dist.,18.2489383,42.6729865,42.6650562,18.2332493,42.6867257,18.2644421
10600062058,62,6,58,حي شمال التضامن,Shamal At Tadamun Dist.,18.3461959,42.6935309,42.6832522,18.3365032,42.7098115,18.3636132
10600062059,62,6,59,حي نشوان,Nashwan Dist.,18.3399828,42.7296297,42.7155346,18.3332449,42.734494,18.3500813
10600062060,62,6,60,حي المصيف,Al Masif Dist.,18.2854447,42.6587703,42.6474425,18.2673594,42.6718465,18.2937972
10600062061,62,6,61,حي الصناعية,As Sinaiyah Dist.,18.3950216,42.695891,42.6848361,18.3786122,42.7111798,18.4105787
10600062062,62,6,62,حي الوفاء,Al Wafa Dist.,18.3358682,42.74746,42.7388388,18.3256475,42.7573801,18.349536
10600062063,62,6,63,حي التعاون,At Taawun Dist.,18.3566906,42.71633,42.7078303,18.3442101,42.728785,18.3636881
10600062064,62,6,64,حي أحد,Uhud Dist.,18.2147437,42.7149972,42.6930528,18.1845197,42.7349215,18.2406502
10600062065,62,6,65,حي شعب ذهبان,Shaab Dhahban Dist.,18.271712,42.75885,42.7487826,18.2634749,42.7706893,18.2814103
10600062066,62,6,66,حي ذهبان الغربى,Western Dhahban Dist.,18.2711353,42.743765,42.737031,18.2615777,42.7492068,18.2776914
10600062067,62,6,67,حي ذهبان الشرقى,Eastern Dhahban Dist.,18.2700189,42.7551726,42.7439569,18.2633952,42.7622054,18.2794233
10600062068,62,6,68,حي الرصراص 1,Ar Rasras 1 Dist.,18.2601745,42.7646768,42.7492043,18.2555093,42.7777885,18.2646368
10600062069,62,6,69,حي الوقواق,Al Waqwaq Dist.,18.2564865,42.7554266,42.7454677,18.2521689,42.7617076,18.2634508
10600062070,62,6,70,حي الهرير الشرقى,Al Harir Al Sharqi Dist.,18.2469603,42.7767419,42.766374,18.237011,42.7846295,18.2517229
10600062071,62,6,71,حي الوقبة,Al Waqba Dist.,18.2547039,42.7698625,42.7588889,18.2463094,42.7768937,18.2602668
10600062072,62,6,72,حي مصلوم,Masloum Dist.,18.3300578,42.7105317,42.70343,18.3244845,42.7148152,18.333841
10600065001,65,6,1,حي الخالدية,Al Khalidiyah Dist.,18.1685697,42.8313665,42.8257309,18.1628615,42.838221,18.1764345
10600065002,65,6,2,حي الزيتون,Az Zaytun Dist.,18.1807687,42.851911,42.8508242,18.1740584,42.8611795,18.1872448
10600065003,65,6,3,حي العزيزية,Al Aziziyah Dist.,18.175727,42.8228471,42.8048682,18.15967,42.8283154,18.1846773
10600065004,65,6,4,حي السلامة,As Salamah Dist.,18.1921688,42.8286732,42.8164142,18.1788098,42.8396419,18.2071039
10600065005,65,6,5,حي النهضة,An Nahdah Dist.,18.1807238,42.8450408,42.8373573,18.1724238,42.8536719,18.1921536
10600065006,65,6,6,حي وسط البلد,Down Town Dist.,18.1758643,42.8363823,42.8258764,18.1659013,42.846984,18.1834429
10600065007,65,6,7,حي الورود,Al Wurud Dist.,18.1636179,42.8462648,42.8375737,18.156632,42.8607043,18.1757909
10600065008,65,6,8,حي الزهور,Az Zuhur Dist.,18.1503059,42.8439545,42.8401758,18.1434623,42.8479548,18.1567176
10600065009,65,6,9,حي صفوان,Safwan Dist.,18.2101588,42.8190246,42.8128848,18.2024719,42.8271197,18.2185842
10600065010,65,6,10,حي الصالحية,As Salhiyah Dist.,18.21439,42.8435051,42.8281952,18.2045852,42.8473842,18.2228676
10600065011,65,6,11,حي المصيف,Al Masif Dist.,18.210562,42.8273147,42.8188138,18.2054432,42.8355844,18.2178121
10600065012,65,6,12,حي الخليج,Al Khalij Dist.,18.186121,42.8193772,42.8024211,18.1755435,42.8260542,18.1951531
10600065013,65,6,13,حي الرونه,Ar Runah Dist.,18.2261564,42.8198475,42.8017816,18.2095725,42.8370719,18.2356657
10600065014,65,6,14,المدينة العسكرية,Military City,18.2092237,42.795885,42.7815246,18.1768132,42.8205176,18.2242798
10600065015,65,6,15,حي الروضه 1,Ar Rawdah 1 Dist.,18.2247728,42.8686474,42.8518437,18.2094812,42.8794326,18.2400352
10600256001,256,6,1,حي التعاون,Al Taawun Dist.,18.6176324,43.2005008,43.1914679,18.5977934,43.2072617,18.6389004
10600256002,256,6,2,حي النزهة,Al Nuzhah Dist.,18.5637462,43.2005868,43.1927664,18.5494126,43.2081336,18.5766913
10600256003,256,6,3,حي النهضة,Al Nahdah Dist.,18.5786789,43.1973336,43.1869495,18.5713538,43.2080982,18.5981257
10600256004,256,6,4,حي الخالدية,Al Khalidiyah Dist.,18.5239538,43.2074991,43.1860132,18.5126949,43.2143388,18.5334194
10600256005,256,6,5,حي الفاخرية,Al Fakhriyah Dist.,18.5221339,43.2283465,43.2126742,18.5115923,43.2496116,18.5296244
10600256006,256,6,6,حي الصفاء,Al Safa Dist.,18.6354564,43.2099315,43.1987634,18.6227947,43.2179663,18.6447576
10600256007,256,6,7,حي العليا,Al Olaya Dist.,18.6089678,43.2143964,43.2049502,18.5981257,43.2217307,18.6271236
10600256008,256,6,8,حي المنهل,Al Manhal Dist.,18.5863933,43.2203875,43.2072617,18.5742641,43.2334033,18.5987703
10600256009,256,6,9,حي العروبة,Al Urubah Dist.,18.5439993,43.2112511,43.1945553,18.529634,43.2168397,18.560359
10600256010,256,6,10,حي الملك فهد,King Fahd Dist.,18.5384912,43.23547,43.2251188,18.5242547,43.248833,18.5586379
10600256011,256,6,11,حي الروضة,Al Rawdah Dist.,18.5654151,43.2214833,43.2060462,18.556944,43.2402704,18.5753757
10600256012,256,6,12,حي المروج,Al Muruj Dist.,18.5435813,43.2216045,43.2143198,18.5260658,43.2351986,18.5623415
10600256013,256,6,13,حي الصناعية,Al Sinaiyah Dist.,18.5232683,43.1776821,43.1738177,18.5178958,43.1833224,18.5280334
10600256014,256,6,14,حي النسيم,Al Naseem Dist.,18.5443398,43.1971306,43.1845931,18.5282736,43.204685,18.5514104
10601294001,1294,6,1,حي النهضة,An Nahdah Dist.,19.1182172,41.9131103,41.904901,19.1076659,41.9246671,19.1325928
10601294002,1294,6,2,حي الخليج,Al Khalij Dist.,19.0893023,41.9343708,41.928359,19.0778872,41.9543617,19.0981414
10601294003,1294,6,3,حي الفيصلية,Al Faisaliyah Dist.,19.0911086,41.9292308,41.9200618,19.0864659,41.9357103,19.1051851
10601294004,1294,6,4,حي التقدم,At Taqadom Dist.,19.1353995,41.9161065,41.909496,19.1313811,41.9208448,19.1374982
10601294005,1294,6,5,حي الشرق,Ash Sharq Dist.,19.1060246,41.9193741,41.9166525,19.0980022,41.9295291,19.1103584
10601294006,1294,6,6,حي الاندلس,Al Andalus Dist.,19.104605,41.9418648,41.9269824,19.0909429,41.9637354,19.1185612
10601294007,1294,6,7,حي النسيم,Al Naseem Dist.,19.1277799,41.9372268,41.9308451,19.115089,41.9528288,19.1338413
10601294008,1294,6,8,حي الخالدية,Al Khalidiyah Dist.,19.1270059,41.9324238,41.9205993,19.1174057,41.9381955,19.1322382
10601294009,1294,6,9,حي الروضة,Ar Rawdah Dist.,19.1331454,41.9287408,41.9196281,19.1304446,41.9434859,19.1488254
10601294010,1294,6,10,حي العدالة,Al Adalah Dist.,19.1161627,41.9365688,41.9220777,19.1076562,41.9421719,19.120033
10601294011,1294,6,11,حي الربيع,Ar Rabie Dist.,19.1330792,41.9102766,41.8955892,19.1206181,41.9206813,19.1488254
10601294012,1294,6,12,حي الصناعية,As Sinaiyah Dist.,19.1099167,41.90746,41.8897763,19.0938044,41.9252892,19.1262407
10601443001,1443,6,1,حي الخزان,Al Khazzan Dist.,19.5518914,43.5181402,43.5133631,19.54234,43.523754,19.5620559
10601443002,1443,6,2,حي الزهور,Az Zuhur Dist.,19.5367032,43.5215115,43.5150873,19.5288919,43.529113,19.5434662
10601443003,1443,6,3,حي النخيل,Al Nakhil Dist.,19.5181721,43.5097192,43.5023436,19.497958,43.5160837,19.53335
10601443004,1443,6,4,حي الوجه,Al Wajh Dist.,19.5469945,43.5089488,43.4997233,19.5321482,43.5159621,19.5624502
10601443005,1443,6,5,حي الغزالة,Al Ghazalah Dist.,19.5437939,43.498137,43.4803365,19.5271506,43.5056839,19.5543248
10601443006,1443,6,6,حي الحجاز,Al Hijaz Dist.,19.5206246,43.4992498,43.4723117,19.4973736,43.5072394,19.5333928
10601443007,1443,6,7,حي الفاخرية,Al Fakhriyah Dist.,19.5265214,43.5445084,43.5353917,19.5196879,43.5504653,19.5313948
10601443008,1443,6,8,حي الخالدية,Al Khalidiyah Dist.,19.5279696,43.5326496,43.527651,19.519853,43.5412191,19.5356236
10601443009,1443,6,9,حي العزيزية,Al Aziziyah Dist.,19.5123358,43.5375906,43.525177,19.4981602,43.5503983,19.5252266
10601443010,1443,6,10,حي المدينة,Al Madinah Dist.,19.5164306,43.5178044,43.5063514,19.5014231,43.5296216,19.5322256
10601443011,1443,6,11,حي التعاون,At Taawun Dist.,19.514524,43.5667647,43.55013,19.5097086,43.5824472,19.5196881
10601443012,1443,6,12,الطويفح,Al Tuwaifah,19.6374917,43.5050091,43.4940856,19.6352739,43.5095036,19.6437928
10601443013,1443,6,13,الجربوعية,Al Jarboeyyah,19.6470986,43.4916763,43.4788707,19.6400783,43.5030237,19.6531734
10601443014,1443,6,14,القوزية,Al Quoziyah,19.658291,43.5178399,43.5106003,19.6534753,43.527346,19.6678524
10601443015,1443,6,15,آل قير,Al Qeer,19.6494544,43.5189664,43.5139461,19.6362094,43.5290763,19.6556156
10601514001,1514,6,1,حي الصواير,As Sawaer Dist.,19.9259071,42.6541946,42.6437401,19.896161,42.6804856,19.9372534
10601514002,1514,6,2,حي الرمال,Ar Rimal Dist.,19.8800201,42.6668419,42.6433978,19.8558275,42.6791066,19.8992245
10601514003,1514,6,3,حي الاندلس,Al Andalus Dist.,19.8824489,42.6400432,42.6289063,19.8589817,42.6455627,19.8996043
10601514004,1514,6,4,حي الخزان,Al Khazzan Dist.,20.0336982,42.6874787,42.6602547,20.023377,42.7193836,20.0927655
10601514005,1514,6,5,حي الربوة,Ar Rabwah Dist.,20.0459081,42.6573138,42.6413209,20.0337621,42.6832488,20.0885891
10601514006,1514,6,6,حي الفيحاء,Al Fayha Dist.,20.1172239,42.6402926,42.5987528,20.0475094,42.6823011,20.1527989
10601514007,1514,6,7,حي الخزامى,Al Khuzama Dist.,20.0148321,42.6205554,42.6053155,20.0006937,42.6322895,20.0275556
10601514008,1514,6,8,حي الفهد,Al Fahd Dist.,19.9987637,42.603666,42.5917892,19.986526,42.6179147,20.010261
10601514009,1514,6,9,حي الفيصلية,Al Faisaliyah Dist.,20.0319066,42.5647805,42.5245534,20.0080464,42.5896564,20.0467091
10601514010,1514,6,10,حي النخيل,Al Nakhil Dist.,20.0230452,42.5909501,42.5689077,19.9954186,42.6197899,20.0485027
10601514011,1514,6,11,حي الورود,Alwurud Dist.,20.0809171,42.6833361,42.670268,20.0680735,42.7044893,20.105923
10601514012,1514,6,12,حي التضامن,Al Tadamun Dist.,20.0574887,42.550032,42.5194341,20.0374409,42.5827528,20.0755321
10601514013,1514,6,13,حي النهضة,An Nahdah Dist.,20.130394,42.6325063,42.5822095,20.0456971,42.6618713,20.1743687
10601514014,1514,6,14,حي الريان,Ar Rayyan Dist.,20.0178712,42.6893874,42.6644413,20.0007951,42.7175256,20.0303435
10601514015,1514,6,15,حي الربيع,Ar Rabie Dist.,19.996403,42.6694593,42.6434938,19.9254527,42.7141032,20.012388
10601514016,1514,6,16,حي الروضة,Ar Rawdah Dist.,20.0721959,42.6394793,42.6110728,20.0396064,42.670268,20.1057053
10601514017,1514,6,17,حي الزهور,Az Zuhur Dist.,20.1097964,42.6569367,42.6500601,20.0885891,42.6880563,20.1211204
10601514018,1514,6,18,حي البوادي,Al Bawadi Dist.,19.9598829,42.5445146,42.5290663,19.9313575,42.5690192,20.0300375
10601514019,1514,6,19,حي الملك عبدالله,King Abdullah Dist.,19.9766744,42.5929603,42.5804028,19.9518424,42.6077084,19.997347
10601514020,1514,6,20,حي المطار,Airport Dist.,19.9804137,42.6298498,42.6034326,19.9372534,42.655837,20.0195083
10601514021,1514,6,21,حي الصفا,As Safa Dist.,20.0232437,42.6639531,42.6449398,20.0080007,42.6788971,20.0346065
10601514022,1514,6,22,حي النسيم,Al Naseem Dist.,20.0307328,42.6406009,42.6135017,20.0157021,42.6583643,20.0463902
10601514023,1514,6,23,حي النزهة,An Nuzhah Dist.,19.8770498,42.5816088,42.561258,19.8610378,42.6164144,19.9157953
10601514024,1514,6,24,حي الصناعية,As Sinaiyah Dist.,19.8831379,42.6161006,42.6132014,19.8602598,42.6302038,19.9000325
10601514025,1514,6,25,حي الشفاء,Ash Shifa Dist.,19.9350372,42.6223474,42.6055948,19.8992245,42.6452308,19.9489279
10601514026,1514,6,26,حي الوادي,Al Wadi Dist.,19.8891146,42.5625163,42.5376502,19.8659535,42.588121,19.9116898
10601514027,1514,6,27,حي الامير سلطان,Prince Sultan Dist.,19.9345011,42.5982297,42.5889233,19.9103515,42.610966,19.9552675
10601514028,1514,6,28,حي المروج,Al Muruj Dist.,19.9563239,42.5638414,42.5448515,19.9067975,42.5913918,20.0079758
10601627001,1627,6,1,حي الواحة,Al Wahah Dist.,19.6287869,41.9971448,41.9891653,19.6130387,42.0265415,19.6468008
10601627002,1627,6,2,حي الربوة,Ar Rabwah Dist.,19.625903,41.9701697,41.9594625,19.6140444,41.9891653,19.6429872
10601627003,1627,6,3,حي الشاطئ,Ash Shati Dist.,19.5633005,41.9713413,41.951615,19.5453708,41.9846917,19.5801301
10601627004,1627,6,4,حي الروضة,Ar Rawdah Dist.,19.5787227,41.9809525,41.9609181,19.544699,42.0047848,19.5950853
10601627005,1627,6,5,حي الخضراء,Al Khadra Dist.,19.5359674,41.9432502,41.9298515,19.5224388,41.9486911,19.5456838
10601627006,1627,6,6,حي الروابي,Ar Rawabi Dist.,19.5255363,41.967946,41.9478829,19.5135798,41.9817457,19.5360653
10601627007,1627,6,7,حي الاندلس,Al Andalus Dist.,19.6412554,41.9802966,41.960073,19.6268495,41.9963893,19.6516248
10601627008,1627,6,8,حي العزيزية,Al Aziziyah Dist.,19.590631,41.9546726,41.9409116,19.5715199,41.9635157,19.5983853
10601627009,1627,6,9,حي الخالدية,Al Khalidiyah Dist.,19.5420777,41.9464145,41.9418866,19.5194404,41.9580175,19.5665848
10601627010,1627,6,10,حي المنتزه,Al Muntazah Dist.,19.5709191,41.9484793,41.9389793,19.5631595,41.9588148,19.5764848
10601627011,1627,6,11,حي الفيصلية,Al Faisaliyah Dist.,19.6043794,41.9569496,41.9504104,19.5964682,41.9703612,19.6169425
10601627012,1627,6,12,حي العروبة,Al Urubah Dist.,19.5987515,41.9718434,41.9617871,19.5885933,41.9779656,19.6064815
10601627013,1627,6,13,حي الشرق,Ash Sharq Dist.,19.5277042,41.9778969,41.9717658,19.5215152,42.0012024,19.5452439
10601627014,1627,6,14,حي الربيع,Ar Rabie Dist.,19.6099272,41.9786359,41.9693583,19.6006559,41.9971861,19.6268495
10601627015,1627,6,15,حي الصفح,Al Safh Dist.,19.5408694,41.9700176,41.9650795,19.5360653,41.9851116,19.5455936
10601627016,1627,6,16,حي الجزيرة,Al Jazirah Dist.,19.5440174,41.9586656,41.9516116,19.5322717,41.9717658,19.5494169
10601627017,1627,6,17,حي الامل,Al Amal Dist.,19.6180225,41.9642481,41.9522467,19.6088513,41.973277,19.6243805
10601801001,1801,6,1,حي النسيم,Al Naseem Dist.,18.5769083,42.0253161,42.0143493,18.5658697,42.0356044,18.5909347
10601801002,1801,6,2,حي المنتزة,Al Montazah Dist.,18.5110196,42.0219309,42.0051382,18.4736911,42.0583471,18.5321758
10601801003,1801,6,3,حي الجنادرية,Al Janadriyah Dist.,18.5253767,42.0384703,42.029182,18.5115618,42.0619194,18.5392311
10601801004,1801,6,4,حي النزهة,An Nuzhah Dist.,18.5514126,42.0544788,42.0491891,18.5407556,42.0661488,18.5581076
10601801005,1801,6,5,حي الحيلة الشرقي,Al Haylah Ash Sharqi Dist.,18.497037,42.088232,42.0634202,18.4766914,42.0992171,18.5151892
10601801006,1801,6,6,حي المقاعد,Al Maqaiid Dist.,18.5145347,42.1064204,42.0861818,18.5042035,42.1234006,18.5246934
10601801007,1801,6,7,حي الظهرة,Adh Dhahrah Dist.,18.5279402,42.1026482,42.0825069,18.5202439,42.1214632,18.5377119
10601801008,1801,6,8,حي الشهد,Ash Shahd Dist.,18.5390022,42.0499575,42.0402084,18.5337178,42.0557743,18.5422331
10601801009,1801,6,9,حي الفيصلية,Al Faisaliyah Dist.,18.5472375,42.0420516,42.0367359,18.5392311,42.0462654,18.5553768
10601801010,1801,6,10,حي الحيلة الغربي,Al Haylah Al Gharbi Dist.,18.4997814,42.058386,42.0432587,18.4840742,42.0659763,18.5103656
10601801011,1801,6,11,حي الخالدية,Al Khalidiyah Dist.,18.5510765,42.0221347,42.006231,18.531573,42.0437766,18.5706293
10601801012,1801,6,12,حي الروضة,Ar Rawdah Dist.,18.522224,42.0231127,42.0084605,18.5081293,42.0355909,18.53898
10601801013,1801,6,13,حي البصرة,Al Basrah Dist.,18.5125616,42.0477047,42.0292569,18.5018221,42.0655559,18.5209901
10601801014,1801,6,14,حي الضرس,Ad Dirs Dist.,18.5429863,42.0783214,42.0627373,18.5373986,42.0890533,18.5580741
10601801015,1801,6,15,حي البديع,Al Badi Dist.,18.5414679,42.0563541,42.0545306,18.5361907,42.0648722,18.5439145
10601801016,1801,6,16,حي الزهراء,Az Zahra Dist.,18.5887964,42.0361799,42.0265623,18.5542364,42.0512451,18.6026515
10601801017,1801,6,17,حي البلد,Al Balad Dist.,18.5474468,42.0495046,42.0437766,18.5413749,42.0550465,18.557394
10601801018,1801,6,18,حي السلامة,As Salamah Dist.,18.5224813,42.0760893,42.0557743,18.5030648,42.091519,18.5407556
10601801019,1801,6,19,حي الوعد,Al Waad Dist.,18.5606646,42.0617381,42.0528555,18.552741,42.0705567,18.5760174
10601847001,1847,6,1,حي الريحان,Ar Raihan Dist.,18.314079,42.3776247,42.3413359,18.3051629,42.4003971,18.3274483
10601847002,1847,6,2,حي السودة,As Suda Dist.,18.2771301,42.4021031,42.3522314,18.2562446,42.4322475,18.3141631
10601847003,1847,6,3,حي المقضى,Al Magda Dist.,18.2487113,42.4100944,42.3869662,18.2323165,42.4300766,18.2633923
10601847004,1847,6,4,حي ج 34,C 34 Dist.,18.2274988,42.4164705,42.3915319,18.2003529,42.4480632,18.2406031
10601847005,1847,6,5,حي ج 35,C 35 Dist.,18.1761598,42.4228887,42.4100285,18.1602556,42.4439191,18.2048923
10602519001,2519,6,1,حي المطل,Al Matl Dist.,19.1301948,42.1213393,42.1136997,19.1172108,42.1301371,19.1450035
10602519002,2519,6,2,حي الضباب,Ad Dabab Dist.,19.1175299,42.1230804,42.1196272,19.1123802,42.128848,19.1231582
10602519003,2519,6,3,حي المروج,Al Muruj Dist.,19.109017,42.1257755,42.1239063,19.1036625,42.1294463,19.1134851
10602519004,2519,6,4,حي السروات,As Sarawat Dist.,19.1083324,42.1231584,42.1208286,19.1024837,42.1260081,19.1130614
10602519005,2519,6,5,حي الفيصلية,Al Faisaliyah Dist.,19.1378141,42.143628,42.1330017,19.1295777,42.1647096,19.1513326
10602519006,2519,6,6,حي السد,As Sad Dist.,19.1032677,42.1487061,42.1259842,19.0788243,42.1646964,19.1157815
10602519007,2519,6,7,حي الصديق,As Sediq Dist.,19.1160559,42.1379249,42.1284997,19.1111876,42.1444244,19.1247152
10602519008,2519,6,8,حي الشروق,Ash Shuruq Dist.,19.110205,42.1618887,42.1531252,19.1029131,42.1684507,19.1148717
10602519009,2519,6,9,حي الفاروق,Al Farouq Dist.,19.0970897,42.1613734,42.156411,19.0827311,42.1716922,19.1041687
10602519010,2519,6,10,حي السلام,As Salam Dist.,19.1286323,42.1356859,42.1293086,19.1217695,42.1412006,19.1335763
10602519011,2519,6,11,حي بلال,Bilal Dist.,19.1399221,42.130307,42.1184525,19.1309052,42.1380517,19.1465134
10602519012,2519,6,12,حي النسيم,Al Naseem Dist.,19.1225167,42.1522614,42.1388074,19.1110524,42.1682626,19.1369226
10602519013,2519,6,13,حي النزهة,An Nuzhah Dist.,19.093934,42.1255172,42.119041,19.0855964,42.1342814,19.0975845
10602519014,2519,6,14,حي الاندلس,Al Andalus Dist.,19.1548479,42.1214068,42.1110013,19.1450096,42.1277145,19.167563
10602519015,2519,6,15,حي الزهور,Az Zuhur Dist.,19.1519971,42.1347571,42.1236676,19.1409549,42.1620543,19.1628711
10602519016,2519,6,16,حي اليمامة,Al Yamamah Dist.,19.0691807,42.1519305,42.1315675,19.0540531,42.1719216,19.0857055
10602968001,2968,6,1,حي الريحان,Ar Raihan Dist.,18.3502977,42.3714077,42.3376525,18.3196886,42.3985339,18.3734751
10603273001,3273,6,1,حي الامل,Al Amal Dist.,18.9382383,42.2028173,42.1847875,18.9205986,42.2197841,18.9570083
10603273002,3273,6,2,حي السلام,As Salam Dist.,18.9716865,42.1603783,42.1413928,18.954448,42.1741932,18.9927615
10603273003,3273,6,3,حي الشفاء,Ash Shifa Dist.,18.9148575,42.1724454,42.153535,18.9005224,42.1810118,18.9275464
10603273004,3273,6,4,حي الشلال,Al Shlal Dist.,18.9539458,42.1787054,42.1653743,18.9394438,42.1885642,18.9669447
10603273005,3273,6,5,حي الصناعية,As Sinaiyah Dist.,18.9286154,42.241932,42.2343698,18.9192282,42.2492792,18.9345998
10603273006,3273,6,6,حي الضباب,Ad Dabab Dist.,18.9115537,42.1862478,42.1781041,18.8993044,42.201123,18.9271047
10603273007,3273,6,7,حي العزيزية,Al Aziziyah Dist.,18.9447719,42.1711228,42.1598441,18.9355902,42.1868865,18.9573252
10603273008,3273,6,8,حي المستقبل,Al Mustaqbal Dist.,18.9433405,42.2164336,42.2000989,18.9281193,42.2371064,18.9629157
10603273009,3273,6,9,حي المصايف,Al Masyaf Dist.,18.9502529,42.1573561,42.1478654,18.9320014,42.164067,18.9689886
10603273010,3273,6,10,حي النزهة,An Nuzhah Dist.,18.8973634,42.1982263,42.1790526,18.863842,42.2121017,18.9179446
10603273011,3273,6,11,حي النسيم,Al Naseem Dist.,18.9289042,42.1720528,42.1530131,18.9142744,42.1951908,18.9408586
10603273012,3273,6,12,حي النهضة,An Nahdah Dist.,18.9244238,42.2141391,42.1998108,18.9115092,42.2281285,18.9330564
10603275001,3275,6,1,حي الريان,Ar Rayyan Dist.,18.7486825,42.2623689,42.2545639,18.7416421,42.2665654,18.7535791
10603275002,3275,6,2,حي الربيع,Ar Rabie Dist.,18.7754496,42.262265,42.2479697,18.7683552,42.2738797,18.7881363
10603275003,3275,6,3,حي السلامة,As Salamah Dist.,18.7798638,42.2628643,42.2506306,18.7715249,42.2760914,18.7929429
10603275004,3275,6,4,حي الربوة,Al Rabwah Dist.,18.7924192,42.2600142,42.2515013,18.7881705,42.2667661,18.820021
10603275005,3275,6,5,حي البساتين,Al Basatin Dist.,18.8210269,42.2642108,42.2617109,18.8176835,42.2673508,18.8252319
10603275006,3275,6,6,حي السامر,As Samir Dist.,18.7670872,42.2747652,42.2670003,18.7516751,42.2836005,18.7738593
10603275007,3275,6,7,حي الروضة,Ar Rawdah Dist.,18.7599332,42.2755873,42.2658524,18.7450712,42.2895897,18.7753266
10603275008,3275,6,8,حي الزيتون,Az Zaytun Dist.,18.8191824,42.266485,42.2652673,18.8135778,42.2700546,18.8252706
10603275009,3275,6,9,حي السلام,As Salam Dist.,18.7606618,42.2455887,42.2372966,18.7415465,42.2583207,18.7714525
10603275010,3275,6,10,حي الشفا,Ash Shifa Dist.,18.7683104,42.2437399,42.236633,18.7552692,42.2526004,18.7789104
10603275011,3275,6,11,حي الورود,Al Wurud Dist.,18.7591028,42.2651736,42.2529619,18.744115,42.2735575,18.775479
10603275012,3275,6,12,حي العزيزية,Al Aziziyah Dist.,18.7765389,42.2431732,42.2400583,18.7737864,42.2506876,18.7929042
10603275013,3275,6,13,حي الخالدية,Al Khalidiyah Dist.,18.8024968,42.2538802,42.2471705,18.7882554,42.2563825,18.8055373
10603275014,3275,6,14,حي النزهة,An Nuzhah Dist.,18.8040529,42.254606,42.2533785,18.8019731,42.262165,18.8251675
10603275015,3275,6,15,حي السروات,As Sarawat Dist.,18.8020141,42.2452567,42.2399381,18.7908041,42.2508519,18.8180226
10603275016,3275,6,16,حي المنتزه,Al Muntazah Dist.,18.7979225,42.2408309,42.2363021,18.7773444,42.2437317,18.8220718
10603328001,3328,6,1,حي الفهد,Al Fahd Dist.,18.0911802,43.1258323,43.1200229,18.0848678,43.1328133,18.0951155
10603328002,3328,6,2,حي الشفا,Ash Shifa Dist.,18.0815334,43.1365866,43.1328133,18.0756649,43.1395119,18.0848678
10603328003,3328,6,3,حي النور,An Nur Dist.,18.087511,43.1417125,43.1351694,18.0813346,43.1486546,18.0946586
10603328004,3328,6,4,المنطقة الصناعية,Industrial Area,18.0792884,43.1048223,43.0987981,18.0768729,43.107023,18.0818582
10603328005,3328,6,5,حي الربوة,Ar Rabwah Dist.,18.0905275,43.1359065,43.1311297,18.0846384,43.1389279,18.0964611
10603328006,3328,6,6,حي الروضة,Ar Rawdah Dist.,18.081218,43.1311441,43.1263377,18.0756426,43.1342085,18.0849898
10603328007,3328,6,7,حي الخالدية,Al Khalidiyah Dist.,18.0816377,43.1412905,43.1388724,18.0757045,43.1456197,18.0853266
10603381001,3381,6,1,حي الاطلال,Al Atlal Dist.,17.6582053,43.5279347,43.519876,17.6545929,43.5333753,17.6632012
10603381002,3381,6,2,حي الورود,Al Woroud Dist.,17.669931,43.5107377,43.5077762,17.6645534,43.5161673,17.6766529
10603381003,3381,6,3,حي البلد,Al Balad Dist.,17.6615507,43.5042852,43.4895911,17.6558698,43.5162514,17.6693844
10603383001,3383,6,1,حي الربوه,Ar Rabwah Dist.,17.9448493,43.3360318,43.3036797,17.9325071,43.3703078,17.9618017
10603678001,3678,6,1,حي شمال تندحة,North Tandaha Dist.,18.3800706,42.8099088,42.775568,18.3517647,42.8483227,18.4262061
10603678002,3678,6,2,حي وسط تندحة,Centeral Tandaha Dist.,18.3474127,42.8306116,42.8059246,18.3245178,42.8626696,18.366457
10603678003,3678,6,3,حي جنوب تندحة,South Tandaha Dist.,18.3038613,42.8577582,42.8374688,18.2848336,42.8848955,18.3314237
10603689001,3689,6,1,حي الفيصلية,Al Faisaliyah Dist.,18.6355416,42.3117092,42.3064163,18.6304059,42.3223745,18.6416731
10700001001,1,7,1,حي الإسكان,Al Iskan Dist.,28.4835511,36.4602156,36.4558939,28.4762911,36.4781231,28.4937649
10700001002,1,7,2,حي العين,Al Ain Dist.,28.3562046,36.4933276,36.4728024,28.3406434,36.5067019,28.3639786
10700001003,1,7,3,حي الشفا,Al Shifa Dist.,28.3622039,36.482638,36.4641964,28.3528534,36.4935334,28.3755369
10700001004,1,7,4,حي الصفا,Al Safa Dist.,28.376962,36.510347,36.4848698,28.3639541,36.5256749,28.3890921
10700001005,1,7,5,حي الاخضر,Al Akhdar Dist.,28.3626637,36.4969721,36.4936255,28.3545525,36.5170291,28.3692859
10700001006,1,7,6,حي البوادي,Al Bawadi Dist.,28.3631008,36.534177,36.5131891,28.34688,36.5413453,28.3740421
10700001007,1,7,7,حي اليرموك,Al Yarmuk Dist.,28.3539144,36.5021576,36.5015329,28.3412485,36.521791,28.3592842
10700001008,1,7,8,الأحياء الجنوبية,Southern Districts,28.3667308,36.5383424,36.5338943,28.3533367,36.5527049,28.3800035
10700001009,1,7,9,حي النظيم,Al Nadheem Dist.,28.3673203,36.536363,36.5251971,28.3639393,36.544808,28.3875818
10700001010,1,7,10,حي غرب الخالدية,Khalidiyah West Dist.,28.3730089,36.5511074,36.5447509,28.3664652,36.5595744,28.3829483
10700001011,1,7,11,حي البساتين,Al Basatin Dist.,28.3581682,36.5577358,36.5527049,28.3535787,36.5668643,28.3748712
10700001012,1,7,12,حي الحمراء,Al Hamra Dist.,28.3731761,36.5688426,36.560074,28.3516668,36.5791194,28.3764255
10700001013,1,7,13,البلدة القديمة,Down Town,28.3798487,36.5601727,36.5556317,28.3741645,36.5721356,28.388235
10700001014,1,7,14,حي السعادة,Al Saadah Dist.,28.3853877,36.5536985,36.544816,28.3823265,36.5592791,28.3948358
10700001015,1,7,15,حي سلطانة,Sultanah Dist.,28.4030917,36.5903153,36.5769342,28.3922532,36.5982259,28.4131949
10700001016,1,7,16,حي الفيصلية الجنوبية,Faisaliyah South Dist.,28.3919556,36.5768451,36.5707028,28.3840665,36.5861628,28.3973251
10700001017,1,7,17,حي الفيصلية الشمالية,Faisaliyah North Dist.,28.3959792,36.5640294,36.5509505,28.3865874,36.5741993,28.4051101
10700001018,1,7,18,حي النهضة,Al Nahdah Dist.,28.3912194,36.5435199,36.5151472,28.3786199,36.5465589,28.4050653
10700001019,1,7,19,حي الروضة,Al Rawdah Dist.,28.405418,36.5121106,36.5013035,28.3882174,36.5371924,28.4216164
10700001020,1,7,20,حي المصيف الاول,Al Masif 1 Dist.,28.4643457,36.5335162,36.5117922,28.430026,36.5571923,28.4658798
10700001021,1,7,21,حي المروج الثاني,Al Muruj 2 Dist.,28.4336288,36.5636053,36.5464319,28.4194628,36.577256,28.4435344
10700001022,1,7,22,حي الريان,Al Rayan Dist.,28.4610712,36.5529388,36.5377675,28.4480613,36.5727036,28.4791833
10700001023,1,7,23,حي الورود,Al Wurud Dist.,28.4135832,36.5777413,36.5693077,28.4048127,36.5880296,28.4222911
10700001024,1,7,24,مخطط الراجحي,Al Rajhi Subdivision Plan,28.4253098,36.527571,36.5224184,28.3948358,36.561178,28.4305989
10700001025,1,7,25,المدينة الجامعية,University City,28.3863781,36.4874139,36.4516566,28.364559,36.508059,28.4125915
10700001026,1,7,26,حي الفلاح,Al Falah Dist.,28.4656744,36.5344036,36.5283654,28.461492,36.5599154,28.487815
10700001027,1,7,27,حي الزهراء,Al Zahra Dist.,28.3576875,36.5573469,36.5430327,28.3512941,36.5610187,28.3664652
10700001028,1,7,28,حي رايس,Rise Dist.,28.3398435,36.5318904,36.5146364,28.3251191,36.5443586,28.3531463
10700001029,1,7,29,الدوائر الحكومية و,Government Departments Area F,28.4308337,36.5253819,36.5033371,28.4268384,36.5308013,28.4590852
10700001030,1,7,30,الدوائر الحكومية ب,Government Departments Area B,28.4862166,36.5414157,36.5193163,28.4710632,36.5617139,28.5074196
10700001031,1,7,31,الدوائر الحكومية د,Government Departments Area D,28.4684328,36.5031944,36.4999752,28.4575928,36.532728,28.4855405
10700001032,1,7,32,الدوائر الحكومية أ,Government Departments Area A,28.5012037,36.529017,36.4977436,28.4855405,36.544717,28.5338139
10700001033,1,7,33,حي الجامعة,Al Jamiah Dist.,28.4616912,36.4785913,36.4579949,28.4417272,36.5034351,28.4830372
10700001034,1,7,34,الدوائر الحكومية ج,Government Departments Area C,28.4973533,36.5014419,36.4746832,28.4713159,36.5193163,28.5119541
10700001035,1,7,35,الدوائر الحكومية هـ,Government Departments Area E,28.4684848,36.5016395,36.4684366,28.4547322,36.5089446,28.4974047
10700001036,1,7,36,منطقة خاصة,Private Area,28.3739233,36.5688103,36.5644732,28.3696981,36.5820975,28.3808718
10700001037,1,7,37,حي الدفاع,Al Difa Dist.,28.4192192,36.540801,36.5318537,28.4107507,36.5621427,28.4380382
10700001041,1,7,41,حي الندى,Al Nada Dist.,28.4435188,36.5651936,36.5613877,28.4409092,36.5681669,28.446207
10700001042,1,7,42,حي الهجن,Al Hejin Dist.,28.4338167,36.9945738,36.9760289,28.4275807,37.0017912,28.4464806
10700001043,1,7,43,مطــار الامير سلطان بن عبدالعزيز الدولي,Prince Sultan Bin Abdulaziz International Airport,28.3707752,36.6195269,36.58211,28.3409017,36.6836732,28.4018006
10700001044,1,7,44,حي القادسية الثاني,Al Qadisiyah 2 Dist.,28.4390545,36.5026442,36.4783957,28.4273945,36.5199782,28.4546822
10700001045,1,7,45,حى طيبة,Taibah Dist.,28.4137682,36.4411147,36.4353881,28.3851565,36.4684698,28.4239068
10700001046,1,7,46,المنطقة الصناعية,Industrial Area,28.4375972,36.4516926,36.4280303,28.4146828,36.4783957,28.4600786
10700001047,1,7,47,حي القدس,Al Quds Dist.,28.4085169,36.4615107,36.4520539,28.3957102,36.4744506,28.4175308
10700001048,1,7,48,حي التعاون,Al Taawun Dist.,28.4305562,36.4778964,36.4501372,28.4175096,36.4947164,28.4417272
10700001049,1,7,49,حي القادسية الاول,Al Qadisiyah 1 Dist.,28.4250316,36.522254,36.4947868,28.410344,36.5257334,28.4348675
10700001050,1,7,50,حي غرناطة,Ghirnatah Dist.,28.4145575,36.4750324,36.461653,28.4059956,36.4817763,28.422421
10700001051,1,7,51,حي النخيل,Al Nakheel Dist.,28.4196264,36.4939441,36.4780088,28.4054962,36.5013035,28.4274164
10700001052,1,7,52,الاستاد الرياضي,Sports Stadium,28.3942072,36.5011817,36.4840365,28.3841802,36.5139767,28.410344
10700001053,1,7,53,حي الياسمين,Al Yasmin Dist.,28.4198781,36.4528107,36.4439632,28.4142074,36.461653,28.4270355
10700001054,1,7,54,حي السليمانية,Al Sulimaniyah Dist.,28.4055831,36.5739377,36.5639107,28.3984051,36.5822898,28.4133898
10700001055,1,7,55,حي الاشرافية,Al Ishrafiyah Dist.,28.4068307,36.5867505,36.5815538,28.4021016,36.5917662,28.4116065
10700001056,1,7,56,حي السلام,Al Salam Dist.,28.4030089,36.5967664,36.5897154,28.3935066,36.603325,28.4131309
10700001057,1,7,57,حي قرطبة,Qurtubah Dist.,28.3923416,36.5997649,36.5950838,28.3901163,36.6031692,28.3954604
10700001058,1,7,58,حي المروج الثالث,Al Muruj 3 Dist.,28.4178582,36.5619876,36.556891,28.4141332,36.5671383,28.4239656
10700001059,1,7,59,حي المروج الاول,Al Muruj 1 Dist.,28.4169884,36.579499,36.558204,28.4070073,36.598012,28.428479
10700001060,1,7,60,حي الربوة,Ar Rabwah Dist.,28.3910022,36.5936096,36.5861512,28.3871552,36.600493,28.3964755
10700001061,1,7,61,حي المهرجان أ,Al Mahrajan A Dist.,28.3975067,36.5706372,36.5627297,28.3935135,36.578492,28.4052623
10700001062,1,7,62,حي المهرجان ب,Al Mahrajan B Dist.,28.4043202,36.5590333,36.5539888,28.4001036,36.5665382,28.4107847
10700001063,1,7,63,حي الصالحية,As Salhiyah Dist.,28.3961226,36.5508954,36.5465589,28.3914873,36.5571198,28.400858
10700001064,1,7,64,حي العزيزية القديمة,Al Aziziyah Al Qadimah Dist.,28.3861416,36.5658094,36.5623284,28.3842294,36.5691883,28.3897925
10700001065,1,7,65,حي العليا,Al Olaya Dist.,28.3823151,36.5853647,36.5759129,28.3742018,36.5941943,28.3922536
10700001067,1,7,67,حي العزيزيه الجديده,Al Aziziyah Al Jadidah Dist.,28.3852726,36.5703154,36.5666681,28.3808817,36.5771689,28.3894718
10700001068,1,7,68,حي السلمان,As Salman Dist.,28.3819856,36.575778,36.5721213,28.3783433,36.5799804,28.3857183
10700036001,36,7,1,حي الظهرة,Adh Dhahrah Dist.,29.2856026,34.9465864,34.9362205,29.2771022,34.9579941,29.2929444
10700036002,36,7,2,حي اليرموك,Al Yarmuk Dist.,29.282172,34.961277,34.9568994,29.2757301,34.9671392,29.2867979
10700036003,36,7,3,حي السبخة,As Sabkhah Dist.,29.3002646,34.9428176,34.9363615,29.2958498,34.9467057,29.3028036
10700036004,36,7,4,حي البلدة القديمة,Al Balda Al Qadimah Dist.,29.2985985,34.9510747,34.9435936,29.2906246,34.9658947,29.3103078
10700036005,36,7,5,حي الريان,Ar Rayyan Dist.,29.2823016,34.9672364,34.9624888,29.2698615,34.9860114,29.2913442
10700036006,36,7,6,حي المروج1,Al Muruj 1 Dist.,29.2476907,34.9495222,34.9410489,29.2357699,34.9641439,29.2541867
10700036007,36,7,7,حي القادسية,Al Qadisiyah Dist.,29.2729937,34.9350484,34.9303427,29.2664038,34.9422913,29.2804239
10700036008,36,7,8,حي النهضة,An Nahdah Dist.,29.2781442,34.953046,34.9422913,29.2751895,34.9621759,29.2824182
10700036009,36,7,9,حي السلطانيه,Al Sultanih Dist.,29.2180887,34.9139245,34.9070721,29.2059108,34.9401273,29.2303955
10700036010,36,7,10,حي الوصل,Al Wasl Dist.,29.1998615,34.9084482,34.9050947,29.1885487,34.9289243,29.2027739
10700036011,36,7,11,حي المروج 2,Al Muruj 2 Dist.,29.2460173,34.9385133,34.9338909,29.240531,34.9454785,29.2526669
10700036012,36,7,12,حي الفيصلية,Al Faisaliyah Dist.,29.2724534,34.9501139,34.9372415,29.2648189,34.9666555,29.2771022
10700036013,36,7,13,حي جنوب الحميضه,Al Humaydah South Dist.,29.2218998,34.9477873,34.9271799,29.2087262,34.9565126,29.232422
10700036014,36,7,14,حي الوادي,Al Wadi Dist.,29.2311138,34.9496567,34.9415455,29.2149639,34.9670441,29.2418804
10700036015,36,7,15,حي الورود,Al Wurud Dist.,29.2573299,34.9580412,34.9522297,29.251418,34.9661041,29.2659449
10700036016,36,7,16,حي الحميضه,Al Humaydah Dist.,29.2334687,34.9312897,34.9177153,29.2233636,34.9514509,29.2411775
10700036017,36,7,17,حي غرب الظهره,Al Dhahra West Dist.,29.2842679,34.9324194,34.9283904,29.2792675,34.9379,29.2908682
10700036018,36,7,18,حي ج1,C1 Dist.,29.2944558,34.9394282,34.9284778,29.2852609,34.96299,29.3013862
10700036019,36,7,19,حي ام عنم,Um Anam Dist.,29.2588741,34.9400039,34.9357253,29.2516829,34.9540371,29.2675509
10700036020,36,7,20,حي الجامعه,Al Jamiah Dist.,29.2055529,34.9206966,34.9123089,29.1967345,34.9373717,29.2091231
10700074001,74,7,1,حي الصفا,As Safa Dist.,27.618774,38.5173852,38.5125199,27.6134085,38.5230023,27.6259692
10700074002,74,7,2,حي الروضة,Ar Rawdah Dist.,27.6223863,38.5376737,38.5333129,27.6183719,38.5441909,27.6281234
10700074003,74,7,3,حي المنتزه,Al Muntazah Dist.,27.6157494,38.5363215,38.5223511,27.6121121,38.5437336,27.6192441
10700074004,74,7,4,حي الربوة,Ar Rabwah Dist.,27.6250458,38.5280956,38.5224917,27.6188036,38.5338118,27.6281585
10700074005,74,7,5,حي التجاري,At Tijari  Dist.,27.630298,38.5360204,38.5337762,27.6277112,38.5442244,27.634959
10700074006,74,7,6,حي هداج,Haddaj Dist.,27.6427829,38.5573746,38.5474592,27.6308874,38.567255,27.6487268
10700074007,74,7,7,حي القاع,Al Qaa Dist.,27.6281831,38.5580691,38.5485775,27.6217241,38.5662127,27.6320498
10700074008,74,7,8,حي الفاو,Al Faw Dist.,27.6293312,38.5309605,38.5256121,27.6270595,38.5341923,27.6338736
10700074009,74,7,9,حي عكاظ,Uqaz Dist.,27.6197831,38.5646234,38.5545823,27.6084825,38.575846,27.6263685
10700074010,74,7,10,حي الخبراء,Al Khobara Dist.,27.6266852,38.5727076,38.5665713,27.6188619,38.5801745,27.6344515
10700074011,74,7,11,حي الشرق,Ash Sharq Dist.,27.6311681,38.5640798,38.5587905,27.6260298,38.5776334,27.6424469
10700074012,74,7,12,حي الرحمانية,Ar Rahmaniyah Dist.,27.6176835,38.5046296,38.4902031,27.6024753,38.5138259,27.628726
10700074013,74,7,13,حي غرناطة,Ghirnatah Dist.,27.6286941,38.5117148,38.4937076,27.6250904,38.5271927,27.6351038
10700074014,74,7,14,حي الشفاء,Ash Shifa Dist.,27.6116004,38.5223879,38.5114886,27.6043127,38.5428468,27.6141406
10700074015,74,7,15,حي قريان,Qaryan Dist.,27.6265035,38.549024,38.5435323,27.6158178,38.5564034,27.6302783
10700074016,74,7,16,حي النسيم,Al Naseem Dist.,27.6106451,38.549412,38.5425975,27.6031666,38.560496,27.6164672
10700074017,74,7,17,حي المروج,Al Muruj Dist.,27.6392124,38.5305211,38.5160716,27.6312997,38.5402862,27.6474928
10700074018,74,7,18,حي الاندلس,Al Andalus Dist.,27.6159583,38.4730754,38.4577918,27.604618,38.4937076,27.6360861
10700074019,74,7,19,حي الورود,Al Wurud Dist.,27.637916,38.4772381,38.4552703,27.628726,38.4977731,27.6486319
10700074020,74,7,20,حي الحمراء,Al Hamra Dist.,27.63813,38.5444275,38.530004,27.6277112,38.5514382,27.6487465
10700233001,233,7,1,حي الصفا,As Safa Dist.,26.2577587,36.4457389,36.4376353,26.247637,36.4563572,26.2621166
10700233002,233,7,2,حي البلد,Al Balad Dist.,26.231644,36.4576866,36.4510637,26.2258904,36.4651201,26.2378015
10700233003,233,7,3,حي العزيزية,Al Aziziyah Dist.,26.2343703,36.4585676,36.454887,26.2298953,36.4649347,26.2395917
10700233004,233,7,4,حي الخالدية,Al Khalidiyah Dist.,26.2413632,36.4548643,36.4470598,26.2369813,36.4621069,26.2521929
10700233005,233,7,5,حي النهضة,An Nahdah Dist.,26.2638696,36.4394585,36.4324172,26.2586692,36.4453298,26.2711402
10700233006,233,7,6,حي الفريعة,Al Fareah Dist.,26.2349625,36.4643318,36.4591912,26.2310354,36.4689392,26.2425567
10700233007,233,7,7,حي الورود,Al Wurud Dist.,26.2635803,36.4668801,36.4524772,26.2464681,36.4799864,26.281838
10700323001,323,7,1,حي قرية الجبنون,Qaryat Al Jabnon Dist.,24.9772359,37.302698,37.2984825,24.9723524,37.3105505,24.9780555
10700323002,323,7,2,حي النسيم,Al Naseem Dist.,24.9865198,37.2914911,37.2865691,24.978102,37.300232,24.990391
10700323003,323,7,3,حي التحلية,At Tahliyyah Dist.,25.0162522,37.2712216,37.2691883,25.0046225,37.2786593,25.0176655
10700323004,323,7,4,حي المرجان,Al Murjan Dist.,25.0012694,37.2813069,37.2752052,24.9970439,37.2841333,25.0069649
10700323005,323,7,5,حي الصيادية,As Sayyadih Dist.,25.0194001,37.2709767,37.2675246,25.0168201,37.2749378,25.0248893
10700323006,323,7,6,حي البطحاء,Al Batha Dist.,25.0254154,37.2678379,37.2648781,25.0228106,37.2727281,25.0279537
10700323007,323,7,7,حي الروضة,Ar Rawdhah Dist.,25.0330632,37.259833,37.2555493,25.0275586,37.2636359,25.0370431
10700323008,323,7,8,حي ابو شجرة,Abu Shajarah Dist.,25.0399601,37.2603304,37.2532049,25.0340645,37.2639576,25.0438165
10700323009,323,7,9,حي البلد,Al Balad Dist.,25.0266638,37.2644385,37.2604168,25.0227126,37.2671621,25.0313644
10700323010,323,7,10,حي العليا,Al Olaya Dist.,25.0368913,37.2658105,37.2635938,25.0341379,37.2736895,25.0446114
10700323011,323,7,11,حي السلام,Al Salam Dist.,25.0345061,37.2650223,37.2605951,25.0287103,37.2657792,25.0403924
10700323012,323,7,12,حي الضويحي,Al Dawayhi Dist.,25.0475674,37.2608947,37.2491021,25.0394434,37.2644874,25.0595759
10701947001,1947,7,1,حي صمدة,Samdah Dist.,27.3533597,35.6915316,35.6851985,27.3503854,35.6982263,27.3564452
10701947002,1947,7,2,حي المزارع,Al Mazari Dist.,27.3546181,35.6809868,35.6734085,27.3492967,35.6890469,27.3627847
10701947003,1947,7,3,حي المطار,Al Matar Dist.,27.3504091,35.6850506,35.6807697,27.3466272,35.6886978,27.3551502
10701947004,1947,7,4,حي البلد,Al Balad Dist.,27.349686,35.6921033,35.6860088,27.3451611,35.6977313,27.3528389
10701947005,1947,7,5,حي المقيطع,Al Muqayti Dist.,27.3379954,35.707639,35.6951332,27.3324255,35.7222459,27.3538077
10800010001,10,8,1,حي اجا,Aja Dist.,27.5603493,41.6819569,41.6709207,27.5550369,41.7049946,27.5720624
10800010002,10,8,2,حي العزيزية,Al Aziziyah Dist.,27.5292825,41.6915107,41.6806096,27.5203629,41.7027513,27.539476
10800010003,10,8,3,حي المزعبر,Al Muzaabar Dist.,27.5306391,41.7141116,41.6976457,27.526966,41.7249448,27.5369604
10800010004,10,8,4,حي برزان,Barzan Dist.,27.5264975,41.7032975,41.6968946,27.5237503,41.7085829,27.5279222
10800010005,10,8,5,حي المحطة,Al Mahattah Dist.,27.5183838,41.6903309,41.6822033,27.5106909,41.6982458,27.5242152
10800010006,10,8,6,حي سماح,Samah Dist.,27.5178833,41.6994791,41.6959313,27.513775,41.702038,27.5239974
10800010007,10,8,7,حي لبدة,Labdah Dist.,27.518357,41.7082617,41.7016525,27.5140244,41.7171328,27.5237763
10800010008,10,8,8,حي الزبارة,Az Zibarah Dist.,27.5073379,41.706949,41.6973222,27.4939093,41.715626,27.5171383
10800010009,10,8,9,حي السمراء,As Samra Dist.,27.4967949,41.7196841,41.704858,27.4798952,41.7335814,27.5130893
10800010010,10,8,10,المنطقة الصناعية,Industrial Area,27.4992789,41.7428795,41.7241778,27.4637872,41.7977275,27.5065892
10800010011,10,8,11,حي الزهراء,Az Zahra Dist.,27.5609928,41.7212317,41.7029796,27.5551046,41.7294952,27.568519
10800010012,10,8,12,حي الخزامى,Al Khuzama Dist.,27.5691515,41.7229725,41.7053974,27.5622887,41.7356328,27.5971187
10800010013,10,8,13,حي مغيضة,Mughaydah Dist.,27.5299526,41.71679,41.7068288,27.5213254,41.7292788,27.5335592
10800010014,10,8,14,حي حدري البلاد,Hadri Al Bilad Dist.,27.5381839,41.7370178,41.7253868,27.5283675,41.807837,27.56356
10800010015,10,8,15,حي الخريمي,Al Khuraymi Dist.,27.5204387,41.7365093,41.7138523,27.4923724,41.8050574,27.5367498
10800010016,10,8,16,حي السويفلة,As Suwayfilah Dist.,27.5889024,41.7482429,41.7295173,27.5565624,41.8161997,27.6208732
10800010017,10,8,17,حي ج2,2 C Dist.,27.4501362,41.7423639,41.726973,27.4216409,41.7898235,27.4742506
10800010018,10,8,18,حي البدنة,Al Badnah Dist.,27.4441632,41.7023009,41.6907837,27.4181342,41.7373864,27.4746768
10800010019,10,8,19,حي الوسيطاء,Al Wusayta Dist.,27.5170025,41.6722582,41.6573094,27.4921774,41.6829329,27.5240663
10800010020,10,8,20,حي صبابة,Sababah Dist.,27.5206584,41.6461208,41.6357782,27.513959,41.6592269,27.5303477
10800010021,10,8,21,حي المطار,Al Matar Dist.,27.4961911,41.6933715,41.6800313,27.4807588,41.6986418,27.5107727
10800010022,10,8,22,حي البحيرة,Al Buhayrah Dist.,27.4876689,41.6988143,41.6910769,27.4690214,41.7062961,27.5003901
10800010023,10,8,23,حي المدائن,Al Madaen Dist.,27.4301233,41.7230448,41.7118512,27.4166568,41.7279012,27.4464415
10800010024,10,8,24,حي النقرة قفار,An Naqrah Qafar Dist.,27.4294146,41.6363041,41.6049382,27.4179805,41.6728479,27.4647167
10800010025,10,8,25,حي النقرة,An Naqrah Dist.,27.4691404,41.6666831,41.6308689,27.4561763,41.6910769,27.4986507
10800010026,10,8,26,حي الخماشية,Al Khamashiyah Dist.,27.476245,41.7208975,41.7012532,27.4653506,41.7469714,27.492356
10800010027,10,8,27,مطار حائل الدولي,Hail International Airport,27.4334668,41.6833895,41.6619731,27.4166287,41.7012553,27.4807588
10800010029,10,8,29,حي السويفلة,As Suwayfilah Dist.,27.6194315,41.7281914,41.7100254,27.5922232,41.7548994,27.6491525
10800010031,10,8,31,حي المنتزه الغربي,Al Muntazah Al Gharbi Dist.,27.5455254,41.683302,41.6675077,27.5367986,41.7029796,27.5558186
10800010032,10,8,32,حي المصيف,Al Masif Dist.,27.5874689,41.6835467,41.6710491,27.5659053,41.710028,27.6026157
10800010033,10,8,33,حي المنتزه الشرقي,Al Muntazah Ash Sharqi Dist.,27.5483951,41.7187694,41.6955029,27.533547,41.7301745,27.5554036
10800010034,10,8,34,حي اللقيطة,Al Laqitah Dist.,27.64986,41.696944,41.688436,27.6410403,41.7100486,27.6523475
10800010035,10,8,35,حي الوادي,Al Wadi Dist.,27.4200361,41.5970338,41.5689444,27.4086115,41.6138592,27.4441849
10800010036,10,8,36,حي الرصف,Ar Rasf Dist.,27.4465179,41.6173745,41.5984981,27.4319931,41.6309036,27.4563142
10800010037,10,8,37,حي الشفا,Al Shifa Dist.,27.4612641,41.6304,41.5982683,27.4460064,41.6500169,27.479575
10800010038,10,8,38,حي ضاحية الملك فهد,Dahiyat King Fahd Dist,27.6439976,41.7563426,41.750709,27.632114,41.7792451,27.6582618
10800010039,10,8,39,حي البادية,Al Badiyah Dist.,27.5334129,41.6763978,41.6701554,27.5236765,41.6829877,27.5411468
10800010040,10,8,40,حي الورود,Al Wurud Dist.,27.5381884,41.6685351,41.6592269,27.52824,41.6750141,27.5478942
10800010041,10,8,41,حي صلاح الدين الشرقي,Salahuddin Al Sharqi Dist.,27.525485,41.6658001,41.6580899,27.5223961,41.6721183,27.5292906
10800010042,10,8,42,حي الطريفي,Al Turaifi Dist.,27.5369516,41.6857777,41.6827157,27.5345269,41.6888661,27.5397631
10800010043,10,8,43,حي النيصية,An Nasiyah Dist.,27.6267669,41.6922627,41.6564679,27.5971264,41.7265742,27.6496566
10800010044,10,8,44,حي قفار,Qfaar Dist.,27.4091937,41.6016444,41.5797835,27.3678256,41.6598166,27.4245656
10801228001,1228,8,1,حي السلام,As Salam Dist.,27.1900972,42.4592882,42.444609,27.1813177,42.4712981,27.2067101
10801228002,1228,8,2,حي النهضة,An Nahdah Dist.,27.1812362,42.4462814,42.4356449,27.1722527,42.4523082,27.1908928
10801228003,1228,8,3,حي الصالحية,As Salhiyah Dist.,27.1747721,42.4648899,42.4441211,27.1576118,42.4896478,27.1932766
10801228004,1228,8,4,حي الخليج,Al Khalij Dist.,27.164956,42.4470241,42.4363398,27.1548421,42.4607126,27.1744763
10801228005,1228,8,5,حي العزيزية,Al Aziziyah Dist.,27.1984529,42.475256,42.4576711,27.1836292,42.5010072,27.2168478
10801228006,1228,8,6,حي الازدهار,Al Izdihar Dist.,27.1896798,42.4299506,42.4137628,27.1809449,42.4487351,27.2037139
10801228007,1228,8,7,حي الورود,Al Wurud Dist.,27.1822127,42.4301889,42.4175577,27.1757696,42.4419915,27.1892475
10801228008,1228,8,8,حي الملك عبدالله,King Abdullah Dist.,27.1926317,42.4194469,42.4112775,27.1896166,42.4279895,27.2002489
10801228009,1228,8,9,حي الحمراء,Al Hamra Dist.,27.1674149,42.421092,42.4032175,27.1576776,42.438904,27.1822468
10801228010,1228,8,10,حي العليا,Al Olaya Dist.,27.1598753,42.4200362,42.3979474,27.1466082,42.4415277,27.1723389
10801228011,1228,8,11,حي الصناعية,As Sinaiyah Dist.,27.1440558,42.4258345,42.4134257,27.136905,42.4326489,27.1547876
10802332001,2332,8,1,حي النخيل الغربي,Al Nakhil Al Gharbi Dist.,26.863624,40.3123784,40.303235,26.8522821,40.3302183,26.8721238
10802332002,2332,8,2,حي الوادي,Al Wadi Dist.,26.8551117,40.3072182,40.3001268,26.8449924,40.3140041,26.8618736
10802332003,2332,8,3,حي النهضة,An Nahdah Dist.,26.8607667,40.3506023,40.3428768,26.8506029,40.3747983,26.8758495
10802332004,2332,8,4,حي الجامعة الغربي,Al Jamiah Al Gharbi Dist.,26.9003599,40.3305567,40.3277129,26.8895436,40.3508467,26.910392
10802332005,2332,8,5,حي الحفيرة الغربي,Al Hafira Al Gharbi Dist.,26.8661852,40.3007816,40.2841649,26.8559538,40.3081763,26.8797669
10802332006,2332,8,6,حي حفيرة السبعة الشمالي,Hafira Al Sabaa Al Shamali Dist.,26.9092248,40.3139092,40.298257,26.8947122,40.3283834,26.9205667
10802332007,2332,8,7,حي الاستراحات الأوسط,Al Estrahat Al Awsat Dist.,26.8825474,40.3635438,40.3508467,26.8749174,40.3727025,26.8936464
10802332008,2332,8,8,حي الريان الغربي,Al Rayan Al Gharbi Dist.,26.8378451,40.3407524,40.3287891,26.8343823,40.3453871,26.8435933
10802332009,2332,8,9,حي الحفيرة الشرقي,Al Hafira Al Sharqi Dist.,26.8797292,40.3096887,40.29413,26.86864,40.3296655,26.8886928
10802332010,2332,8,10,حي حفيرة السبعة الغربي,Hafira Al Sabaa Al Gharbi Dist.,26.8883046,40.2870638,40.2745955,26.8774765,40.2959062,26.8982907
10802332011,2332,8,11,حي حفاير العهين الغربي,Hafair Al Eahin Al Gharbi Dist.,26.9044966,40.2735929,40.2615601,26.8879138,40.2843121,26.9159149
10802332012,2332,8,12,حي حفيرة السبعة الشرقي,Hafira Al Sabaa Al Shamali Dist.,26.8898005,40.307873,40.2881555,26.883182,40.3286488,26.90342
10802332013,2332,8,13,حي الواحة,Al Wahah Dist.,26.8463693,40.3172405,40.3122819,26.8382981,40.3302168,26.860329
10802332014,2332,8,14,حي الرفيعة,Al Rafiea Dist.,26.8253772,40.3515911,40.3332231,26.8199532,40.3625786,26.8315827
10802332015,2332,8,15,حي الريان الشرقي,Al Rayan Al Sharqi Dist.,26.8360901,40.349862,40.3429642,26.8288312,40.362039,26.845234
10802332016,2332,8,16,حي الصناعية,As Sinaiyah Dist.,26.8474777,40.3485624,40.3400878,26.8433595,40.3608203,26.8518542
10802332017,2332,8,17,حي البلدية,Al Baladiyah Dist.,26.8468992,40.3340019,40.3280775,26.8394823,40.3428768,26.852147
10802332018,2332,8,18,حي التعاون,At Taawun Dist.,26.8302385,40.3268538,40.3137143,26.8220093,40.3527521,26.8374066
10802332019,2332,8,19,حي الديرة,Ad Dirah Dist.,26.8374368,40.3165316,40.3052491,26.8275467,40.3291246,26.8456626
10802332020,2332,8,20,حي الاستراحات الغربي,Al Estrahat Al Gharbi Dist.,26.875507,40.3348832,40.3285457,26.8701247,40.3527629,26.8909439
10802332021,2332,8,21,حي الجامعة الشرقي,Al Jamiah Al Sharqi Dist.,26.9022604,40.3822265,40.3703281,26.8934893,40.3940541,26.9111463
10802332022,2332,8,22,حي الاستراحات الشرقي,Al Estrahat  Al Sharqi  Dist.,26.8765598,40.380304,40.3703281,26.866574,40.394244,26.8936464
10802332023,2332,8,23,حي الجامعة الاوسط,Al Jamiah Al Awsat Dist.,26.9014354,40.3601228,40.3487016,26.8909439,40.3706148,26.9107594
10802332024,2332,8,24,حي النخيل الشرقي,Al Nakhil Al Sharqi Dist.,26.8658343,40.3358715,40.3281755,26.8506029,40.3468975,26.8736969
10802332025,2332,8,25,حي حفاير العهين الشرقي,Hafair Al Eahin Al Sharqi Dist.,26.9069621,40.2834191,40.2771241,26.8941002,40.3041949,26.9178323
10802370001,2370,8,1,حي بقعاء الشرقيه,Baqa Al Sharqia Dist.,27.8514887,42.4570097,42.4418417,27.8442085,42.4709045,27.8711753
10802370002,2370,8,2,حي صلاح الدين,Salahuddin Dist.,27.9159143,42.3487879,42.3387343,27.8952268,42.3617678,27.9236037
10802370003,2370,8,3,حي الظهيره,Al Dhahira Dist.,27.9098142,42.4039855,42.3952969,27.9032901,42.4138627,27.9190678
10802370004,2370,8,4,حي الحفل,Al Hafil Dist.,27.9293539,42.3905756,42.384371,27.9193233,42.4040266,27.9369949
10802370005,2370,8,5,حي ج9,C9 Dist.,27.8966751,42.4160824,42.4038508,27.8879188,42.4362201,27.9088333
10802370006,2370,8,6,حي ج8,C8 Dist.,27.9163073,42.4125412,42.3999127,27.9049887,42.4252809,27.9269027
10802370007,2370,8,7,حي ج7,C7 Dist.,27.9024034,42.3988213,42.3945193,27.9003607,42.4089779,27.9083599
10802370008,2370,8,8,حي ج6,C6 Dist.,27.9512307,42.402973,42.398748,27.9385932,42.425761,27.9603222
10802370009,2370,8,9,حي ج5,C5 Dist.,27.9272708,42.4069286,42.3893365,27.9207599,42.4259556,27.9477466
10802370010,2370,8,10,حي ج4,C4 Dist.,27.9332127,42.3767093,42.3640774,27.9266334,42.3934666,27.9495177
10802370011,2370,8,11,حي ج3,C3 Dist.,27.9216224,42.3857007,42.3787671,27.9143306,42.4002831,27.9289057
10802370012,2370,8,12,حي ج2,C2 Dist.,27.9202745,42.3655294,42.3470572,27.9110474,42.3800031,27.9294849
10802370013,2370,8,13,حي ج16,C16 Dist.,27.9266437,42.3728922,42.361941,27.9205691,42.3820541,27.9316738
10802370014,2370,8,14,حي ج15,C15 Dist.,27.8957239,42.3760242,42.3666113,27.8885413,42.398344,27.8990451
10802370015,2370,8,15,حي ج13,C13 Dist.,27.9017317,42.3658378,42.3533386,27.8928822,42.3674541,27.9166038
10802370016,2370,8,16,حي ج12,C12 Dist.,27.8893483,42.4122358,42.3970657,27.8718244,42.4293085,27.9005356
10802370017,2370,8,17,حي ج11,C11 Dist.,27.8545068,42.445202,42.438868,27.8499301,42.448263,27.8586513
10802370018,2370,8,18,حي ج10,C10 Dist.,27.8706481,42.4341613,42.4274782,27.8586513,42.4522589,27.8924154
10802370019,2370,8,19,حي بقعاء القديمه,Baqa Al Qadima Dist.,27.8997844,42.3842571,42.3650913,27.8923615,42.4044608,27.9150796
10802370020,2370,8,20,حي بقعاء الشرقيه القديمه,Baqa Al Sharqia Al Qadima Dist.,27.8623318,42.4125099,42.3840641,27.851911,42.4418417,27.8730484
10802370021,2370,8,21,حي الوسطى,Al Wusta Dist.,27.9121307,42.3878414,42.3769271,27.901275,42.3984251,27.9193934
10902208001,2208,9,1,حي الورود,Al Wurud Dist.,31.6622686,38.6904735,38.6821539,31.6505904,38.6998317,31.6743192
10902208003,2208,9,3,حي السلطانة,Al Sultanah Dist.,31.6698741,38.6671503,38.6612589,31.6637101,38.6813757,31.6728731
10902208004,2208,9,4,حي الخليج,Al Khalij Dist.,31.6583681,38.6776265,38.6713616,31.6532015,38.6861769,31.6664283
10902208005,2208,9,5,حي الصالحية,As Salhiyah Dist.,31.6637388,38.665429,38.6579198,31.6558888,38.6744658,31.668309
10902208006,2208,9,6,حي العزيزية,Al Aziziyah Dist.,31.6796296,38.6558097,38.6486001,31.6763794,38.6691332,31.6847267
10902208007,2208,9,7,حي الخالدية,Al Khalidiyah Dist.,31.6775547,38.6534296,38.6398333,31.6719246,38.6633927,31.6818333
10902208008,2208,9,8,حي المساعدية,Al Misadiyah Dist.,31.6698095,38.6507773,38.6418272,31.66684,38.6583049,31.6758282
10902208009,2208,9,9,حي العروبة,Al Urubah Dist.,31.6693247,38.6397221,38.6368341,31.6641416,38.6442163,31.6770561
10902208010,2208,9,10,حي اليرموك,Al Yarmuk Dist.,31.6742013,38.6733838,38.6667816,31.6698065,38.6776461,31.6792961
10902208011,2208,9,11,حي الواحة,Al Wahah Dist.,31.6492889,38.6887716,38.6732652,31.6370897,38.7073143,31.6551427
10902208012,2208,9,12,حي النهضة,An Nahdah Dist.,31.6844318,38.679192,38.675944,31.6787503,38.6962942,31.6893392
10902208013,2208,9,13,حي الربوة,Ar Rabwah Dist.,31.6685647,38.6362917,38.6294219,31.6652802,38.6386591,31.6737837
10902208014,2208,9,14,حي المنتزه,Al Muntazah Dist.,31.6515498,38.6480679,38.6357557,31.6430328,38.6579198,31.6617228
10902208015,2208,9,15,حي اسكان قوى الأمن,Security Forces Housing Dist.,31.6641189,38.654531,38.6467115,31.6592508,38.6610619,31.6693706
10902208016,2208,9,16,حي الروابي,Ar Rawabi Dist.,31.6651868,38.6462956,38.6397573,31.6617228,38.6525146,31.6695599
10902208017,2208,9,17,حي الفيصلية شرق,East Al Faisaliyah Dist.,31.6703638,38.6860904,38.6807554,31.6650573,38.6892943,31.6756559
10902208018,2208,9,18,حي الصناعي,Industrial Dist.,31.6418458,38.8050804,38.7841148,31.6310075,38.8264565,31.649667
10902208019,2208,9,19,حي الصناعية القديمة,Old Industrial Dist.,31.6714593,38.6621359,38.6553471,31.6677652,38.6693076,31.6797272
10902208020,2208,9,20,حي الصناعية الجديدة,New Industrial Dist.,31.6280455,38.6148692,38.6005703,31.6177709,38.6218137,31.6362152
10902208021,2208,9,21,حي الشفا,Ash Shifa Dist.,31.6530247,38.6632207,38.6544092,31.644331,38.6767377,31.6592508
10902208022,2208,9,22,حي الفيصلية غرب,West Al Faisaliyah Dist.,31.6723247,38.6793275,38.6751793,31.6682587,38.6838827,31.6772052
10902213001,2213,9,1,حي غرناطة الشرقي,Ghirnatah Eastern Dist.,31.01051,41.2037008,41.1775533,30.9900278,41.2118921,31.0265147
10902213002,2213,9,2,أملاك الحرس الوطني,National Guard Property,30.9543171,41.0738657,41.0375934,30.922481,41.1345748,31.0107085
10902213003,2213,9,3,حي الشروق الاداري,Ash Shuruq Administrative Dist.,31.0098812,41.1137042,41.096245,30.9987141,41.1218535,31.0155876
10902213004,2213,9,4,حي القدس الشرقي,Al Quds Eastern Dist.,31.0259951,41.1554041,41.1326471,31.0126555,41.176707,31.0523579
10902213005,2213,9,5,حي النخيل الشمالي,Al Nakheel Northern Dist.,30.971604,41.1274173,41.1142254,30.9613925,41.1411352,30.985512
10902213006,2213,9,6,حي ضاحية الملك فهد,Dahiyat King Fahd Dist,30.9287917,41.0916207,41.0793032,30.9137305,41.1048055,30.9385149
10902213007,2213,9,7,حي المروج الشرقي,Al Muruj Eastern Dist.,31.0120828,41.0801218,41.0638545,30.9988551,41.100448,31.0162473
10902213008,2213,9,8,حي الروابي,Ar Rawabi Dist.,31.0269755,41.0965112,41.0873551,31.0155876,41.107686,31.0488373
10902213009,2213,9,9,حي اشبيلية الشمالي,Ishbiliyah Northern Dist.,31.0059207,40.9957452,40.9648024,30.9966802,41.0128909,31.0208482
10902213010,2213,9,10,حي الشامل,Ash Shamel Dist.,30.9998193,40.9473803,40.9353092,30.987036,40.9601228,31.0101999
10902213011,2213,9,11,حي الصناعية الاولى,1st Industrial Dist.,30.9948171,40.939097,40.9207866,30.9725125,40.9524347,31.0112849
10902213012,2213,9,12,مدينة الانعام,Al Anam City,30.8919479,40.9395892,40.9223385,30.8852073,40.9511208,30.8983581
10902213013,2213,9,13,حي الصقًار,As Saqar Dist.,31.0237024,41.0711195,41.0367735,31.0123522,41.0902465,31.04603
10902213014,2213,9,14,حي تشليح السيارات,Auto Shredder Dist.,30.8931197,40.9802866,40.9742728,30.8888192,40.9850965,30.8961851
10902213015,2213,9,15,حي البساتين الاداري الغربي,Al Basatin Administrative Western Dist.,30.9801898,40.958188,40.9441176,30.9567372,40.9759124,30.987036
10902213016,2213,9,16,حي الشذا,Ash Shatha Dist.,31.0052533,41.0255027,41.0102759,30.9966576,41.0355714,31.0138305
10902213017,2213,9,17,حي تلال عرعر,Telal Arar Dist.,30.9349493,41.0050118,40.9903213,30.921841,41.0128451,30.9403539
10902213018,2213,9,18,حي النهضة,An Nahdah Dist.,31.0163444,41.025223,41.0102726,31.0106316,41.037664,31.0325655
10902213019,2213,9,19,حي الرفاع,Ar Rifaa Dist.,30.9855601,40.9675232,40.9524347,30.9755293,40.9822013,31.0035481
10902213020,2213,9,20,حي الفنار,Al Fanar Dist.,31.0246742,40.982149,40.9675528,31.0147206,40.9968359,31.0407978
10902213021,2213,9,21,حي الخليج الشرقي,Al Khaleej Eastern Dist.,30.916098,41.0842685,41.0623247,30.8943044,41.0969879,30.9259996
10902213022,2213,9,22,حي الصالحية,As Salhiyah Dist.,30.9793938,41.0472807,41.0392305,30.9698968,41.0586288,30.9873985
10902213023,2213,9,23,حي المنصورية,Al Mansuriyah Dist.,30.9896197,41.0580292,41.0468925,30.9787001,41.0756272,30.999842
10902213024,2213,9,24,حي الارجوان الغربي,Al Orjwan Wesrtern Dist.,31.0443188,40.9326288,40.9090148,31.0252946,40.9516456,31.0517813
10902213025,2213,9,25,حي السعادة,As Saadah Dist.,31.0603222,41.2207141,41.2011417,31.0436225,41.2488173,31.0832691
10902213026,2213,9,26,حي الفيصلية,Al Faisaliyah Dist.,30.9757336,41.0376644,41.0252561,30.9513147,41.0508441,30.9974285
10902213027,2213,9,27,حي الريان,Ar Rayaan Dist.,30.9710601,41.0301372,41.0167195,30.9613306,41.0392184,30.981017
10902213028,2213,9,28,حي النور,An Noor Dist.,31.0406641,41.2208971,41.2075721,31.0265122,41.2544906,31.0631523
10902213029,2213,9,29,حي الأمانه الاداري,Al Amanah Dist.,30.9428426,41.0225759,40.9994925,30.9190175,41.0495437,30.9613358
10902213030,2213,9,30,حي العزيزية,Al Aziziyah Dist.,30.9923463,41.0176801,41.0118048,30.9837414,41.0279688,30.9975849
10902213031,2213,9,31,حي الخالدية,Al Khalidiyah Dist.,30.9816522,41.0103557,41.0028934,30.9757907,41.0208834,30.9876989
10902213032,2213,9,32,حي بدنة,Badanah Dist.,30.9937905,41.004833,40.9921587,30.9876479,41.0132381,30.9999168
10902213033,2213,9,33,حي المطار,Al Matar Dist.,30.9860604,40.9995908,40.9775578,30.9795384,41.0117711,30.9969579
10902213034,2213,9,34,حي مشرف,Mshrif Dist.,30.9672323,41.0042212,40.9924169,30.9597255,41.0252485,30.9721824
10902213035,2213,9,35,حي الجوهرة,Al Jawharah Dist.,30.9471754,41.0051561,40.9882255,30.9396892,41.021671,30.9563519
10902213036,2213,9,36,حي الروضة,Ar Rawdah Dist.,30.9778468,41.0209645,41.0158453,30.9744462,41.0282761,30.9836976
10902213037,2213,9,37,حي المحمدية,Al Muhammadiyah Dist.,30.9880772,41.0272641,41.020854,30.9813873,41.032811,30.9977328
10902213038,2213,9,38,حي المساعدية,Al Musaidiyah Dist.,30.9728219,41.0066092,40.9955113,30.9653504,41.022429,30.9787394
10902213039,2213,9,39,حي الوئام,Al Weaam Dist.,31.0182282,41.0033801,40.9892926,31.0107421,41.0131647,31.0358879
10902213040,2213,9,40,حي النسيم,An Naseem Dist.,30.9688159,41.053512,41.0375643,30.9512888,41.0645179,30.9816347
10902213041,2213,9,41,حي المهندسين,Al Muhandisin Dist.,31.0153157,41.2230168,41.2108024,30.9969236,41.2391166,31.0362871
10902213042,2213,9,42,حي قرطبة,Qurtubah Dist.,31.0077702,41.1389493,41.1144989,30.9813429,41.1556999,31.014633
10902213043,2213,9,43,حي الربوة,Ar Rabwah Dist.,31.0050803,41.0466913,41.0319961,30.9873985,41.0638893,31.0218852
10902213044,2213,9,44,حي النزهة,An Nuzhah Dist.,31.0365261,41.193717,41.1694773,31.0179141,41.2109875,31.0609077
10902213045,2213,9,45,حي النخيل الجنوبي,Al Nakheel Southern Dist.,30.9452545,41.1022756,41.0933698,30.9357977,41.1176738,30.9623339
10902213046,2213,9,46,حي الجامعة,Al Jamiah Dist.,30.8401543,41.1935593,41.1672502,30.8342441,41.218649,30.8737009
10902213047,2213,9,47,حي البساتين الاداري الشرقي,Al Basatin Administrative Eastern Dist.,30.9657035,40.9810577,40.9648385,30.9499423,40.9953867,30.9755356
10902213048,2213,9,48,حي البراعم,Al Baraam Dist.,30.9354392,40.8819365,40.8537007,30.9150112,40.910141,30.9563058
10902213049,2213,9,49,حي معيلة,Maaelah Dist.,30.8581031,40.9530973,40.9199074,30.82957,40.9845762,30.8689526
10902213050,2213,9,50,حي المباركية,Al Mabarakiyah Dist.,30.9586439,41.0003055,40.9833783,30.9489953,41.0241366,30.966065
10902213051,2213,9,51,حي هجرة ابن سعيد,Hijrat Bin Saeed Dist.,31.068635,40.7840992,40.7798768,31.0628568,40.7891961,31.0727551
10902213052,2213,9,52,حي الصناعية الثانية,2nd Industrial Dist.,31.0145503,40.9054218,40.8595844,30.9830874,40.9303043,31.0468724
10902213053,2213,9,53,حي الهلالي,Al Helali Dist.,30.8323224,41.2765605,41.260092,30.8108473,41.3098166,30.8438741
10902213054,2213,9,54,حي الفروسية,Al Frosyah Dist.,30.7946359,41.2473244,41.2197537,30.7758622,41.2750144,30.8154423
10902213055,2213,9,55,حي اشبيلية الجنوبي,Ishbiliyah Southern Dist.,31.0010952,40.979395,40.9601974,30.9938182,40.9951316,31.0144032
10902213056,2213,9,56,حي القدس الغربي,Al Quds Wesrtern Dist.,31.0290423,41.1166514,41.100448,31.0131444,41.1446837,31.050817
10902213057,2213,9,57,محجوزات ارمكو,Aramco Property,30.9786795,40.992253,40.9759192,30.9721792,41.0083926,30.98533
10902213058,2213,9,58,حي التقنية,Al Taqniyah Dist.,31.0308444,40.9043052,40.8704593,31.0111969,40.9326582,31.0453031
10902213059,2213,9,59,حي ام الضيان,Um Al Dayan Dist.,30.8172307,41.2733954,41.2473766,30.8017139,41.3045559,30.8314385
10902213060,2213,9,60,حي غرناطة الغربي,Ghirnatah Wesrtern Dist.,31.0056616,41.1655458,41.1442704,30.9859061,41.179874,31.0183285
10902213061,2213,9,61,حي الارجوان الشرقي,Al Orjwan Eastern Dist.,31.0266488,40.9590217,40.9394583,31.0144047,40.9758362,31.0483245
10902213062,2213,9,62,حي الخليج الغربي,Al Khaleej Wesrtern Dist.,30.9326212,41.0581736,41.0395667,30.9152372,41.0729145,30.9422185
10902213063,2213,9,63,حي الياسمين,Al Yasmin Dist.,31.0120988,40.9498477,40.9284236,31.0033735,40.964803,31.0286281
10902213064,2213,9,64,حي الزهور,Az Zuhur Dist.,31.0241399,41.2384737,41.2294566,31.0060019,41.264867,31.0490114
10902213065,2213,9,65,حي الاصداف,Al Asdaf Dist.,31.0088362,40.931727,40.9219453,31.0012854,40.9451726,31.0240878
10902213066,2213,9,66,حي المروج الغربي,Al Muruj Wesrtern Dist.,31.000318,41.0652824,41.0551548,30.9898287,41.0845388,31.0123349
10902215001,2215,9,1,حي المصيف,Al Masif Dist.,30.3614651,42.2574141,42.2548084,30.3585031,42.2599615,30.3645249
10902215002,2215,9,2,مخطط المنطقة الصناعية,Industrial Area,30.3582775,42.2534217,42.24144,30.3471838,42.2688779,30.3687594
10902215003,2215,9,3,مهاجع حرس الحدود,Border Guard Housing,30.3706278,42.2552039,42.2502466,30.3629751,42.2658938,30.3750936
10902215004,2215,9,4,حي المنار,Al Manar Dist.,30.3678681,42.2191636,42.2098466,30.3585024,42.2323769,30.3752696
10902215005,2215,9,5,حي ج1,C1 Dist.,30.3827213,42.2295214,42.2209699,30.3749876,42.24229,30.3900073
10902215006,2215,9,6,حي الأندلس,Al Andalus Dist.,30.3692914,42.2421384,42.2347857,30.3663012,42.2502466,30.3749876
10902215007,2215,9,7,حي الروضة,Ar Rawdah Dist.,30.3595155,42.2387263,42.2335603,30.352239,42.2485759,30.3686331
10902215008,2215,9,8,حي الخليج,Al Khalij Dist.,30.3589225,42.2318138,42.2269053,30.3547505,42.2415784,30.370184
10902215009,2215,9,9,مخطط  شرق مدينة العويقيلة,East Al Uwayqilah City Subdivision Plan,30.3523617,42.2479416,42.2390166,30.3481625,42.2505507,30.3558042
10902215010,2215,9,10,حي الصناعية,As Sinaiyah Dist.,30.3501444,42.2533622,42.2482185,30.3432077,42.2617169,30.354839
10902215011,2215,9,11,المربع الخدمي,Al Murabba Al Khadamy,30.3452663,42.2675019,42.2593609,30.3374654,42.2773709,30.3518432
10902215012,2215,9,12,حي ج4,C4 Dist.,30.350988,42.2714511,42.2644781,30.3461094,42.2813802,30.3592669
10902215013,2215,9,13,ادارة التعليم,Education Administration,30.3733604,42.2506015,42.2380172,30.3687594,42.2545427,30.3813337
10902215014,2215,9,14,حي النسيم,Al Naseem Dist.,30.3757506,42.2263858,42.2153104,30.3666047,42.2380172,30.3836662
10902215015,2215,9,15,حي الورود,Al Wurud Dist.,30.3556534,42.249448,42.2455249,30.3521477,42.2548084,30.361409
10902256001,2256,9,1,حي العمال,Al Ummal Dist.,29.6386548,43.499968,43.4960619,29.6345745,43.5026374,29.6406328
10902256003,2256,9,3,حي المدينة,Al Madinah Dist.,29.6375738,43.5062265,43.5024005,29.6358661,43.5144843,29.6405055
10902256004,2256,9,4,حي الفيصلية,Al Faisaliyah Dist.,29.6327272,43.4965015,43.4940227,29.6292203,43.5017742,29.6366223
10902256008,2256,9,8,حي  الادارى,Al Idari Dist.,29.6331977,43.5154108,43.5116238,29.6272124,43.5224138,29.6403713
10902256009,2256,9,9,حي الصناعية,As Sinaiyah Dist.,29.6191238,43.5309831,43.5236495,29.6133676,43.5386711,29.6242819
10902256011,2256,9,11,حي الملز,Al Malaz Dist.,29.6395625,43.5430878,43.5339059,29.6343362,43.5515102,29.6481706
10902256012,2256,9,12,حي المحمدية,Al Muhammadiyah Dist.,29.6344325,43.5297281,43.5192564,29.6242819,43.5437448,29.6402088
10902256013,2256,9,13,حي الروضة,Ar Rawdah Dist.,29.6443637,43.5311128,43.5223344,29.6401267,43.538537,29.6489449
10902256014,2256,9,14,حي اليرموك,Al Yarmuk Dist.,29.6224783,43.5423254,43.5349362,29.6172508,43.5531504,29.6275632
10902256015,2256,9,15,حي الشمال,Ash Shamal Dist.,29.6360224,43.5521313,43.5469203,29.6295887,43.5623615,29.6423847
10902256017,2256,9,17,حي الجميماء,Al Jumayma Dist.,29.6304239,43.5483755,43.5397439,29.6214552,43.5578016,29.6357561
10902256018,2256,9,18,حي المساعدية,Al Misadiyah Dist.,29.6265466,43.51382,43.50907,29.621731,43.5192564,29.6301072
10902256019,2256,9,19,حي العزيزية,Al Aziziyah Dist.,29.6229852,43.522197,43.5161679,29.6184432,43.5269717,29.6272124
10902256020,2256,9,20,حي القادسية,Al Qadisiyah Dist.,29.6381034,43.5262175,43.522129,29.6348962,43.5309643,29.6402853
10902256021,2256,9,21,حي الورود,Al Wurud Dist.,29.600394,43.5403011,43.5344327,29.5743768,43.5653003,29.6133676
10902256022,2256,9,22,حي الربيع,Ar Rabie Dist.,29.5900432,43.5398001,43.5217331,29.5787687,43.5485769,29.5974576
10902256023,2256,9,23,حي الخالدية,Al Khalidiyah Dist.,29.6324209,43.5046128,43.4991286,29.6263613,43.5102632,29.6359453
10902256024,2256,9,24,حي النموذجية,An Namudhajiyah Dist.,29.6320906,43.5119594,43.5056373,29.6248517,43.5144475,29.6359808
10902256025,2256,9,25,حي التعاون,Al Taawun Dist.,29.6253566,43.531938,43.5269717,29.6213112,43.5384649,29.630569
10902256026,2256,9,26,حي السلام,As Salam Dist.,29.6452311,43.5172824,43.514441,29.6402848,43.5224123,29.6490066
10902256027,2256,9,27,حي إسكان حرس الحدود,Border Guard Iskan Dist.,29.6144313,43.5387959,43.5349203,29.6107584,43.5457861,29.6219897
10902256028,2256,9,28,حي الاسكان الخيرى,Al Iskan Al Khairy Dist.,29.6469372,43.5467034,43.5419459,29.6423847,43.5535738,29.6503742
10902256029,2256,9,29,حي المروج,Al Muruj Dist.,29.6096793,43.5223471,43.5146128,29.5987594,43.5323104,29.6184789
10902256030,2256,9,30,حي الجبهان,Al Jabhan Dist.,29.5760596,43.6292382,43.6111133,29.5645056,43.6452712,29.5891749
10902256031,2256,9,31,جامعة الحدود الشمالية,Northern Border University,29.5590348,43.6348037,43.6114695,29.5425608,43.646468,29.5719533
11000017001,17,10,1,حي القلعة,Al Qalah Dist.,16.8759401,42.5471277,42.5391297,16.8723069,42.5629706,16.891654
11000017002,17,10,2,حي الاراك,Al Arak Dist.,16.8696899,42.635539,42.6290246,16.8516517,42.6510387,16.8820193
11000017004,17,10,4,حي الصفا,As Safa Dist.,16.8859576,42.566004,42.5570773,16.8785102,42.5864455,16.8914713
11000017005,17,10,5,حي السويس,As Suways Dist.,16.8603903,42.5983971,42.5676715,16.834247,42.6230988,16.8833006
11000017006,17,10,6,حي البشائر,Al Bashaer Dist.,16.8644602,42.6279539,42.6118671,16.8447714,42.6378945,16.8787256
11000017007,17,10,7,حي المطار,Airport Dist.,16.9008569,42.5813728,42.5570773,16.8833007,42.5991563,16.9188789
11000017008,17,10,8,حي الروابي,Ar Rawabi Dist.,16.9397778,42.5884553,42.5653501,16.9240077,42.6135581,16.9727515
11000017009,17,10,9,حي الزهور,Az Zuhur Dist.,16.916,42.6277443,42.5864455,16.8775895,42.6550803,16.9465249
11000017010,17,10,10,حي الشاطئ,Ash Shati Dist.,16.9163367,42.5451614,42.5362901,16.8967096,42.5686037,16.9875105
11000017011,17,10,11,حي الروضة,Ar Rawdah Dist.,16.9123289,42.5741997,42.5503061,16.8914713,42.6122403,16.9306355
11000017012,17,10,12,حي الشامية,Ash Shamiyah Dist.,16.8949512,42.5466442,42.5405299,16.890043,42.5507755,16.8988179
11000017013,17,10,13,المنطقة الصناعية,Industrial Area,16.839291,42.589486,42.5460079,16.8208375,42.6539884,16.8794237
11000017014,17,10,14,حي النور,An Nur Dist.,16.9397921,42.6391082,42.6109346,16.9295816,42.655049,16.9660997
11000017015,17,10,15,حي النسيم,Al Naseem Dist.,16.9054534,42.5910599,42.5774973,16.8888556,42.6097477,16.9200365
11000017016,17,10,16,حي الجبل,Al Jabal Dist.,16.89311,42.5516048,42.5482619,16.8883775,42.5571474,16.8977917
11000017017,17,10,17,حي مزهرة,Mizhirah Dist.,16.8252141,42.7329579,42.7279977,16.8224204,42.7408809,16.8306769
11003479001,3479,10,1,حي الريان,Ar Rayyan Dist.,17.1539315,42.6725403,42.6643423,17.150119,42.6803003,17.1607793
11003479002,3479,10,2,حي الحسيني,Al Hussaini Dist.,17.151612,42.6841006,42.6783639,17.14724,42.6892318,17.1564998
11003479003,3479,10,3,حي الفلاح,Al Falah Dist.,17.153131,42.6187081,42.6094791,17.1487796,42.6221779,17.1610931
11003479004,3479,10,4,حي حلة الأحوس,Hullat Al Ahwass Dist.,17.1584544,42.6985919,42.6953945,17.15689,42.7023211,17.162547
11003479005,3479,10,5,حي جخيرة,Jukhairah Dist.,17.1684705,42.7182832,42.7133749,17.1632457,42.7253473,17.1720776
11003479006,3479,10,6,حي العزيزية,Al Aziziyah Dist.,17.1520788,42.6228689,42.6184149,17.148943,42.6262961,17.1586174
11003479007,3479,10,7,حي النزهة,An Nuzhah Dist.,17.1591684,42.6578099,42.652966,17.1564857,42.6604827,17.1632492
11003479008,3479,10,8,حي الواحة,Al Wahah Dist.,17.1469775,42.6241929,42.619656,17.144137,42.6287848,17.1494469
11003479009,3479,10,9,حي النخيل,Al Nakhil Dist.,17.1396721,42.6403375,42.6362199,17.138119,42.6456942,17.1421168
11003479010,3479,10,10,حي السعادة,As Saadah Dist.,17.1480891,42.6345662,42.626498,17.1449404,42.6449622,17.151528
11003479011,3479,10,11,حي المجد,Al Majd Dist.,17.1553973,42.6499379,42.6448194,17.1490413,42.654368,17.163118
11003479012,3479,10,12,الحشيبرية,Al Hushaibriyah,17.1698603,42.5921729,42.5849944,17.1658852,42.5983004,17.1738524
11003479013,3479,10,13,حي الملك فهد,King Fahd Dist.,17.1526192,42.632873,42.6252455,17.1479121,42.6461389,17.1620298
11003479014,3479,10,14,حي الروضة,Ar Rawdah Dist.,17.1508839,42.6283571,42.6259315,17.1483813,42.6305815,17.1530337
11003479015,3479,10,15,حي الصفاء,Al Safa Dist.,17.1563596,42.6587755,42.6510685,17.1502021,42.6655458,17.1625028
11003479016,3479,10,16,حي الفردوس,Al Fardus Dist.,17.1696248,42.6634954,42.6579268,17.1597807,42.6684637,17.1777541
11003479017,3479,10,17,حي النهضة,An Nahdah Dist.,17.1725786,42.6535676,42.6446959,17.1620298,42.659529,17.178017
11003479018,3479,10,18,حي الرحاب,Al Rehab Dist.,17.1709243,42.6411348,42.6359015,17.1604362,42.6466623,17.1753976
11003479019,3479,10,19,حي الربيع,Ar Rabie Dist.,17.1655472,42.6186994,42.6094791,17.1574622,42.6252813,17.1749263
11003479020,3479,10,20,حي الفيصلية,Al Faisaliyah Dist.,17.1659816,42.6284958,42.6223659,17.1586174,42.6366034,17.174929
11003479021,3479,10,21,حي المروج,Al Muruj Dist.,17.142318,42.6287749,42.6170943,17.1384439,42.645569,17.1491394
11003479022,3479,10,22,حي الخالدية,Al Khalidiyah Dist.,17.1459778,42.618566,42.6131709,17.1430226,42.6218067,17.1494416
11003479023,3479,10,23,الرونة,Ar Rawnah,17.1323671,42.5918308,42.5884364,17.1286058,42.5930727,17.1333977
11003479024,3479,10,24,الغراء,Al Gharraa,17.1028286,42.6198745,42.6120685,17.096864,42.6246935,17.1063405
11003479025,3479,10,25,حي العريش,Al Arish Dist.,17.1412079,42.7225704,42.71916,17.1380161,42.7270629,17.1457698
11003479026,3479,10,26,حي بوتيشة,Butishah Dist.,17.135895,42.7061973,42.6980483,17.131868,42.7103306,17.1404437
11003479027,3479,10,27,حي المعترض,Al Muutarid Dist.,17.1311329,42.6897476,42.6806869,17.1222667,42.6956075,17.1359127
11003479028,3479,10,28,حي الظبية,Al Dhabyah Dist.,17.1156628,42.6641971,42.6550221,17.1067959,42.679591,17.1242022
11003479029,3479,10,29,الباحر,Al Bahir,17.12663,42.5996346,42.5966366,17.1172045,42.6058493,17.1298076
11003479030,3479,10,30,الفقره,Al Faqrah,17.0756512,42.5740093,42.5713387,17.0735423,42.5774826,17.0789078
11003479031,3479,10,31,الشواهية,Al Shawahiyah,17.11791,42.6376907,42.6351721,17.1141397,42.64278,17.1213636
11003479032,3479,10,32,شهده,Shahdah,17.2173705,42.4679699,42.4558245,17.206131,42.4723121,17.2225109
11003479033,3479,10,33,عبدالله العيافي (العيافي),Abdullah Al Eyafi (Al Eyafi),17.0875311,42.6112109,42.6023782,17.0831603,42.6177845,17.0925995
11003479034,3479,10,34,حله محسنالمحاسنة,Halah Muhsin Al Muhasana,17.0765241,42.6142198,42.6117417,17.0739935,42.6202062,17.0789849
11003479035,3479,10,35,الجعاونه,Al Jaeawunah,17.0813861,42.6035421,42.5985403,17.0751508,42.6081044,17.0841772
11003479036,3479,10,36,السروريه,Al Saruriyah,17.0409126,42.6209926,42.6121189,17.03072,42.6338308,17.0493501
11003479037,3479,10,37,حله القميري,Halah Al Qamiri,17.1507498,42.5861331,42.5832769,17.14823,42.5882734,17.1528263
11003479038,3479,10,38,ابو دنقور,Abu Danqur,17.1130219,42.591536,42.5890088,17.1087805,42.5991567,17.1176523
11003479039,3479,10,39,ام القحفه,Umm Al Qahfah,17.1882859,42.5793808,42.5752269,17.1836143,42.5870721,17.1941374
11003479040,3479,10,40,حله مروعي بن شامي,Halah Maruei Bin Shamy,17.1627524,42.5701378,42.5691388,17.1618195,42.5716833,17.164166
11003479041,3479,10,41,العداية,Al Addayah,17.1666307,42.5499738,42.5386706,17.1579589,42.5591022,17.1760285
11003479042,3479,10,42,قبه,Qibah,17.1856296,42.5460874,42.5399039,17.1775695,42.5523495,17.1916102
11003479043,3479,10,43,العواجمه,Aleawajimuh,17.1600978,42.460289,42.4541193,17.1531718,42.4666689,17.1636868
11003479044,3479,10,44,النزلـــه,Alnzlh,17.123555,42.4803999,42.4779526,17.1213973,42.4820073,17.1258575
11003479045,3479,10,45,البطيح,Albatih,17.1248945,42.4862793,42.4813484,17.1213973,42.4899648,17.1289999
11003479046,3479,10,46,الكومه,Alkawmuh,17.1295512,42.5025526,42.4937538,17.1255632,42.5099321,17.1362027
11003479047,3479,10,47,العشة,Al Ashah,17.2310953,42.5571858,42.5499096,17.2200762,42.5658365,17.2355949
11003479048,3479,10,48,حنقفه,Hanaqfah,17.1707084,42.4878924,42.4829101,17.1650147,42.4919114,17.1752343
11003479049,3479,10,49,ابو الطيور,Abu Altuyur,17.1589041,42.4994379,42.4921938,17.1547911,42.5056607,17.1646172
11003479050,3479,10,50,عوانه,Eawanah,17.1472606,42.5021772,42.4944725,17.1419908,42.5093234,17.1536643
11003479051,3479,10,51,العرضه,Al Ardah,17.1387609,42.4857147,42.4756615,17.1326686,42.4943312,17.1494514
11003479052,3479,10,52,حلة العرشي,Hulat Al Earshi,17.1426658,42.5551141,42.5518875,17.1403245,42.5580131,17.1445698
11003479053,3479,10,53,العسيله,Aleasiluh,17.1431743,42.5391939,42.5359827,17.1417276,42.5423511,17.1468699
11003479054,3479,10,54,الحقاويه,Alhaqawih,17.135181,42.5312182,42.5239681,17.13018,42.5364882,17.1399337
11003479055,3479,10,55,الشعاره,Al Shiarah,17.1060854,42.6282086,42.6250621,17.1035047,42.6324658,17.1078425
11003479056,3479,10,56,القواعة,Al Qawaea,17.107847,42.6227154,42.6204878,17.1055496,42.6255045,17.1096151
11003479057,3479,10,57,تيهان (حلة تيهان),Tyhan (Hulat Tyhan),17.0965549,42.6175469,42.6108636,17.0910537,42.6221645,17.0982507
11003479058,3479,10,58,الدواحشه,Al Dawahishah,17.1012248,42.6090149,42.6075154,17.0978871,42.6111722,17.1044501
11003479059,3479,10,59,الباطنه,Al Batinah,17.0986183,42.6039508,42.5998204,17.0944036,42.6054606,17.1011977
11003479060,3479,10,60,الشمه,Al Shamuh,17.0964859,42.5944615,42.5928271,17.0937288,42.5983514,17.1002908
11003479061,3479,10,61,الطراشه,Alt Arashah,17.0969474,42.5928062,42.5876765,17.0949357,42.5943227,17.0999314
11003479062,3479,10,62,جريبه,Jaribuh,17.1132552,42.5548124,42.5473314,17.1041406,42.5666222,17.11609
11003479063,3479,10,63,الهدوى,Alhadwaa,17.1221784,42.5393697,42.5368099,17.1206513,42.544141,17.1254074
11003479065,3479,10,65,حلة ابو حبيبه,Hulat Abu Habibuh,17.1027595,42.5383395,42.5323607,17.0971365,42.5453665,17.1081167
11003479066,3479,10,66,الحرف,Alharaf,17.0989504,42.5322513,42.5263573,17.0915526,42.5370535,17.1059477
11003479067,3479,10,67,المجديره,Almajdiruh,17.0998958,42.5240439,42.5215953,17.0966798,42.5271535,17.1026255
11003479068,3479,10,68,السبخة,Al Sabakhah,17.080907,42.5250494,42.5105584,17.0602278,42.5334401,17.087524
11003479069,3479,10,69,منسيه,Mansih,17.0875076,42.5004019,42.4956018,17.083837,42.5033027,17.0897266
11003479071,3479,10,71,الخواره,Al Khawarah,17.1183106,42.6329503,42.6218839,17.1114542,42.6382761,17.1270523
11003479072,3479,10,72,الهجاريه,Al Hajariah,17.1196547,42.6491872,42.6458275,17.1167023,42.6544985,17.1266764
11003479073,3479,10,73,الشواجرة والجرابية,Al Shawajirat Wal Jarabiyah,17.1186998,42.6444485,42.6417198,17.116317,42.6466155,17.1204996
11003479074,3479,10,74,الخواجيه,Al Khawajih,17.1207898,42.6410659,42.6384723,17.1190336,42.6426521,17.1239764
11003479075,3479,10,75,السوالمه,Al Sawalimah,17.1216714,42.6443032,42.6412502,17.119906,42.6469181,17.125252
11003479076,3479,10,76,النعامية,Al Naeamia,17.1346032,42.6366224,42.6332251,17.1319513,42.6384365,17.137269
11003479077,3479,10,77,الفقرة,Al Fiqarah,17.0958036,42.5668958,42.561659,17.0881512,42.5721896,17.100902
11003479078,3479,10,78,الزيديه,Alzaydiuh,17.080087,42.5463744,42.5395454,17.0744115,42.551949,17.0830949
11003479079,3479,10,79,الخوالده,Alkhawaliduh,17.0859463,42.553093,42.5493951,17.0820744,42.560186,17.0894997
11003479080,3479,10,80,ام العرش,Umm Alearsh,17.1022378,42.4999471,42.4914152,17.0955879,42.509121,17.1121108
11003479081,3479,10,81,الحمضيه,Alhimdih,17.1166384,42.4999214,42.4926293,17.1108533,42.5033903,17.118067
11003479082,3479,10,82,الصنيف,Alsanif,17.1229282,42.5030234,42.4989426,17.1204157,42.5067582,17.1245283
11003479083,3479,10,83,وجه الحسن,Wajah Alhasan,17.1415533,42.4646914,42.4538053,17.1339845,42.474851,17.1490011
11003479084,3479,10,84,قوز الجعافره,Qouz Al Jaafrah,17.1325299,42.4427886,42.4208565,17.1279283,42.4554917,17.1477183
11003479085,3479,10,85,العبده,Aleabduh,17.1391034,42.5086909,42.5046386,17.1369914,42.510385,17.1419491
11003479086,3479,10,86,حلة ابراهيم عيسى,Hulat Iibrahim Eisaa,17.1472373,42.5143572,42.5060666,17.1420094,42.5187372,17.1586246
11003479087,3479,10,87,الرجيع,Al Rajie,17.1422898,42.5139164,42.5094747,17.1376379,42.521934,17.1486038
11003479089,3479,10,89,الأثلة,Al Athlah,17.1748086,42.5163446,42.5092501,17.1635683,42.5261817,17.1774264
11003479090,3479,10,90,زربه,Zarabah,17.1099092,42.5389831,42.5350074,17.1044436,42.5446537,17.1151813
11003479091,3479,10,91,الجديين,Al Jidiayn,17.1142384,42.5741119,42.5615893,17.1067046,42.583301,17.1191882
11003479092,3479,10,92,شيبان,Shayban,17.1246819,42.5652164,42.562572,17.1224588,42.5675711,17.1271454
11003479093,3479,10,93,الحجرين,Alhajarayn,17.1175919,42.558055,42.5515132,17.1142347,42.5650032,17.1285044
11003479094,3479,10,94,زباره الجديين,Zubarah Al Jidyeen,17.1204459,42.5776454,42.5699635,17.1172933,42.5850457,17.1287662
11003479095,3479,10,95,حله محمد عيسى,Halah Muhamad Eisa,17.1269252,42.5919575,42.5862904,17.1227944,42.5959784,17.1299182
11003479096,3479,10,96,حله العقيبي,Halah Aleaqibiu,17.1414478,42.5852879,42.5822925,17.1399217,42.5877186,17.1437999
11003479097,3479,10,97,حله الحو تين,Halah Alhawa Tyn,17.1374166,42.6036612,42.6025216,17.1340845,42.6083707,17.1408254
11003479098,3479,10,98,حله الصهلولي,Halah Al Sahluli,17.1416031,42.6020372,42.5987122,17.139825,42.6038203,17.1428216
11003479099,3479,10,99,حله مشاري,Halah Mishary,17.1463077,42.5996755,42.5912066,17.1407756,42.6078026,17.14954
11003479100,3479,10,100,حله الحكمى,Halah Al Hukmaa,17.1583339,42.5785821,42.5761297,17.1568656,42.5802208,17.1600147
11003479101,3479,10,101,حله عبدالله قبع,Halah Abdullah Qabea,17.1574808,42.5736715,42.570774,17.1548412,42.5760414,17.1591866
11003479102,3479,10,102,حله الكلابيه,Halah Al Kalabih,17.1510485,42.572211,42.567419,17.1480539,42.5756343,17.1539636
11003479103,3479,10,103,حله بن علوان,Halah Bin Alwaan,17.1468887,42.5659397,42.5612686,17.1420715,42.5695193,17.148538
11003479104,3479,10,104,حلة المكي,Hulat Al Makki,17.1538932,42.5612925,42.5572069,17.1510671,42.5647264,17.1567985
11003479105,3479,10,105,حله ابو مرعي,Halah Abu Marei,17.1708007,42.5720029,42.5710671,17.1698692,42.5730417,17.171274
11003479106,3479,10,106,حله عطيه,Halah Attieh,17.1705693,42.5766295,42.573823,17.165339,42.5802039,17.1732194
11003479107,3479,10,107,الخضراء,Al Khadraa,17.1767541,42.581219,42.5776296,17.173202,42.5829656,17.1810089
11003479108,3479,10,108,الجمالة,Al Jammalah,17.1821362,42.5786616,42.5717935,17.1783201,42.5823327,17.1855342
11003479109,3479,10,109,الدحيقي,Al Daheeqi,17.1620937,42.6000201,42.5979611,17.1616412,42.6012659,17.1633316
11003479110,3479,10,110,قرية الجوابره,Qaryat Al Jawabirih,17.1664662,42.6028689,42.6012643,17.1653676,42.6040721,17.1679283
11003479111,3479,10,111,الزقله,Al Zaqlah,17.1918981,42.4862608,42.4822878,17.1882639,42.4902337,17.1955324
11003479112,3479,10,112,نورة,Nurah,17.1935331,42.5016621,42.4939006,17.1888374,42.5046851,17.1982684
11003479113,3479,10,113,جميما,Jameema,17.20403,42.5145372,42.5074467,17.1964265,42.5194484,17.2076709
11003479114,3479,10,114,المحاصيه,Al Mahasih,17.2149365,42.524153,42.5181162,17.2105385,42.5408694,17.2276163
11003479115,3479,10,115,الجاره القديمه,Al Jarah Al Qadiumah,17.2119317,42.5478238,42.5446604,17.2092751,42.5536601,17.2159185
11003479116,3479,10,116,الزينيه,Al Ziniyah,17.2188565,42.5518487,42.5500744,17.2175664,42.5543517,17.2207159
11003479117,3479,10,117,حلة علي بن موسى,Hulat Ali Bin Musa,17.2104128,42.5651745,42.5599349,17.2086801,42.5673068,17.2135525
11003479118,3479,10,118,الصامخ,Al Samikh,17.1985539,42.5601828,42.5533836,17.1940832,42.5675038,17.203029
11003479119,3479,10,119,الشقافه والمصاوفة,Al Shiqafah Wal Musawafa,17.208321,42.4809983,42.4766337,17.2046637,42.4857048,17.2132022
11003479120,3479,10,120,الكلبه,Al Kalabah,17.2339585,42.4688546,42.4611358,17.2248555,42.4733497,17.2398332
11003479121,3479,10,121,الفصاله والدغاريه,Al Fisalah Wal Dagharih,17.2264257,42.4578795,42.4469255,17.2200828,42.466356,17.2359309
11003479122,3479,10,122,الحوامضه جحيش,Al Hawamidah Jahish,17.2437208,42.4685023,42.461112,17.2384254,42.4794687,17.2540803
11003479123,3479,10,123,الشعافه,Al Shaeafah,17.2674027,42.4291966,42.4265003,17.259626,42.4353488,17.2738222
11003479124,3479,10,124,ابوالمقره,Abu Al Maqrah,17.2608276,42.4541998,42.4488344,17.2560029,42.459565,17.2656523
11003479125,3479,10,125,ام الشباقاء,Umm Al Shibaqa,17.2219951,42.6000293,42.5929176,17.2083011,42.6059727,17.2233698
11003479126,3479,10,126,اللخبصية,Al Lakhabsia,17.2033604,42.5996409,42.5918755,17.1985202,42.6118191,17.2129251
11003479127,3479,10,127,الشاخر,Al Shaakhir,17.2176733,42.5914992,42.5850503,17.212069,42.5950628,17.2256403
11003479128,3479,10,128,ابو السلع,Abu As Sala,17.2347242,42.6183367,42.5950183,17.2224993,42.6343021,17.2508034
11003479129,3479,10,129,الزيني,Al Zayni,17.0543427,42.5808174,42.574688,17.050526,42.5851784,17.0576217
11003479130,3479,10,130,العمارده,Al Amaridah,17.0373416,42.5944598,42.5896866,17.0346879,42.596428,17.0388285
11003479131,3479,10,131,الحواية,Al Hiwaya,17.0326995,42.5900433,42.5867329,17.0300335,42.593502,17.0364135
11003479132,3479,10,132,القصاده,Al Qasadah,17.0394247,42.5973863,42.592742,17.0376158,42.604535,17.0467144
11003479133,3479,10,133,النجابه و الجحاجح,Al Nijabah Wal Jahajih,17.0383126,42.6081733,42.6039586,17.0342008,42.6141516,17.0413253
11003479134,3479,10,134,العرجين,Al Arjeen,17.0398846,42.5817391,42.5708182,17.0269766,42.5909927,17.0522482
11003479135,3479,10,135,ابو الكرش,Abu Alkarsh,17.0702827,42.5620208,42.5554919,17.0576906,42.5672426,17.0726865
11003479136,3479,10,136,السداده,Alsidaduh,17.1208073,42.4756666,42.4737126,17.1192205,42.4776205,17.1223941
11003479137,3479,10,137,الرافعي,Al Rafie,17.1029571,42.6055372,42.6034425,17.0999484,42.6080478,17.1040243
11003525001,3525,10,1,حي السادلية,As Sadiliyah Dist.,16.9265462,42.8290178,42.8256416,16.9216459,42.8350357,16.9280991
11003525002,3525,10,2,حي الورود,Al Wurud  Dist.,16.9663542,42.8537713,42.838711,16.9601732,42.8664337,16.9766791
11003525003,3525,10,3,حي الصناعية,As Sinaiyah Dist.,16.9577292,42.8513136,42.8426554,16.9503881,42.8658287,16.9612919
11003525004,3525,10,4,حي القدس,Al Quds Dist.,16.9556453,42.8414283,42.8343794,16.9460026,42.8604405,16.9659303
11003525005,3525,10,5,حي الملك فهد,King Fahd Dist.,16.9581729,42.8315142,42.8136316,16.9521146,42.8370726,16.9629992
11003525006,3525,10,6,حي النهضة,An Nahdah Dist.,16.9670608,42.8332956,42.830957,16.9624593,42.838711,16.9692539
11003525007,3525,10,7,حي السلام,As Salam Dist.,16.9725863,42.8321841,42.8290696,16.9686143,42.8372222,16.9751718
11003525008,3525,10,8,حي الربيع,Ar Rabie Dist.,16.9760317,42.8303739,42.8222951,16.9738835,42.8345818,16.9843929
11003525009,3525,10,9,حي الزهور,Az Zuhur Dist.,16.9801342,42.8361612,42.8181231,16.9715641,42.8474419,16.9938794
11003525010,3525,10,10,حي النزهة,An Nuzhah Dist.,16.9741619,42.8413841,42.8361929,16.9659303,42.850003,16.9803311
11003525011,3525,10,11,حي الروضة,Ar Rawdah Dist.,16.9661156,42.8141676,42.809883,16.957756,42.8189803,16.9735243
11003525012,3525,10,12,حي الخالدية,Al Khalidiyah Dist.,16.9650961,42.8281367,42.8178327,16.9600262,42.8335034,16.9686143
11003525013,3525,10,13,حي النسيم,Al Naseem Dist.,16.9687573,42.8243535,42.8175734,16.9657274,42.830957,16.9727353
11003525014,3525,10,14,حي الاندلس,Al Andalus Dist.,16.9797333,42.8221873,42.8104736,16.9722399,42.8295866,16.9880228
11003525015,3525,10,15,حي الصفا,As Safa Dist.,16.9760788,42.8159636,42.8098789,16.9708812,42.8254362,16.9835913
11003525016,3525,10,16,حي العقدة,Al Uqdah Dist.,17.0025801,42.8054075,42.8026279,16.9965045,42.8127134,17.0085739
11003525017,3525,10,17,حي المريخية,Al Muraikhiyah Dist.,16.946984,42.7939715,42.7905714,16.9445275,42.7966915,16.9502703
11003525018,3525,10,18,حي المهدج,Al Muhdaj Dist.,17.0084843,42.8533542,42.8408828,16.9989361,42.8613939,17.0170481
11003525019,3525,10,19,حي قويعية,Quwaiyyah Dist.,16.9765838,42.7941179,42.7888522,16.9716192,42.8026597,16.9817185
11003525020,3525,10,20,حي قامرة,Kamirah Dist.,16.9965714,42.8006152,42.7946935,16.9882324,42.8052587,17.0014341
11003525021,3525,10,21,حي حاكمة ابي عريش,Hakimat Abi Arish Dist.,17.0084593,42.8298176,42.8107337,17.0012665,42.8436099,17.0152294
11003525022,3525,10,22,حي الشاقة,Ash Shakah Dist.,16.9335695,42.8398498,42.8373215,16.9312261,42.8427516,16.9348571
11003542001,3542,10,1,حي الركوبة,Ar Rakubah Dist.,16.6219832,42.9676459,42.9633575,16.6149114,42.9733787,16.6271408
11003542002,3542,10,2,حي الجردية,Al Jurdiyyah Dist.,16.5827674,42.9254592,42.9215085,16.5804781,42.9281001,16.5850307
11003542003,3542,10,3,حي الجرادية,Al Jaradiyah Dist.,16.5810724,42.914438,42.9031991,16.5761935,42.9226681,16.5947887
11003542004,3542,10,4,حي صامطة,Samtah Dist.,16.5939877,42.9339297,42.9082424,16.5843679,42.9579663,16.61854
11003542005,3542,10,5,حي الطرشية,Al Turshiah Dist.,16.5768265,42.9496645,42.9417229,16.5707575,42.9553885,16.5800991
11003542006,3542,10,6,حي مجعر,Majaar Dist.,16.6077529,42.9909364,42.981577,16.6032909,42.9999228,16.6178285
11003542007,3542,10,7,حي الخضراء,Al Khadra Dist.,16.5875434,42.9644031,42.9566559,16.5806773,42.9750147,16.5961849
11003542008,3542,10,8,الواسط,Al Wasit,16.5430616,42.8567757,42.853261,16.5398821,42.8610206,16.5451219
11003542009,3542,10,9,حي الزاوية,Al Zawiyah Dist.,16.6376527,42.8937079,42.8898946,16.6347781,42.8975609,16.6392311
11003597001,3597,10,1,حي الربيع,Ar Rabie Dist.,17.0366532,43.0859529,43.0755379,17.033234,43.0927214,17.039315
11003597002,3597,10,2,حي الروابى,Ar Rawabi Dist.,17.0319404,43.0820055,43.0732813,17.0269096,43.0899548,17.0362187
11003597003,3597,10,3,حي النخيل,Al Nakhil Dist.,17.0435301,43.0788486,43.0706098,17.0362891,43.0908619,17.0501398
11003652001,3652,10,1,حي الغصينية,Al Ghusainiah Dist.,16.7032105,42.9635252,42.9559655,16.6982194,42.9686429,16.7092606
11003652002,3652,10,2,حي الواسط,Al Wasit Dist.,16.7101201,42.9621769,42.9578822,16.7048929,42.96763,16.7132164
11003652003,3652,10,3,حي العمارية,Al Amariyah Dist.,16.7140057,42.9540875,42.9493648,16.7110509,42.9565241,16.7204876
11003652004,3652,10,4,حي القسوم,Al Qasum Dist.,16.7149647,42.9492643,42.9429548,16.7116832,42.9523595,16.7200746
11003652005,3652,10,5,حي الصفا,As Safa Dist.,16.7142606,42.9575865,42.955423,16.71156,42.9665251,16.7200982
11003652006,3652,10,6,حي البياطرية,Al Bayatirah Dist.,16.7183312,42.9768899,42.9654661,16.7132164,42.9849324,16.7242405
11003652007,3652,10,7,حي خلب,Khalab Dist.,16.7163898,42.9770322,42.9665251,16.709261,42.9837888,16.718393
11003652008,3652,10,8,حي الروضة,Ar Rawdah Dist.,16.7134684,42.9430975,42.9382773,16.709418,42.9475651,16.7204878
11003652009,3652,10,9,حي العز,Al Izz Dist.,16.7080528,42.9440586,42.9385658,16.7001346,42.9510119,16.7125547
11003652010,3652,10,10,حي البلدية,Al Baladiah Dist.,16.7001205,42.9505876,42.9421362,16.6974342,42.9571499,16.7076749
11003652011,3652,10,11,حي الميزاب,Al Mizab  Dist.,16.7095259,42.9554623,42.9535879,16.7076163,42.9592885,16.71245
11003652012,3652,10,12,حي المنزم,Al Manzam Dist.,16.705889,42.9558024,42.954125,16.7004708,42.9615017,16.7080365
11003652013,3652,10,13,حي المطلع,Al Mutalla Dist.,16.7092251,42.9531127,42.9475932,16.7022055,42.9550105,16.7125164
11003652014,3652,10,14,حي الحصامة,Al Hasamah Dist.,16.6835751,42.9250731,42.9192671,16.6794398,42.9321127,16.6889571
11003652015,3652,10,15,المنطقة الصناعية,Industrial Area,16.7276238,42.9335844,42.9230331,16.7183005,42.9429548,16.7374114
11003652016,3652,10,16,حي حكامية العز,Hakimiat Al Iz Dist.,16.700804,42.933308,42.9276369,16.6914278,42.9421362,16.709418
11003652017,3652,10,17,حي حاكمة الدغارير,Hakimat Al Dagharir Dist.,16.682523,42.9751098,42.9704803,16.6793899,42.9830104,16.686713
11003652018,3652,10,18,حي الدغارير,Al Dagharir Dist.,16.6762847,42.9579176,42.9539239,16.673702,42.9651443,16.6814808
11102522001,2522,11,1,حي الصالحية,As Salihiyah Dist.,18.5092338,44.2278016,44.2144066,18.5029099,44.234413,18.5150985
11102522002,2522,11,2,حي يدمة الثاني,Yadamah Al Thani Dist.,18.5345308,44.2061593,44.202903,18.5285628,44.2145086,18.5393939
11102522003,2522,11,3,حي جنوب يدمة,Janub Yadamah Dist.,18.5232396,44.209945,44.2082972,18.5181551,44.2186451,18.528135
11102522004,2522,11,4,حي يدمة الاول,Yadamah Al Awal Dist.,18.5290816,44.2061635,44.2024432,18.5229883,44.2126764,18.5351078
11102522005,2522,11,5,حي الحزام الشرقي,Al Hizam Ash Sharqi Dist.,18.5371792,44.2146115,44.2108731,18.5330589,44.2206517,18.5433222
11103347001,3347,11,1,حي الفيصلية,Al Faisaliyah Dist.,17.4895714,47.1182929,47.1106824,17.4856302,47.1232171,17.4932341
11103347002,3347,11,2,حي السوق,As Suq Dist.,17.4847231,47.1107476,47.1076746,17.4816645,47.1143283,17.4934267
11103347003,3347,11,3,حي جنوب المستشفى العسكري,Janub Al Mustashfa Al Askari Dist.,17.4762613,47.1023487,47.0964251,17.4743603,47.1091168,17.4777344
11103347004,3347,11,4,حي سلطانة,Sultanah Dist.,17.4813245,47.111793,47.1084226,17.4757339,47.1164007,17.4825549
11103347005,3347,11,5,حي المستشفى العسكري,Al Mustashfa Al Askari Dist.,17.478204,47.1024572,47.0970438,17.4762464,47.1088825,17.4816645
11103347006,3347,11,6,حي الروضة الشمالية,Ar Rawdah Ash Shamaliyyah Dist.,17.5083265,47.1052636,47.0963776,17.503468,47.1107608,17.5126715
11103347007,3347,11,7,مخطط ا,Subdivision Plan A,17.4935421,47.0933485,47.0783499,17.4720577,47.102313,17.5108771
11103347008,3347,11,8,مخطط ب,Subdivision Plan B,17.5008078,47.079393,47.0697496,17.4882443,47.0876673,17.5106836
11103347009,3347,11,9,حي الصناعية,As Sinaiiyah Dist.,17.4929861,47.0660817,47.0518063,17.4848684,47.0766146,17.5032407
11103347010,3347,11,10,حي الفهد,Al Fahd Dist.,17.4911611,47.1037829,47.0982683,17.4799619,47.1084226,17.4998988
11103347011,3347,11,11,حي الروضة الجنوبية,Ar Rawdah Al Janubiyyah Dist.,17.5012659,47.1077778,47.1004321,17.499713,47.1119747,17.5052846
11103347012,3347,11,12,حي النزهة,An Nuzhah Dist.,17.4870792,47.0740482,47.0566748,17.4722988,47.0812493,17.492053
11103396001,3396,11,1,حي حبونا,Hubuna Dist.,17.8482675,44.0212073,44.0092936,17.8382712,44.0331156,17.8565472
11103417001,3417,11,1,حي العان,Al Aan Dist.,17.4848973,44.1002847,44.090159,17.4792086,44.1110952,17.5097092
11103417002,3417,11,2,حي الشرفة الجنوبية,South Shurfah Dist.,17.5000267,44.3431876,44.3249943,17.4832718,44.3657005,17.5070024
11103417003,3417,11,3,حي الغويلا ب,Al Ghuwayla B,17.5599886,44.363685,44.323519,17.5473158,44.4097335,17.5819609
11103417004,3417,11,4,حي القابل,Al Qabil Dist.,17.488572,44.1728329,44.1513122,17.4718323,44.1906467,17.5072561
11103417005,3417,11,5,حي شرق رجلا,East Rajla Dist.,17.5153065,44.2443276,44.2399259,17.4757061,44.2676367,17.5263421
11103417006,3417,11,6,حي الشبهان,Al Shabhan Dist.,17.4812096,44.1104203,44.0970314,17.4712955,44.1209266,17.4886033
11103417007,3417,11,7,حي صهبان,Sahban Dist.,17.6054736,44.3606273,44.335294,17.5844097,44.3859206,17.6164179
11103417009,3417,11,9,حي شعب رير,Shiab Reer Dist.,17.4673893,44.1590006,44.1445862,17.4491494,44.1720399,17.4743284
11103417010,3417,11,10,حي الصناعية,As Sinaiyah Dist.,17.5905391,44.3445309,44.3343479,17.5748207,44.3523814,17.6050452
11103417011,3417,11,11,حي المعامر,Al Maamir Dist.,17.5308005,44.2894719,44.2642433,17.5190723,44.3242401,17.5419099
11103417012,3417,11,12,حي زور الحارث,Zawr Al Harith Dist.,17.4644761,44.0659356,44.04485,17.4551143,44.0704856,17.482333
11103417013,3417,11,13,حي ريمان,Rayman Dist.,17.5487876,44.3868855,44.3562314,17.5310415,44.4295844,17.56158
11103417014,3417,11,14,حي الخالدية,Al Khalidiyah Dist.,17.5370442,44.2328139,44.2166629,17.5208347,44.2642094,17.5507373
11103417015,3417,11,15,حي الامير مشعل,Prince Mishal Dist.,17.5520998,44.2352388,44.2238631,17.5429406,44.2523231,17.5621274
11103417016,3417,11,16,المطار,Airport,17.6108222,44.3876066,44.3553858,17.5821068,44.4628577,17.666333
11103417017,3417,11,17,حي الجربة,Al Jurbah Dist.,17.469747,44.1397418,44.123513,17.459484,44.1595468,17.4832595
11103417018,3417,11,18,حي الحصين,Al Husayn Dist.,17.5001305,44.2030404,44.1874355,17.4898399,44.2130873,17.5099269
11103417019,3417,11,19,حي المركب,Al Markab Dist.,17.5386236,44.3450219,44.3237438,17.5291197,44.3642461,17.5457047
11103417020,3417,11,20,حي أبا السعود,Aba Al Saud Dist.,17.4848377,44.1321931,44.1187224,17.4716963,44.1520992,17.4979678
11103417021,3417,11,21,حي نهوقة,Nahuqah Dist.,17.4401553,44.1135828,44.0932049,17.4062202,44.1329224,17.4597839
11103417022,3417,11,22,حي صحيفات,Sahifat Dist.,17.5360567,44.3670238,44.3588715,17.5177279,44.387924,17.5443005
11103417023,3417,11,23,حي بنى سلمان,Bani Salman Dist.,17.4932324,44.1287554,44.1022506,17.483837,44.1504727,17.5245455
11103417024,3417,11,24,حي زور العماري,Zawr Al Ammari Dist.,17.4409127,44.0656415,44.0513499,17.4215965,44.0799984,17.4549303
11103417025,3417,11,25,حي تصلال,Thasallal Dist.,17.5997594,44.4880635,44.4662098,17.5850682,44.5091761,17.6224481
11103417026,3417,11,26,حي جنوب الجامعة,South Of University Dist.,17.5933378,44.5354179,44.5089921,17.586281,44.5673436,17.6160117
11103417027,3417,11,27,حي الخرعاء,Al Khuraa Dist.,17.5597354,44.5527303,44.5190517,17.5213325,44.578459,17.5868826
11103417028,3417,11,28,حي الصفا,As Safa Dist.,17.4666561,44.0773778,44.0662624,17.4601793,44.0893838,17.475165
11103417029,3417,11,29,حي سقام,Suqam Dist.,17.4776969,44.2174806,44.1843066,17.4518342,44.2258628,17.4956313
11103417030,3417,11,30,حي أبا الخريـت,Aba Al Khareet Dist.,17.5441506,44.3293381,44.3194891,17.5349182,44.3352263,17.5621175
11103417031,3417,11,31,حي فواز,Fawaz Dist.,17.480304,44.2324604,44.220587,17.4539592,44.2627886,17.4930909
11103417032,3417,11,32,حي الاثايبة,Al Athaybah Dist.,17.5693169,44.2485345,44.2288888,17.5487213,44.2738485,17.5877368
11103417033,3417,11,33,حي العريسة,Al Uraysah Dist.,17.5568079,44.3043994,44.2940778,17.537633,44.3262985,17.5692615
11103417034,3417,11,34,حي صاغر,Saaghir Dist.,17.5230079,44.2139956,44.2037054,17.508508,44.2277128,17.5395544
11103417035,3417,11,35,حي المسماة,Al Masmat Dist.,17.543478,44.2816398,44.2607868,17.535664,44.2987396,17.554014
11103417036,3417,11,36,حي الفيصلية,Al Faisaliyah Dist.,17.5303186,44.2041775,44.1791345,17.5090225,44.2242041,17.5507665
11103417037,3417,11,37,حي شرق المطار أ,East Airport A,17.6316853,44.4664665,44.4538679,17.6178227,44.4892085,17.646989
11103417038,3417,11,38,جامعة نجران,Najran University,17.6410637,44.5171677,44.5029085,17.6131036,44.560654,17.6705288
11103417039,3417,11,39,حي الحضن,Al Hadn Dist.,17.4667785,44.1053604,44.0922465,17.4547322,44.1260594,17.4746076
11103417040,3417,11,40,حي الموفجة,Al Mawfijah Dist.,17.4413805,44.0588198,44.0245113,17.4134187,44.0686347,17.4601793
11103417041,3417,11,41,حي غرب الدارة,Al Darah West Dist.,17.675857,44.489876,44.4604315,17.6597831,44.5341062,17.7199803
11103417042,3417,11,42,حي بئر أبين,Bir Abayn Dist.,17.5224294,44.2432772,44.2260233,17.5170552,44.267136,17.5358056
11103417043,3417,11,43,حي برك,Barak Dist.,17.5488956,44.3459607,44.3333661,17.5417816,44.357629,17.5623211
11103417044,3417,11,44,حي الفهد,Al Fahd Dist.,17.5772059,44.2279125,44.203632,17.5575104,44.241518,17.59893
11103417045,3417,11,45,حي الحايرة,Al Hayirah Dist.,17.5734944,44.4864612,44.4623835,17.5579254,44.5196047,17.5864537
11103417046,3417,11,46,حي الرويكبة,Al Ruwaikibah Dist.,17.5565695,44.4375848,44.4229409,17.537967,44.4581377,17.567607
11103417047,3417,11,47,حي شعب بران,Shuab Bran Dist.,17.4840107,44.0821903,44.0646273,17.4690652,44.0936466,17.5009712
11103417048,3417,11,48,حي النهضة,Al Nahdah Dist.,17.6540032,44.4674178,44.4406307,17.6393817,44.4741412,17.6708608
11103417049,3417,11,49,حي الغويلا د,Ghuwayla D Dist.,17.5828395,44.451321,44.3927399,17.5565795,44.4691292,17.6231528
11103417050,3417,11,50,حي المشعلية الشمالية,North Mishaliyah Dist.,17.7660131,44.4572094,44.4323247,17.7550711,44.4834715,17.7820407
11103417051,3417,11,51,حي الشعبة الغربية,West Shuabah Dist.,17.6895376,44.4630743,44.4235778,17.6643352,44.4735634,17.7393905
11103417052,3417,11,52,حي دحضة,Dahdah Dist.,17.5035114,44.1619956,44.1411783,17.4850979,44.1881529,17.5317726
11103417053,3417,11,53,حي الغويلا أ,Ghuwayla A Dist.,17.5783977,44.3525648,44.3245185,17.5661646,44.3930619,17.5985021
11103417054,3417,11,54,حي الابرقين,Al Abraqeen Dist.,17.5236596,44.5983485,44.5770656,17.5184501,44.6330884,17.5387682
11103417055,3417,11,55,حي ابا الرشاش,Aba Al Rashash Dist.,17.5916336,44.2419607,44.2225192,17.5824154,44.2581082,17.6134237
11103417056,3417,11,56,حي العريسة,Al Uraysah Dist.,17.5675529,44.3036374,44.2713415,17.5512065,44.3362252,17.6273215
11103417057,3417,11,57,حي سلوى,Salwa Dist.,17.4713739,44.0936566,44.0807991,17.4623606,44.1064801,17.4822677
11103417058,3417,11,58,حي زور وادعة,Zawr Wadiah Dist.,17.4504569,44.0799434,44.0677912,17.4357446,44.0992221,17.4633904
11103417059,3417,11,59,حي نهيقة,Nahiqah Dist.,17.4573098,44.1321668,44.1250563,17.439162,44.1528492,17.466345
11103417060,3417,11,60,حي الشرفة الغربية,West Shurfah Dist.,17.5117649,44.2931144,44.2561877,17.4887549,44.3285253,17.5237387
11103417061,3417,11,61,حي الغويلا ج,Ghuwayla C Dist.,17.5657108,44.4286137,44.396901,17.5535185,44.4549522,17.5835517
11103417062,3417,11,62,حي الخضراء القديمة,Al Khadra Al Qadimah Dist.,17.5571988,44.4816419,44.4578595,17.5217579,44.5195257,17.5786025
11103417063,3417,11,63,حي شرق المطار ج,East Airport C,17.6550686,44.4988601,44.4864615,17.6428559,44.5092678,17.6617318
11103417064,3417,11,64,حي شرق المطار د,East Airport D,17.6254968,44.4925762,44.4775228,17.6174956,44.5048203,17.6430937
11103417065,3417,11,65,حي شرق المطار ب,East Airport B,17.6518401,44.4787025,44.469732,17.6402936,44.4908238,17.6603964
11103417066,3417,11,66,حي شرق الدارة,East Darah Dist.,17.6700852,44.5156938,44.5008105,17.6563635,44.5542942,17.7504262
11103417067,3417,11,67,حي الشعبة الشرقية,East Shuabah Dist.,17.7333312,44.4790002,44.4540273,17.7090502,44.5022347,17.7454774
11103417068,3417,11,68,حي المشعلية الجنوبية,South Mishaliyah Dist.,17.7532792,44.4694327,44.4370431,17.738469,44.491131,17.7577736
11103417069,3417,11,69,حي الـرمال,Al Rimal Dist.,17.5234836,44.6638254,44.6329716,17.5185885,44.6867801,17.5400444
11103417070,3417,11,70,حي رجلا الشماليـة,North Rajla Dist.,17.510422,44.2253848,44.2057213,17.4955904,44.2432924,17.5196036
11103417071,3417,11,71,حي الاخدود,Al Ukhdud Dist.,17.4756737,44.1767713,44.1648462,17.4533823,44.1953161,17.4923688
11103417072,3417,11,72,حي رجلا الجنوبية,South Rajla Dist.,17.4901582,44.2299287,44.2130276,17.4816363,44.2481084,17.502648
11103417073,3417,11,73,حي الشرفة الشمالية,North Shurfah Dist.,17.5229848,44.3118214,44.2666369,17.5014459,44.3727974,17.5333176
11103417074,3417,11,74,حي المخيم,Al Mukheem Dist.,17.5590775,44.2223223,44.2137111,17.5498941,44.227462,17.5632703
11201531001,1531,12,1,حي الشطيبة,Shateebah Dist.,19.854166,41.5953561,41.5821399,19.841065,41.6049286,19.8619961
11201542001,1542,12,1,حي الشروق,Al Shorouk Dist.,20.0875315,41.5447097,41.5122997,20.06408,41.5867687,20.1148164
11201542002,1542,12,2,حي النسيم,Al Naseem Dist.,20.0851364,41.5622996,41.5236407,20.0467412,41.6035185,20.1256425
11201542003,1542,12,3,حي السلامة,As Salamah Dist.,20.0496957,41.5132131,41.4983834,20.0401568,41.5261289,20.06408
11201542004,1542,12,4,حي الصفا,Al Safa Dist.,20.0656976,41.486929,41.4480203,20.0403871,41.5236407,20.0855063
11201542005,1542,12,5,حي الازهر,Al Azhar Dist.,20.0784168,41.4242996,41.4056923,20.054902,41.4500607,20.1209878
11201542006,1542,12,6,حي الضباب,Ad Dabab Dist.,20.0410974,41.4313372,41.4030928,20.0102928,41.4497899,20.0620084
11201542007,1542,12,7,حي شهبة,Shahbah Dist.,20.0465785,41.4679072,41.4469549,20.0342926,41.4960048,20.0595974
11201542008,1542,12,8,حي النزهة,An Nuzhah Dist.,20.0257531,41.4898788,41.4669126,20.0078499,41.5163093,20.0427274
11201542009,1542,12,9,حي الربوة,Ar Rabwah Dist.,19.9922117,41.5215354,41.4913542,19.9629684,41.5579319,20.0273361
11201542010,1542,12,10,حي الشفا,Ash Shifa Dist.,20.0204185,41.4412402,41.4170442,19.9923482,41.4669126,20.0365538
11201542011,1542,12,11,حي البريدة,Al Buraydah Dist.,19.9921115,41.4888948,41.4707201,19.9795809,41.5056327,20.0079006
11201542012,1542,12,12,حي المرتفعات,Al Murtafat Dist.,19.9796958,41.5004134,41.4661052,19.9397724,41.53323,20.0005482
11201542013,1542,12,13,حي الروضة,Al Rawdha Dist.,19.9901098,41.4697775,41.4529872,19.9736145,41.4764712,20.0003807
11201542014,1542,12,14,حي الباهر,Al Baher Dist.,20.0295818,41.4642937,41.4488989,20.0116763,41.4838927,20.0400051
11201542015,1542,12,15,حي الحجاز,Al Hijaz Dist.,20.091851,41.4617555,41.4420877,20.0656418,41.4765874,20.1117719
11201542016,1542,12,16,حي ج1,1 C Dist.,20.1130963,41.4435638,41.3762497,20.1022991,41.4979649,20.1581138
11201542017,1542,12,17,حي ج2,2 C Dist.,20.0731208,41.4033956,41.3571517,20.0139352,41.4238212,20.1264173
11201542018,1542,12,18,حي ج4,4 C Dist.,20.0979378,41.524035,41.4990853,20.0852542,41.5550782,20.1197434
11201542019,1542,12,19,حي ج5,5 C Dist.,20.0925364,41.491304,41.4646504,20.0730315,41.5127954,20.1201805
11201542020,1542,12,20,حي الطفير,At Tafeer Dist.,20.0077121,41.4822244,41.4597143,19.9962688,41.5029461,20.0175687
11202819001,2819,12,1,مخطط المطار,Al Matar Subdivision Plan,20.2849978,41.6587706,41.6403906,20.2762569,41.668382,20.2949384
11202819002,2819,12,2,حي الغوث,Al Goth Dist.,20.2393515,41.6540186,41.629767,20.2264353,41.6753197,20.2595252
11302226001,2226,13,1,حي حصيدة,Husaydah Dist.,31.3155636,37.3642285,37.3530277,31.3079475,37.3741442,31.333787
11302226003,2226,13,3,حي الملك فهد,King Fahd Dist.,31.3290852,37.3201046,37.3062396,31.319912,37.3343533,31.3390214
11302226004,2226,13,4,حي الفيصلية,Al Faisaliyah Dist.,31.3451113,37.3275728,37.3209909,31.3305923,37.341639,31.3535151
11302226006,2226,13,6,حي الصناعية,As Sinaiyah Dist.,31.3446896,37.3510399,37.3381105,31.3360187,37.3619964,31.349724
11302226012,2226,13,12,حي الشفا,Ash Shifa Dist.,31.3221577,37.3415379,37.3257928,31.3064764,37.3491119,31.327955
11302226015,2226,13,15,حي المروج,Al Muruj Dist.,31.3104645,37.3571988,37.3432232,31.2993311,37.3647919,31.3230155
11302226016,2226,13,16,حي الورود,Al Wurud Dist.,31.3711442,37.281177,37.2599456,31.3483581,37.2985729,31.3888058
11302226017,2226,13,17,حي الرحمة,Ar Rahmah Dist.,31.3087889,37.3154304,37.2956589,31.2953671,37.3290848,31.3289104
11302226018,2226,13,18,حي العزيزية,Al Aziziyah Dist.,31.3283336,37.3445713,37.328907,31.3185536,37.3601359,31.3444167
11302226019,2226,13,19,حي السلام,As Salam Dist.,31.3275741,37.4009934,37.3869555,31.321481,37.408972,31.3401717
11302226020,2226,13,20,حي الجوهرة,Al Jawharah  Dist.,31.2864214,37.4156018,37.3962814,31.271368,37.4318802,31.3071795
11302226021,2226,13,21,حي النرجس,An Narjis Dist.,31.2716302,37.4798489,37.4597516,31.253947,37.5022552,31.2863514
11302226022,2226,13,22,حي الازدهار,Al Izdihar Dist.,31.2686686,37.4641237,37.4381,31.2380187,37.4901464,31.2876056
11302226023,2226,13,23,حي النفل,Al Nafl Dist.,31.2678881,37.3879543,37.3754293,31.2541087,37.4197095,31.2875968
11302226024,2226,13,24,حي الريحان,Ar Raihan Dist.,31.2856363,37.3394066,37.3219108,31.2749032,37.3540272,31.2990498
11302226025,2226,13,25,حي الدانة,Ad Danah Dist.,31.3022915,37.440822,37.4338904,31.2977479,37.4481304,31.3070986
11302226026,2226,13,26,حي النخيل,Al Nakhil Dist.,31.2790815,37.3692537,37.3521447,31.2650304,37.3899126,31.3071837
11302226027,2226,13,27,حي الريان,Ar Rayan Dist.,31.315544,37.4073795,37.3928534,31.3014949,37.4137427,31.3239132
11302226028,2226,13,28,حي الياسمين,Al Yasmin Dist.,31.3981567,37.273477,37.2303337,31.3845267,37.3023259,31.4097195
11302226029,2226,13,29,حي الرسالة,Al Risalah Dist.,31.4126728,37.3945769,37.3722298,31.4051358,37.4007455,31.4283082
11302226030,2226,13,30,حي الاندلس,Al Andalus Dist.,31.2101837,37.4765944,37.4436504,31.1828687,37.4877033,31.2218535
11302226031,2226,13,31,حي الروضة,Ar Rawdah Dist.,31.235727,37.4511653,37.4212389,31.205221,37.4729928,31.2434988
11302226032,2226,13,32,حي الشروق,Ash Shuruq Dist.,31.2416357,37.4554811,37.4443878,31.2223575,37.4822389,31.2556144
11302226033,2226,13,33,حي الوادي,Al Wadi Dist.,31.2650329,37.5275099,37.5210853,31.2570285,37.5372004,31.271613
11302226034,2226,13,34,حي الخزامى,Al Khuzama Dist.,31.3493692,37.312441,37.2967679,31.33444,37.3335251,31.3578436
11302226035,2226,13,35,حي الرواد,Ar Ruwad Dist.,31.3444993,37.3758549,37.3612815,31.3312012,37.3986469,31.3588303
11302226036,2226,13,36,حي الروابي,Ar Rawabi Dist.,31.3543172,37.3449226,37.330394,31.3461413,37.3686558,31.3680468
11302226037,2226,13,37,حي الفرسان,Al Fursan Dist.,31.3518864,37.2905053,37.2731786,31.3077468,37.3115631,31.3738732
11302226038,2226,13,38,حي البادية,Al Badiyah Dist.,31.3785256,37.3532337,37.3459239,31.3706466,37.3588805,31.3857535
11302226039,2226,13,39,حي المنار,Al Manar Dist.,31.369099,37.3252919,37.3052161,31.3550326,37.3422744,31.3881398
11302226040,2226,13,40,حي الامير عبدالاله بن عبدالعزيز,Prince Abdulellah Bin Abdulaziz Dist.,31.3664239,37.2985445,37.2831295,31.3508554,37.324652,31.3872475
11302226041,2226,13,41,حي الواحة,Al Wahah Dist.,31.3301108,37.3825335,37.3658149,31.320931,37.3938982,31.3426998
11302226042,2226,13,42,حي الغدير,Al Ghadir Dist.,31.3415674,37.3654538,37.3554186,31.3310192,37.3735891,31.346064
11302226043,2226,13,43,حي الرحاب,Al Rehab Dist.,31.2980905,37.3186662,37.3080993,31.2868897,37.3376846,31.3148926
11302226044,2226,13,44,حي الندى,An Nada Dist.,31.4080375,37.3966533,37.3821576,31.3869948,37.4120626,31.4123809
11302226045,2226,13,45,حي الربيع,Ar Rabie Dist.,31.3161863,37.3804569,37.368623,31.3071806,37.396853,31.326956
11302226046,2226,13,46,حي الامل,Al Amal Dist.,31.3998296,37.3148269,37.2988275,31.379376,37.3306729,31.4046543
11302226047,2226,13,47,حي الزيتون,Az Zaytun Dist.,31.3037937,37.378134,37.3640182,31.28666,37.3971878,31.3151888
11302226048,2226,13,48,حي النهضة,An Nahdah Dist.,31.2514406,37.4266899,37.4020175,31.2309075,37.4431922,31.2645039
11302226049,2226,13,49,حي الرفاع,Ar Rifaa Dist.,31.2994659,37.3455222,37.32972,31.2919618,37.3524376,31.3123305
11302226050,2226,13,50,حي الصفاء,Al Safa Dist.,31.3999594,37.3488367,37.3465685,31.3978308,37.3510206,31.4020565
11302226051,2226,13,51,حي النزهة,An Nuzhah Dist.,31.2619709,37.4408998,37.4211301,31.2426769,37.4598643,31.2761696
11302226052,2226,13,52,حي الزمرد,Az Zumorud Dist.,31.2801981,37.4369675,37.4093922,31.2633716,37.4555697,31.2919641
11302229001,2229,13,1,حي الفيصلية,Al Faisaliyah Dist.,30.7216752,37.9678361,37.9581971,30.7155107,37.9746981,30.7290573
11302229002,2229,13,2,حي السلام,As Salam Dist.,30.7155535,38.0084268,38.0069127,30.7128025,38.0151127,30.7254419
11302229003,2229,13,3,حي المنار,Al Manar Dist.,30.7386771,37.9440213,37.9421951,30.737455,37.9449105,30.74012
11302229004,2229,13,4,حي الربوة,Ar Rabwah Dist.,30.7298412,37.9697541,37.9647437,30.7259228,37.9782547,30.7315902
11302229005,2229,13,5,حي العزيزية,Al Aziziyah Dist.,30.7195445,37.9776531,37.9700667,30.7146386,37.9866868,30.7277093
11302229006,2229,13,6,حي الجوهرة,Al Jawharah  Dist.,30.720355,37.9307678,37.9262029,30.7174892,37.9340202,30.7254016
11302229007,2229,13,7,حي الاندلس,Al Andalus Dist.,30.7220476,37.9940636,37.9867143,30.7141363,38.0028587,30.7281274
11302229008,2229,13,8,حي السليمانية,As Sulimaniyah Dist.,30.7103305,37.9786709,37.9754418,30.7050509,37.9876656,30.7155859
11302229009,2229,13,9,حي البستان,Al Bustan Dist.,30.7176536,37.9913303,37.9854316,30.7122248,37.9983402,30.7225997
11302234001,2234,13,1,حي الصالحية,As Salhiyah Dist.,30.1137376,40.4116636,40.4058739,30.101242,40.429315,30.1196398
11302234002,2234,13,2,حي الفرسان,Al Fursan Dist.,30.1282334,40.4052227,40.3959201,30.1170623,40.4206674,30.1397538
11302234003,2234,13,3,حي النزهة,An Nuzhah Dist.,30.0898405,40.3893252,40.3837359,30.0788394,40.3965185,30.1006266
11302234004,2234,13,4,حي الربوة,Ar Rabwah Dist.,30.1536035,40.4341952,40.4186517,30.1449037,40.4465613,30.1665506
11302234005,2234,13,5,حي الشفاء,Ash Shifa Dist.,30.1330899,40.3703454,40.3642082,30.1215083,40.3866981,30.1408009
11302234006,2234,13,6,حي الريان,Ar Rayaan Dist.,30.1329567,40.4273715,40.4189833,30.1186874,40.437986,30.1387824
11302234007,2234,13,7,حي التلال,At Talal Dist.,30.155569,40.4022233,40.3903846,30.146768,40.4194901,30.1641077
11302234008,2234,13,8,حي الحزم,Al Hazm Dist.,30.1343631,40.4079414,40.3931618,30.1271556,40.4188259,30.1477352
11302234009,2234,13,9,حي الهدا,Al Hada Dist.,30.1382143,40.4276768,40.4186517,30.1334774,40.4446154,30.146768
11302234010,2234,13,10,حي الفيصلية,Al Faisaliyah Dist.,30.1229499,40.3910623,40.3795777,30.1115485,40.4059086,30.1256654
11302234011,2234,13,11,حي العزيزية,Al Aziziyah Dist.,30.108312,40.3950722,40.3827947,30.099729,40.4061129,30.1170623
11302237001,2237,13,1,حي العزيزية,Al Aziziyah Dist.,29.9481394,40.1862532,40.1796901,29.941783,40.1956629,29.9538558
11302237002,2237,13,2,حي الشعلة,Ash Shulah Dist.,29.8091524,40.1457325,40.1174625,29.7798454,40.1625321,29.8294726
11302237003,2237,13,3,حي الهدا,Al Hada Dist.,29.9633743,40.1609505,40.1402212,29.9445751,40.1756866,29.9879489
11302237004,2237,13,4,حي الاندلس,Al Andalus Dist.,29.9734723,40.2779394,40.2732437,29.9641927,40.2898783,29.9874833
11302237005,2237,13,5,حي الرحمانية,Ar Rahmaniyah Dist.,29.9556019,40.2035899,40.1956629,29.9483223,40.2133493,29.9584765
11302237006,2237,13,6,حي البديعة,Al Badiah Dist.,29.9885092,40.2063675,40.1983222,29.9853158,40.2100504,29.9941773
11302237007,2237,13,7,حي الصالحية,As Salhiyah Dist.,29.8848155,40.2243555,40.2104583,29.8762265,40.2299395,29.9020438
11302237008,2237,13,8,حي الزهور,Az Zuhur Dist.,29.9264609,40.1976833,40.1875643,29.9139009,40.2131393,29.9400687
11302237009,2237,13,9,حي الرواد,Ruwad Dist.,30.0742665,40.2277432,40.2107939,30.0519056,40.2345926,30.084525
11302237010,2237,13,10,حي المنار,Al Manar Dist.,29.8799381,40.1902455,40.1602359,29.8669056,40.1962107,29.9035033
11302237011,2237,13,11,حي النور,An Nur Dist.,29.902935,40.2225543,40.2085898,29.89207,40.2446211,29.9138699
11302237012,2237,13,12,حي النخيل,Al Nakhil Dist.,29.8723214,40.2240838,40.2119413,29.8546868,40.2308573,29.8775342
11302237013,2237,13,13,حي الزهراء,Az Zahra Dist.,29.9907265,40.2325124,40.220365,29.9803057,40.2452476,30.0157241
11302237014,2237,13,14,حي السليمانية,As Sulaymaniyah Dist.,29.9725489,40.1849876,40.1712113,29.9659039,40.1907303,29.9837648
11302237015,2237,13,15,حي الروضة,Ar Rawdah Dist.,29.9403642,40.185395,40.1701323,29.928584,40.1933049,29.950812
11302237016,2237,13,16,حي الندى,An Nada Dist.,29.82251,40.1742729,40.1575176,29.8010521,40.1917996,29.834639
11302237017,2237,13,17,حي الحزم,Al Hazm Dist.,30.0730394,40.2400623,40.2300626,30.0599168,40.2505671,30.0829505
11302237018,2237,13,18,حي الغدير,Al Ghadir Dist.,29.7885756,40.0061714,39.9839992,29.7683944,40.0287022,29.7960058
11302237019,2237,13,19,حي الزيتون,Az Zaytun Dist.,29.9683582,40.2640838,40.252109,29.9444553,40.287902,29.9781521
11302237020,2237,13,20,حي المروج,Al Muruj Dist.,29.980016,40.2356874,40.222621,29.9685281,40.2533454,29.9841647
11302237021,2237,13,21,حي الازدهار,Al Izdihar Dist.,29.9360528,40.2235114,40.2152409,29.9261364,40.2336827,29.9463228
11302237022,2237,13,22,حي الجوهرة,Al Jawharah Dist.,29.836626,40.1710901,40.1428384,29.828856,40.1921333,29.8514265
11302237023,2237,13,23,حي الصناعية,As Sinaiyah Dist.,29.9723213,40.2187742,40.2151148,29.9654413,40.2227142,29.9805638
11302237024,2237,13,24,حي المجد,Al Majd Dist.,29.9340232,40.2140247,40.2063553,29.9278226,40.2182847,29.9483223
11302237025,2237,13,25,حي الريان,Ar Rayaan Dist.,30.0112895,40.1934468,40.1800734,30.0008592,40.2064151,30.0196839
11302237026,2237,13,26,حي الربيع,Ar Rabie Dist.,30.0527684,40.23239,40.2216174,30.0385577,40.2447974,30.0619076
11302237027,2237,13,27,حي النهضة,An Nahdah Dist.,29.8504047,40.2052168,40.1912302,29.8332034,40.2210912,29.8586965
11302237028,2237,13,28,حي أحد,Ahad Dist.,29.9591224,40.1914445,40.1802395,29.9524444,40.2050115,29.9666389
11302237029,2237,13,29,حي الفرسان,Al Fursan Dist.,29.9123579,40.1813901,40.1650571,29.8965043,40.1953285,29.9208314
11302237030,2237,13,30,حي الرسالة,Al Risalah Dist.,29.8846189,40.2306522,40.222206,29.8717689,40.256907,29.900786
11302237031,2237,13,31,حي العروبة,Al Urubah Dist.,29.9984637,40.2056214,40.1954148,29.9959878,40.2143909,30.0109993
11302237032,2237,13,32,حي الشفاء,Ash Shifa Dist.,29.9702424,40.191766,40.1883278,29.9626539,40.203564,29.9731262
11302237033,2237,13,33,حي الشروق,Ash Shrouk Dist.,30.0087824,40.294664,40.2735275,29.9861415,40.3162633,30.0151541
11302237034,2237,13,34,حي الرحاب,Al Rehab Dist.,29.8662339,40.2327009,40.2178292,29.8505383,40.2442094,29.8766384
11302237035,2237,13,35,حي النزهة,An Nuzhah Dist.,29.9660397,40.2413477,40.2226602,29.9543521,40.2533454,29.9758298
11302237036,2237,13,36,حي الفاروق,Al Farouk Dist.,29.9872963,40.1891599,40.1780924,29.9772553,40.1983222,29.9943827
11302237037,2237,13,37,حي الياسمين,Al Yasmin Dist.,29.8314367,40.1830875,40.1762845,29.8235647,40.205866,29.8450945
11302237038,2237,13,38,حي الطوير,At Tuwair Dist.,29.9125164,40.1967643,40.1797158,29.8993959,40.2097448,29.9285807
11302237039,2237,13,39,حي سلطانة,Sultanah Dist.,29.9803784,40.2614605,40.2510693,29.9717879,40.2738355,29.9844543
11302237040,2237,13,40,حي السنابل,As Sanabel Dist.,29.9146652,40.1643485,40.1515037,29.9005907,40.1775766,29.930612
11302237041,2237,13,41,حي الضاحية,Ad Dahiah Dist.,29.8155404,40.0976683,40.0233693,29.7753844,40.1447385,29.8371721
11302237042,2237,13,42,حي الشعيب,Ash Shuaib Dist.,29.9947585,40.2144284,40.2088313,29.9803178,40.2225055,30.0156555
11302237043,2237,13,43,حي الواحة,Al Wahah Dist.,29.9917108,40.2568379,40.2393936,29.9825923,40.2882119,30.0066094
11302237044,2237,13,44,حي الفيصلية,Al Faisaliyah Dist.,29.927845,40.185636,40.1741894,29.9201006,40.1907635,29.9326384
11302237045,2237,13,45,حي المعاقلة,Al Muaqilah Dist.,29.9815233,40.1997855,40.1893995,29.9713941,40.2098683,29.9896639
11302237046,2237,13,46,حي المطر,Al Matr Dist.,29.9757484,40.2080103,40.2022946,29.9726556,40.2155554,29.9807092
11302237047,2237,13,47,حي الصديق,As Sediq Dist.,29.9225492,40.2121808,40.2058881,29.9066456,40.2238268,29.932254
11302237048,2237,13,48,حي البستان,Al Bustan Dist.,29.9234972,40.2363265,40.2191004,29.9091832,40.2479484,29.9296405
11302237049,2237,13,49,حي الخليج,Al Khalij Dist.,29.8845311,40.200256,40.1905833,29.8627937,40.2112318,29.9019854
11302237050,2237,13,50,حي الفتح,Al Fath Dist.,30.0240872,40.2136439,40.2029939,30.0051018,40.2218233,30.0415311
11302237051,2237,13,51,حي الورود,Al Wurud Dist.,29.8596968,40.2028826,40.1715277,29.8458972,40.2198121,29.8777685
11302237052,2237,13,52,حي السلام,As Salam Dist.,29.890104,40.2111031,40.2012261,29.8737884,40.2202516,29.9033791
11302237053,2237,13,53,حي السوق,As Suq Dist.,29.9868823,40.2108674,40.2065276,29.9805638,40.2155754,29.9941773
11302237054,2237,13,54,حي الشلهوب,Ash Shalhub Dist.,29.9682421,40.2087637,40.2023056,29.9585017,40.2155311,29.9751837
11302237055,2237,13,55,حي المحمدية,Al Muhammadiyah Dist.,29.9450863,40.1947115,40.1912717,29.9351349,40.2110369,29.9524444
11302237056,2237,13,56,حي الزعفران,Al Zaafran Dist.,29.9962867,40.1824578,40.1677973,29.982495,40.1877988,30.0057682
11302237057,2237,13,57,حي النفل,An Naql Dist.,30.0309856,40.2265518,40.2192874,30.0156525,40.2412768,30.0399434
11302237058,2237,13,58,حي الربوة,Ar Rabwah Dist.,29.9615286,40.1737562,40.1638001,29.9461459,40.1851981,29.9739774
11302237059,2237,13,59,حي اليرموك,Al Yarmuk Dist.,30.0156311,40.2534622,40.2412126,30.0031221,40.2703887,30.0266219
11302237060,2237,13,60,حي الصفاء,Al Safa Dist.,29.9594317,40.2156853,40.2049687,29.9516913,40.2252802,29.9666485
11302237061,2237,13,61,حي الكوثر,Al Kawthar Dist.,30.0470008,40.213994,40.1927592,30.039999,40.2246964,30.0673645
11302237062,2237,13,62,حي الضلع,Al Dil Dist.,29.997022,40.1963414,40.1866047,29.9896639,40.2090205,30.0035393
11302237063,2237,13,63,حي بدر,Badr Dist.,29.9521782,40.2198107,40.2110369,29.9437354,40.2278967,29.9549783
11302237064,2237,13,64,حي التلال,At Talal Dist.,29.9356395,40.1641671,40.1489351,29.9268471,40.1762331,29.9476742
11302237065,2237,13,65,حي الياقوت,Al Yaqoot Dist.,30.0552827,40.1393459,40.132925,30.0497125,40.1434007,30.0579267
11302237066,2237,13,66,حي السنبلة,As Sunbulah Dist.,30.0497964,40.1456779,40.1439523,30.0479473,40.1476082,30.0517268
11302237067,2237,13,67,حي المرجان,Al Murjan Dist.,29.9849703,40.1251521,40.1221323,29.9821894,40.1271958,29.9867223
11302237068,2237,13,68,حي الظلال,Adh Dhilal Dist.,29.9908847,40.1356355,40.1333596,29.9894009,40.1387518,29.9936116
11302237069,2237,13,69,حي اليمام,Al Yamam Dist.,29.9727631,40.1148999,40.1127628,29.9714462,40.1167592,29.9743353
11302237070,2237,13,70,حي اجياد,Ajyad Dist.,29.893145,40.1473969,40.1423792,29.8907845,40.150622,29.895911
11302237071,2237,13,71,حي الروابي,Ar Rawabi Dist.,29.7646813,40.1940315,40.1538129,29.7462212,40.2169322,29.7758182
11302237072,2237,13,72,حي الرابية,Ar Rabiyah Dist.,29.7703467,40.2198451,40.2119465,29.7613663,40.2383106,29.7803012
11302240001,2240,13,1,حي الزيتون,Al Zaytun Dist.,30.4795271,38.2115124,38.1996028,30.4743092,38.2190517,30.4929164
11302240002,2240,13,2,حي العزيزية,Al Aziziyah Dist.,30.4948878,38.2216255,38.2135836,30.4893936,38.2271352,30.5020021
11302240003,2240,13,3,حي الخالدية,Al Khalidiyah Dist.,30.5006574,38.2106132,38.2058416,30.4929164,38.2223398,30.5075323
11302240004,2240,13,4,حي الرحمانية,Ar Rahmaniyah Dist.,30.5019841,38.2012345,38.1967295,30.4972674,38.2085058,30.5036911
11302240005,2240,13,5,حي الخزامى,Al Khuzama Dist.,30.5210439,38.1818197,38.1433278,30.5029658,38.2109122,30.5521582
11302240006,2240,13,6,حي حدرج,Hadraj Dist.,30.5168422,38.2044208,38.1966668,30.5070097,38.2158397,30.5218478
11302240007,2240,13,7,حي الربيع,Ar Rabie Dist.,30.4857186,38.2253256,38.2169921,30.4792441,38.2331987,30.4952503
11302240008,2240,13,8,حي النسيم,Al Naseem Dist.,30.490749,38.2415315,38.2308945,30.481115,38.2499303,30.4966666
11302240009,2240,13,9,حي البستان,Al Bustan Dist.,30.5043943,38.2432247,38.2300343,30.4929771,38.2695277,30.5205006
11302240010,2240,13,10,حي الصفا,Al Safa Dist.,30.5088311,38.2376076,38.2234304,30.5016673,38.2474255,30.5242301
11302240011,2240,13,11,حي الاندلس,Al Andalus Dist.,30.4975876,38.2327982,38.2212351,30.4889124,38.2398916,30.5046085
11302240012,2240,13,12,حي المروج,Al Muruj Dist.,30.4744701,38.2248916,38.2100663,30.462836,38.2404183,30.4871241
11302240013,2240,13,13,حي النفل,Al Nafl Dist.,30.468908,38.1577291,38.150997,30.4611483,38.1660447,30.4736617
11302240014,2240,13,14,حي النخيل,Al Nakhil Dist.,30.4786652,38.1770655,38.1622688,30.4689675,38.1893614,30.4863133
11302240015,2240,13,15,حي الحزم,Al Hazm Dist.,30.4384025,38.2507563,38.2475344,30.4303566,38.2548969,30.4495955
11302240016,2240,13,16,حي الواحة,Al Wahah Dist.,30.5208566,38.2542099,38.2492227,30.51731,38.2571087,30.522354
11302240017,2240,13,17,حي السلام,Al Salam Dist.,30.5338239,38.2269239,38.2251798,30.5299341,38.2324643,30.5401684
11302240018,2240,13,18,حي الشفاء,Al Shifa Dist.,30.493458,38.2686199,38.2474507,30.4799243,38.2814832,30.5102762
11302240019,2240,13,19,حي الورود,Al Wurud Dist.,30.498693,38.1937272,38.1881215,30.4899151,38.2004216,30.5040218
11302240020,2240,13,20,حي المروة,Al Marwah Dist.,30.522622,38.2235181,38.2106398,30.5033148,38.240641,30.5314295
11302240021,2240,13,21,حي السمح,Al Samh Dist.,30.4962107,38.187442,38.1738458,30.4768576,38.1996399,30.5089847
11302240022,2240,13,22,حي النزهة,Al Nuzhah Dist.,30.4858965,38.1623452,38.1406602,30.4657485,38.1831849,30.5007178
11302240023,2240,13,23,حي الصالحية,As Salhiyah Dist.,30.4965624,38.2049624,38.1986105,30.4918567,38.209803,30.4998738
11302240024,2240,13,24,حي الروابي,Al Rawabi Dist.,30.5073932,38.1680196,38.1326617,30.4863979,38.1860857,30.5482352
11302240025,2240,13,25,حي الربوة,Ar Rabwah Dist.,30.527289,38.2044044,38.1737708,30.516612,38.2281155,30.5377317
11302240026,2240,13,26,حي العروبة,Al Urubah Dist.,30.4894459,38.1999959,38.1924925,30.4836785,38.2135836,30.4939529
11302240027,2240,13,27,حي المنتزة,Al Montazah Dist.,30.4784635,38.2628776,38.2404183,30.4638471,38.2843583,30.4905738
11302240028,2240,13,28,حي الرحاب,Al Rehab Dist.,30.4638222,38.2444417,38.2300187,30.4488909,38.2576594,30.481115
11302268001,2268,13,1,حي الغروب,Al Ghurub Dist.,29.7935265,39.981069,39.9197159,29.755246,40.0034077,29.8104167
11302268002,2268,13,2,حي التحكيم,At Tahkim Dist.,29.8129903,39.872864,39.8636317,29.8020798,39.882165,29.8272543
11302268003,2268,13,3,حي غرب دومة الجندل,West Dawmat Al Jandal Dist.,29.8182253,39.8434399,39.8277261,29.7945783,39.8508035,29.8294329
11302268004,2268,13,4,حي الغربي,Al Gharbi Dist.,29.8216184,39.8572496,39.8424792,29.8122029,39.8707166,29.8332795
11302268005,2268,13,5,حي الوادي,Al Wadi Dist.,29.8335323,39.882914,39.8728797,29.8249722,39.8907785,29.8413268
11302268006,2268,13,6,حي البحيرات,Al Buhayrat Dist.,29.8331673,39.8744939,39.8613344,29.8257992,39.8812071,29.8465509
11302268007,2268,13,7,حي الربوة,Ar Rabwah Dist.,29.8276118,39.870034,39.8593418,29.8186123,39.8752325,29.8335828
11302268008,2268,13,8,حي الملك فهد,King Fahd Dist.,29.8081369,39.846568,39.8422034,29.7964161,39.8506558,29.8157536
11302268009,2268,13,9,حي خذماء,Khazma Dist.,29.8005366,39.8801321,39.8676694,29.7892758,39.8903769,29.8099292
11302268010,2268,13,10,حي العزيزية,Al Aziziyah Dist.,29.8017787,39.8621902,39.8492149,29.7969423,39.8685853,29.8067048
11302268011,2268,13,11,حي الفيصلية,Al Faisaliyah Dist.,29.8098253,39.8590924,39.8487328,29.8027211,39.8673231,29.8156322
11302268012,2268,13,12,حي سيل الدلهمية,Sayl Al Dalhimiyah Dist.,29.7928428,39.8578509,39.831604,29.7885507,39.8734982,29.7998605
11302268013,2268,13,13,حي الملك عبدالعزيز,King Abdulaziz Dist.,29.7513457,39.9036388,39.8921051,29.7385666,39.9188732,29.7619548
11302268014,2268,13,14,حي اليمامة,Al Yamamah Dist.,29.7359406,39.897782,39.8875536,29.7264525,39.9027142,29.7410913
11302268015,2268,13,15,حي الخالدية,Al Khalidiyah Dist.,29.7788003,39.8363705,39.8253328,29.7704215,39.8455862,29.7913879
11302268016,2268,13,16,حي المروج,Al Muruj Dist.,29.7670159,39.9013401,39.8866378,29.7563807,39.9247372,29.7758652
11302268017,2268,13,17,حي الصفاه الاول,Al Safat 1 Dist.,29.8332856,39.8595924,39.8507885,29.8254558,39.8678801,29.8411175
11302268018,2268,13,18,حي أصفان,Asfan Dist.,29.6677891,39.6706561,39.6619009,29.6608879,39.6762226,29.6737287
11302268021,2268,13,21,حي الرديفة والرافعية,Ar Radifah Wal Rafeiyah Dist.,29.8063447,39.6742425,39.6681629,29.798838,39.6958788,29.8121512
11302268022,2268,13,22,حي الدانة,Ad Danah Dist.,29.8198103,39.7567886,39.7516705,29.806743,39.7649751,29.8327882
11302268023,2268,13,23,حي التلال,At Talal Dist.,29.7692678,39.8869955,39.8804651,29.7589165,39.9025298,29.7762562
11302268024,2268,13,24,حي البوداي,Al Bawadi Dist.,29.7676974,39.8321628,39.8172731,29.7595616,39.8415021,29.7778552
11302268025,2268,13,25,حي الصناعي,Industrial Dist.,29.7857721,39.8190056,39.8081429,29.7742597,39.831604,29.7984644
11302268026,2268,13,26,حي النزهة,An Nuzhah Dist.,29.7983466,39.8209829,39.8119525,29.7913879,39.8329514,29.8032788
11302268027,2268,13,27,حي الشفاء,Ash Shifa Dist.,29.8227023,39.8321699,39.813649,29.7962439,39.8424792,29.8332431
11302268028,2268,13,28,حي الغدير,Al Ghadir Dist.,29.8365789,39.8394855,39.8246364,29.8294329,39.8532595,29.8524816
11302268029,2268,13,29,حي الجوهرة,Al Jawharah Dist.,29.8578731,39.8370847,39.8267554,29.8451161,39.8463049,29.8684495
11302268030,2268,13,30,حي الصفاه الثاني,Al Safat 2 Dist.,29.846647,39.8556814,39.8459867,29.8400868,39.8662622,29.8535713
11302268031,2268,13,31,حي المصيف,Al Masif Dist.,29.7831825,39.8865541,39.8738607,29.7709887,39.896739,29.7919922
11302270001,2270,13,1,حي الملك فهد,King Fahd Dist.,29.8077077,39.6007967,39.5862571,29.7909669,39.6128578,29.8204988
11302270002,2270,13,2,حي السلام,As Salam Dist.,29.8282595,39.5703914,39.5674645,29.8244403,39.5791925,29.8361533
